              ip-1797  [001] .L.1.    26.580191: funcgraph_entry:                   |  inet6addr_event() {
              ip-1797  [001] .L.1.    26.580192: funcgraph_entry:                   |    addr_event.isra.0() {
              ip-1797  [001] .L.1.    26.580192: funcgraph_entry:        0.610 us   |      __kmalloc_cache_noprof(); (ret=0xffff8c6fccd9c000)
              ip-1797  [001] .L.1.    26.580193: funcgraph_entry:                   |      queue_work_on() {
              ip-1797  [001] dL.1.    26.580193: funcgraph_entry:        0.210 us   |        clear_pending_if_disabled(); (ret=0x0)
              ip-1797  [001] dL.1.    26.580194: funcgraph_entry:                   |        __queue_work() {
              ip-1797  [001] dL.1.    26.580194: funcgraph_entry:        0.210 us   |          __rcu_read_lock(); (ret=0x0)
              ip-1797  [001] dL.1.    26.580195: funcgraph_entry:        0.300 us   |          _raw_spin_lock(); (ret=0x0)
              ip-1797  [001] dL.2.    26.580196: funcgraph_entry:        0.300 us   |          pwq_tryinc_nr_active(); (ret=0x1)
              ip-1797  [001] dL.2.    26.580196: funcgraph_entry:        0.540 us   |          kick_pool_pick(); (ret=0x1)
              ip-1797  [001] dL.2.    26.580197: funcgraph_entry:        0.230 us   |          _raw_spin_unlock(); (ret=0x0)
              ip-1797  [001] dL.1.    26.580197: funcgraph_entry:                   |          wake_up_process() {
              ip-1797  [001] dL.1.    26.580198: funcgraph_entry:                   |            try_to_wake_up() {
              ip-1797  [001] dL.2.    26.580198: funcgraph_entry:        0.290 us   |              _raw_spin_lock_irqsave(); (ret=0x82)
              ip-1797  [001] dL.3.    26.580199: funcgraph_entry:                   |              select_task_rq_fair() {
              ip-1797  [001] dL.3.    26.580199: funcgraph_entry:        0.230 us   |                choose_idle_cpu(); (ret=0x0)
              ip-1797  [001] dL.3.    26.580199: funcgraph_exit:         0.760 us   |              } (ret=0x1)
              ip-1797  [001] dL.3.    26.580200: funcgraph_entry:        0.390 us   |              kthread_is_per_cpu(); (ret=0x0)
              ip-1797  [001] dL.3.    26.580200: funcgraph_entry:                   |              ttwu_queue_wakelist() {
              ip-1797  [001] dL.3.    26.580201: funcgraph_entry:        0.210 us   |                scx_allow_ttwu_queue(); (ret=0x1)
              ip-1797  [001] dL.3.    26.580201: funcgraph_exit:         0.690 us   |              } (ret=0x0)
              ip-1797  [001] dL.3.    26.580201: funcgraph_entry:                   |              raw_spin_rq_lock_nested.constprop.0() {
              ip-1797  [001] dL.4.    26.580201: funcgraph_entry:        0.210 us   |                _raw_spin_lock(); (ret=0x0)
              ip-1797  [001] dL.4.    26.580202: funcgraph_exit:         0.660 us   |              } (ret=0x0)
              ip-1797  [001] dL.4.    26.580202: funcgraph_entry:                   |              update_rq_clock() {
              ip-1797  [001] dL.4.    26.580202: funcgraph_entry:        0.210 us   |                arch_scale_cpu_capacity(); (ret=0x400)
              ip-1797  [001] dL.4.    26.580203: funcgraph_exit:         0.720 us   |              } (ret=0x0)
              ip-1797  [001] dL.4.    26.580203: funcgraph_entry:                   |              ttwu_do_activate() {
              ip-1797  [001] dL.4.    26.580203: funcgraph_entry:                   |                enqueue_task() {
              ip-1797  [001] dL.4.    26.580204: funcgraph_entry:                   |                  enqueue_task_fair() {
              ip-1797  [001] dL.4.    26.580204: funcgraph_entry:                   |                    update_curr() {
              ip-1797  [001] dL.4.    26.580204: funcgraph_entry:                   |                      update_se() {
              ip-1797  [001] dL.4.    26.580204: funcgraph_entry:        0.240 us   |                        cpuacct_charge(); (ret=0x0)
              ip-1797  [001] dL.4.    26.580205: funcgraph_entry:                   |                        __cgroup_account_cputime() {
              ip-1797  [001] dL.5.    26.580205: funcgraph_entry:        0.220 us   |                          __css_rstat_updated(); (ret=0x0)
              ip-1797  [001] dL.4.    26.580206: funcgraph_exit:         0.690 us   |                        } (ret=0x0)
              ip-1797  [001] dL.4.    26.580206: funcgraph_exit:         1.660 us   |                      } (ret=0x18c90)
              ip-1797  [001] dL.4.    26.580206: funcgraph_entry:                   |                      dl_server_update() {
              ip-1797  [001] dL.4.    26.580206: funcgraph_entry:        0.220 us   |                        update_curr_dl_se(); (ret=0x0)
              ip-1797  [001] dL.4.    26.580207: funcgraph_exit:         0.680 us   |                      } (ret=0x0)
              ip-1797  [001] dL.4.    26.580207: funcgraph_entry:                   |                      resched_curr_lazy() {
              ip-1797  [001] dL.4.    26.580207: funcgraph_entry:        0.210 us   |                        __resched_curr(); (ret=0x0)
              ip-1797  [001] dL.4.    26.580208: funcgraph_exit:         0.670 us   |                      } (ret=0x0)
              ip-1797  [001] dL.4.    26.580208: funcgraph_exit:         3.980 us   |                    } (ret=0x0)
              ip-1797  [001] dL.4.    26.580208: funcgraph_entry:                   |                    update_curr() {
              ip-1797  [001] dL.4.    26.580208: funcgraph_entry:        0.220 us   |                      update_se(); (ret=0x18c90)
              ip-1797  [001] dL.4.    26.580209: funcgraph_exit:         0.680 us   |                    } (ret=0x0)
              ip-1797  [001] dL.4.    26.580209: funcgraph_entry:        0.310 us   |                    __update_load_avg_se(); (ret=0x1)
              ip-1797  [001] dL.4.    26.580210: funcgraph_entry:        0.230 us   |                    __update_load_avg_cfs_rq(); (ret=0x0)
              ip-1797  [001] dL.4.    26.580210: funcgraph_entry:        0.300 us   |                    account_llc_enqueue(); (ret=0x0)
              ip-1797  [001] dL.4.    26.580211: funcgraph_entry:        0.220 us   |                    reweight_eevdf(); (ret=0x0)
              ip-1797  [001] dL.4.    26.580211: funcgraph_entry:                   |                    place_entity() {
              ip-1797  [001] dL.4.    26.580212: funcgraph_entry:        0.210 us   |                      avg_vruntime(); (ret=0x278e7d732)
              ip-1797  [001] dL.4.    26.580212: funcgraph_exit:         0.690 us   |                    } (ret=0x0)
              ip-1797  [001] dL.4.    26.580212: funcgraph_entry:        0.290 us   |                    __enqueue_entity(); (ret=0x0)
              ip-1797  [001] dL.4.    26.580213: funcgraph_entry:        0.220 us   |                    hrtimer_active(); (ret=0x1)
              ip-1797  [001] dL.4.    26.580213: funcgraph_exit:         9.620 us   |                  } (ret=0x0)
              ip-1797  [001] dL.4.    26.580214: funcgraph_entry:                   |                  psi_task_change() {
              ip-1797  [001] dL.4.    26.580214: funcgraph_entry:        0.270 us   |                    psi_flags_change(); (ret=0x0)
              ip-1797  [001] dL.4.    26.580214: funcgraph_entry:                   |                    psi_group_change() {
              ip-1797  [001] dL.4.    26.580215: funcgraph_entry:        0.220 us   |                      record_times(); (ret=0x0)
              ip-1797  [001] dL.4.    26.580215: funcgraph_exit:         0.710 us   |                    } (ret=0x0)
              ip-1797  [001] dL.4.    26.580215: funcgraph_exit:         1.830 us   |                  } (ret=0x0)
              ip-1797  [001] dL.4.    26.580216: funcgraph_exit:       + 12.230 us  |                } (ret=0x0)
              ip-1797  [001] dL.4.    26.580216: funcgraph_entry:                   |                wakeup_preempt() {
              ip-1797  [001] dL.4.    26.580216: funcgraph_entry:                   |                  wakeup_preempt_fair() {
              ip-1797  [001] dL.4.    26.580216: funcgraph_entry:                   |                    update_curr() {
              ip-1797  [001] dL.4.    26.580217: funcgraph_entry:        0.210 us   |                      update_se(); (ret=0x0)
              ip-1797  [001] dL.4.    26.580217: funcgraph_exit:         0.670 us   |                    } (ret=0x0)
              ip-1797  [001] dL.4.    26.580217: funcgraph_entry:                   |                    update_curr() {
              ip-1797  [001] dL.4.    26.580218: funcgraph_entry:        0.210 us   |                      update_se(); (ret=0x18c90)
              ip-1797  [001] dL.4.    26.580218: funcgraph_exit:         0.680 us   |                    } (ret=0x0)
              ip-1797  [001] dL.4.    26.580218: funcgraph_entry:                   |                    update_curr() {
              ip-1797  [001] dL.4.    26.580218: funcgraph_entry:        0.210 us   |                      update_se(); (ret=0x18c90)
              ip-1797  [001] dL.4.    26.580219: funcgraph_exit:         0.670 us   |                    } (ret=0x0)
              ip-1797  [001] dL.6.    26.580220: funcgraph_entry:        0.260 us   |                      housekeeping_any_cpu(); (ret=0x1)
              ip-1797  [001] dL.7.    26.580220: funcgraph_entry:                   |                      arch_irq_work_raise() {
              ip-1797  [001] dL.7.    26.580220: funcgraph_entry:        2.520 us   |                        x2apic_send_IPI_self(); (ret=0x0)
              ip-1797  [001] dL.7.    26.580223: funcgraph_exit:         3.100 us   |                      } (ret=0x0)
              ip-1797  [001] dL.4.    26.580224: funcgraph_entry:                   |                    update_curr() {
              ip-1797  [001] dL.4.    26.580224: funcgraph_entry:        0.230 us   |                      update_se(); (ret=0x0)
              ip-1797  [001] dL.4.    26.580224: funcgraph_exit:         0.720 us   |                    } (ret=0x0)
              ip-1797  [001] dL.4.    26.580225: funcgraph_entry:                   |                    pick_eevdf() {
              ip-1797  [001] dL.4.    26.580225: funcgraph_entry:        0.210 us   |                      vruntime_eligible(); (ret=0x0)
              ip-1797  [001] dL.4.    26.580225: funcgraph_entry:        0.210 us   |                      vruntime_eligible(); (ret=0x1)
              ip-1797  [001] dL.4.    26.580226: funcgraph_exit:         1.150 us   |                    } (ret=0xffff8c6fd178abc0)
              ip-1797  [001] dL.4.    26.580226: funcgraph_entry:        0.220 us   |                    avg_vruntime(); (ret=0x278e7d0b9)
              ip-1797  [001] dL.4.    26.580226: funcgraph_exit:       + 10.200 us  |                  } (ret=0x0)
              ip-1797  [001] dL.4.    26.580227: funcgraph_exit:       + 10.670 us  |                } (ret=0x0)
              ip-1797  [001] dL.4.    26.580234: funcgraph_exit:       + 31.170 us  |              } (ret=0x0)
              ip-1797  [001] dL.4.    26.580235: funcgraph_entry:        0.260 us   |              _raw_spin_unlock(); (ret=0x0)
              ip-1797  [001] dL.3.    26.580235: funcgraph_entry:        0.230 us   |              _raw_spin_unlock_irqrestore(); (ret=0x0)
              ip-1797  [001] dL.1.    26.580236: funcgraph_exit:       + 37.890 us  |            } (ret=0x1)
              ip-1797  [001] dL.1.    26.580236: funcgraph_exit:       + 38.350 us  |          } (ret=0x1)
              ip-1797  [001] dL.1.    26.580236: funcgraph_entry:        0.220 us   |          __rcu_read_unlock(); (ret=0x0)
              ip-1797  [001] dL.1.    26.580237: funcgraph_exit:       + 42.560 us  |        } (ret=0x0)
              ip-1797  [001] dL.1.    26.580238: funcgraph_entry:        0.260 us   |        irq_enter_rcu(); (ret=0x0)
              ip-1797  [001] dLh1.    26.580239: funcgraph_entry:                   |        __sysvec_irq_work() {
              ip-1797  [001] dLh1.    26.580239: funcgraph_entry:                   |          __wake_up() {
              ip-1797  [001] dLh1.    26.580240: funcgraph_entry:        0.210 us   |            _raw_spin_lock_irqsave(); (ret=0x86)
              ip-1797  [001] dLh2.    26.580240: funcgraph_entry:        0.220 us   |            __wake_up_common(); (ret=0x0)
              ip-1797  [001] dLh2.    26.580241: funcgraph_entry:        0.220 us   |            _raw_spin_unlock_irqrestore(); (ret=0x0)
              ip-1797  [001] dLh1.    26.580241: funcgraph_exit:         1.610 us   |          } (ret=0x0)
              ip-1797  [001] dLh1.    26.580241: funcgraph_entry:        0.220 us   |          _raw_spin_lock(); (ret=0x0)
              ip-1797  [001] dLh2.    26.580242: funcgraph_entry:        0.220 us   |          _raw_spin_unlock(); (ret=0x0)
              ip-1797  [001] dLh1.    26.580242: funcgraph_entry:                   |          __wake_up() {
              ip-1797  [001] dLh1.    26.580242: funcgraph_entry:        0.210 us   |            _raw_spin_lock_irqsave(); (ret=0x86)
              ip-1797  [001] dLh2.    26.580243: funcgraph_entry:                   |            __wake_up_common() {
              ip-1797  [001] dLh2.    26.580243: funcgraph_entry:                   |              pollwake() {
              ip-1797  [001] dLh2.    26.580244: funcgraph_entry:                   |                default_wake_function() {
              ip-1797  [001] dLh2.    26.580244: funcgraph_entry:                   |                  try_to_wake_up() {
              ip-1797  [001] dLh3.    26.580244: funcgraph_entry:        0.310 us   |                    _raw_spin_lock_irqsave(); (ret=0x96)
              ip-1797  [001] dLh4.    26.580245: funcgraph_entry:                   |                    select_task_rq_fair() {
              ip-1797  [001] dLh4.    26.580245: funcgraph_entry:        0.220 us   |                      choose_idle_cpu(); (ret=0x0)
              ip-1797  [001] dLh4.    26.580246: funcgraph_entry:        0.220 us   |                      cpus_share_cache(); (ret=0xffff8c70a11f0000)
              ip-1797  [001] dLh4.    26.580246: funcgraph_exit:         1.230 us   |                    } (ret=0x0)
              ip-1797  [001] dLh4.    26.580246: funcgraph_entry:                   |                    ttwu_queue_wakelist() {
              ip-1797  [001] dLh4.    26.580247: funcgraph_entry:        0.200 us   |                      scx_allow_ttwu_queue(); (ret=0x1)
              ip-1797  [001] dLh4.    26.580247: funcgraph_entry:                   |                      __smp_call_single_queue() {
              ip-1797  [001] dLh4.    26.580247: funcgraph_entry:        0.210 us   |                        call_function_single_prep_ipi(); (ret=0x1)
              ip-1797  [001] dLh4.    26.580248: funcgraph_entry:                   |                        native_send_call_func_single_ipi() {
              ip-1797  [001] dLh4.    26.580248: funcgraph_entry:        1.250 us   |                          x2apic_send_IPI(); (ret=0x0)
              ip-1797  [001] dLh4.    26.580250: funcgraph_exit:         1.760 us   |                        } (ret=0x0)
              ip-1797  [001] dLh4.    26.580250: funcgraph_exit:         2.740 us   |                      } (ret=0x0)
              ip-1797  [001] dLh4.    26.580250: funcgraph_exit:         3.710 us   |                    } (ret=0x1)
              ip-1797  [001] dLh4.    26.580250: funcgraph_entry:        0.240 us   |                    _raw_spin_unlock_irqrestore(); (ret=0x0)
              ip-1797  [001] dLh2.    26.580251: funcgraph_exit:         6.780 us   |                  } (ret=0x1)
              ip-1797  [001] dLh2.    26.580251: funcgraph_exit:         7.240 us   |                } (ret=0x1)
              ip-1797  [001] dLh2.    26.580251: funcgraph_exit:         7.770 us   |              } (ret=0x1)
              ip-1797  [001] dLh2.    26.580251: funcgraph_exit:         8.550 us   |            } (ret=0x0)
              ip-1797  [001] dLh2.    26.580252: funcgraph_entry:        0.220 us   |            _raw_spin_unlock_irqrestore(); (ret=0x0)
              ip-1797  [001] dLh1.    26.580252: funcgraph_exit:         9.930 us   |          } (ret=0x0)
              ip-1797  [001] dLh1.    26.580252: funcgraph_exit:       + 13.410 us  |        } (ret=0x0)
              ip-1797  [001] dLh1.    26.580253: funcgraph_entry:                   |        irq_exit_rcu() {
              ip-1797  [001] dL.1.    26.580253: funcgraph_entry:        0.210 us   |          sched_core_idle_cpu(); (ret=0x0)
              ip-1797  [001] dL.1.    26.580253: funcgraph_exit:         0.680 us   |        } (ret=0x0)
              ip-1797  [001] dL.1.    26.580254: funcgraph_entry:        0.220 us   |        raw_irqentry_exit_cond_resched(); (ret=0x0)
              ip-1797  [001] .L.1.    26.580254: funcgraph_exit:       + 60.910 us  |      } (ret=0x1)
              ip-1797  [001] .L.1.    26.580254: funcgraph_exit:       + 62.460 us  |    } (ret=0x0)
              ip-1797  [001] .L.1.    26.580255: funcgraph_exit:       + 69.460 us  |  } (ret=0x0)
    kworker/u8:1-85    [001] ...1.    26.580506: funcgraph_entry:                   |  update_gid_event_work_handler() {
    kworker/u8:1-85    [001] ...1.    26.580506: funcgraph_entry:                   |    ib_enum_all_roce_netdevs() {
    kworker/u8:1-85    [001] ...1.    26.580507: funcgraph_entry:        0.350 us   |      down_read(); (ret=0x0)
    kworker/u8:1-85    [001] ...1.    26.580507: funcgraph_entry:        0.220 us   |      __rcu_read_lock(); (ret=0x0)
    kworker/u8:1-85    [001] ...1.    26.580508: funcgraph_entry:        0.230 us   |      __rcu_read_unlock(); (ret=0x0)
    kworker/u8:1-85    [001] ...1.    26.580509: funcgraph_entry:                   |      ib_enum_roce_netdev() {
    kworker/u8:1-85    [001] ...1.    26.580509: funcgraph_entry:                   |        ib_device_get_netdev() {
    kworker/u8:1-85    [001] ...1.    26.580509: funcgraph_entry:        0.250 us   |          _raw_spin_lock(); (ret=0x0)
    kworker/u8:1-85    [001] ...2.    26.580510: funcgraph_entry:        0.230 us   |          _raw_spin_unlock(); (ret=0x0)
    kworker/u8:1-85    [001] ...1.    26.580510: funcgraph_exit:         1.250 us   |        } (ret=0xffff8c6fc16d4000)
    kworker/u8:1-85    [001] ...1.    26.580511: funcgraph_entry:                   |        is_eth_port_of_netdev_filter() {
    kworker/u8:1-85    [001] ...1.    26.580511: funcgraph_entry:                   |          is_eth_port_of_netdev_filter.part.0() {
    kworker/u8:1-85    [001] ...1.    26.580511: funcgraph_entry:        0.210 us   |            __rcu_read_lock(); (ret=0x0)
    kworker/u8:1-85    [001] ...1.    26.580512: funcgraph_entry:                   |            netdev_has_upper_dev_all_rcu() {
    kworker/u8:1-85    [001] ...1.    26.580512: funcgraph_entry:        0.250 us   |              netdev_walk_all_upper_dev_rcu(); (ret=0x0)
    kworker/u8:1-85    [001] ...1.    26.580513: funcgraph_exit:         0.790 us   |            } (ret=0x0)
    kworker/u8:1-85    [001] ...1.    26.580513: funcgraph_entry:        0.210 us   |            __rcu_read_unlock(); (ret=0x0)
    kworker/u8:1-85    [001] ...1.    26.580513: funcgraph_exit:         2.290 us   |          } (ret=0x1)
    kworker/u8:1-85    [001] ...1.    26.580513: funcgraph_exit:         2.760 us   |        } (ret=0x1)
    kworker/u8:1-85    [001] ...1.    26.580514: funcgraph_entry:                   |        callback_for_addr_gid_device_scan() {
    kworker/u8:1-85    [001] ...1.    26.580514: funcgraph_entry:        0.520 us   |          roce_gid_type_mask_support.part.0(); (ret=0x4)
    kworker/u8:1-85    [001] ...1.    26.580515: funcgraph_entry:                   |          ib_cache_gid_del() {
    kworker/u8:1-85    [001] ...1.    26.580515: funcgraph_entry:                   |            _ib_cache_gid_del() {
    kworker/u8:1-85    [001] ...1.    26.580515: funcgraph_entry:        0.310 us   |              mutex_lock(); (ret=0x0)
    kworker/u8:1-85    [001] ...1.    26.580516: funcgraph_entry:        1.270 us   |              find_gid(); (ret=0xffffffff)
    kworker/u8:1-85    [001] ...1.    26.580518: funcgraph_entry:        0.220 us   |              mutex_unlock(); (ret=0x0)
    kworker/u8:1-85    [001] ...1.    26.580518: funcgraph_entry:                   |              _printk() {
    kworker/u8:1-85    [001] ...1.    26.580519: funcgraph_entry:                   |                vprintk() {
    kworker/u8:1-85    [001] ...1.    26.580519: funcgraph_entry:                   |                  vprintk_default() {
    kworker/u8:1-85    [001] ...1.    26.580519: funcgraph_entry:                   |                    vprintk_emit() {
    kworker/u8:1-85    [001] ...1.    26.580519: funcgraph_entry:        0.210 us   |                      panic_on_other_cpu(); (ret=0x0)
    kworker/u8:1-85    [001] ...1.    26.580520: funcgraph_entry:                   |                      nbcon_get_default_prio() {
    kworker/u8:1-85    [001] ...1.    26.580520: funcgraph_entry:        0.210 us   |                        panic_on_this_cpu(); (ret=0xffffff00)
    kworker/u8:1-85    [001] ...1.    26.580521: funcgraph_entry:                   |                        nbcon_get_cpu_emergency_nesting() {
    kworker/u8:1-85    [001] ...1.    26.580521: funcgraph_entry:        0.210 us   |                          printk_percpu_data_ready(); (ret=0x1)
    kworker/u8:1-85    [001] ...1.    26.580521: funcgraph_exit:         0.680 us   |                        } (ret=0xffff8c703bd1d484)
    kworker/u8:1-85    [001] ...1.    26.580522: funcgraph_exit:         1.630 us   |                      } (ret=0x1)
    kworker/u8:1-85    [001] ...1.    26.580522: funcgraph_entry:                   |                      is_printk_legacy_deferred() {
    kworker/u8:1-85    [001] ...1.    26.580522: funcgraph_entry:        0.210 us   |                        is_printk_cpu_sync_owner(); (ret=0xffffff00)
    kworker/u8:1-85    [001] ...1.    26.580523: funcgraph_exit:         0.680 us   |                      } (ret=0xffffff00)
    kworker/u8:1-85    [001] ...1.    26.580523: funcgraph_entry:        0.220 us   |                      is_printk_force_console(); (ret=0x0)
    kworker/u8:1-85    [001] ...1.    26.580523: funcgraph_entry:                   |                      vprintk_store() {
    kworker/u8:1-85    [001] d..1.    26.580523: funcgraph_entry:        0.260 us   |                        local_clock(); (ret=0x62c8fc4ae)
    kworker/u8:1-85    [001] d..1.    26.580525: funcgraph_entry:        0.270 us   |                        printk_parse_prefix(); (ret=0x2)
    kworker/u8:1-85    [001] d..1.    26.580526: funcgraph_entry:        0.210 us   |                        is_printk_force_console(); (ret=0x0)
    kworker/u8:1-85    [001] d..1.    26.580526: funcgraph_entry:                   |                        prb_reserve() {
    kworker/u8:1-85    [001] d..1.    26.580527: funcgraph_entry:                   |                          data_alloc() {
    kworker/u8:1-85    [001] d..1.    26.580527: funcgraph_entry:        0.220 us   |                            data_push_tail(); (ret=0x1)
    kworker/u8:1-85    [001] d..1.    26.580528: funcgraph_exit:         0.710 us   |                          } (ret=0xffffffff9aac73b0)
    kworker/u8:1-85    [001] d..1.    26.580528: funcgraph_entry:        0.230 us   |                          space_used(); (ret=0x68)
    kworker/u8:1-85    [001] d..1.    26.580528: funcgraph_exit:         1.760 us   |                        } (ret=0xffffc401)
    kworker/u8:1-85    [001] d..1.    26.580528: funcgraph_entry:                   |                        printk_sprint() {
    kworker/u8:1-85    [001] d..1.    26.580529: funcgraph_entry:        0.250 us   |                          printk_parse_prefix(); (ret=0x2)
    kworker/u8:1-85    [001] d..1.    26.580530: funcgraph_exit:         1.400 us   |                        } (ret=0x55)
    kworker/u8:1-85    [001] d..1.    26.580530: funcgraph_entry:                   |                        prb_final_commit() {
    kworker/u8:1-85    [001] d..1.    26.580530: funcgraph_entry:        0.220 us   |                          _prb_commit(); (ret=0x0)
    kworker/u8:1-85    [001] d..1.    26.580531: funcgraph_entry:                   |                          desc_update_last_finalized() {
    kworker/u8:1-85    [001] d..1.    26.580531: funcgraph_entry:                   |                            _prb_read_valid() {
    kworker/u8:1-85    [001] d..1.    26.580531: funcgraph_entry:                   |                              desc_read_finalized_seq() {
    kworker/u8:1-85    [001] d..1.    26.580532: funcgraph_entry:        0.210 us   |                                desc_read(); (ret=0x2)
    kworker/u8:1-85    [001] d..1.    26.580532: funcgraph_exit:         0.670 us   |                              } (ret=0x0)
    kworker/u8:1-85    [001] d..1.    26.580532: funcgraph_exit:         1.140 us   |                            } (ret=0x1)
    kworker/u8:1-85    [001] d..1.    26.580533: funcgraph_entry:                   |                            _prb_read_valid() {
    kworker/u8:1-85    [001] d..1.    26.580533: funcgraph_entry:                   |                              desc_read_finalized_seq() {
    kworker/u8:1-85    [001] d..1.    26.580533: funcgraph_entry:        0.230 us   |                                desc_read(); (ret=0xffffffff)
    kworker/u8:1-85    [001] d..1.    26.580533: funcgraph_exit:         0.680 us   |                              } (ret=0xffffffea)
    kworker/u8:1-85    [001] d..1.    26.580534: funcgraph_entry:        0.220 us   |                              desc_read(); (ret=0x3)
    kworker/u8:1-85    [001] d..1.    26.580534: funcgraph_entry:        0.220 us   |                              panic_on_this_cpu(); (ret=0xffffff00)
    kworker/u8:1-85    [001] d..1.    26.580535: funcgraph_exit:         2.080 us   |                            } (ret=0x0)
    kworker/u8:1-85    [001] d..1.    26.580535: funcgraph_exit:         3.940 us   |                          } (ret=0x0)
    kworker/u8:1-85    [001] d..1.    26.580535: funcgraph_exit:         4.900 us   |                        } (ret=0x0)
    kworker/u8:1-85    [001] ...1.    26.580535: funcgraph_exit:       + 12.090 us  |                      } (ret=0x55)
    kworker/u8:1-85    [001] ...2.    26.580536: funcgraph_entry:        0.220 us   |                      panic_on_other_cpu(); (ret=0x0)
    kworker/u8:1-85    [001] ...2.    26.580536: funcgraph_entry:                   |                      __down_trylock_console_sem.isra.0() {
    kworker/u8:1-85    [001] d..2.    26.580536: funcgraph_entry:        0.210 us   |                        __printk_safe_enter(); (ret=0x282)
    kworker/u8:1-85    [001] d..2.    26.580537: funcgraph_entry:                   |                        down_trylock() {
    kworker/u8:1-85    [001] d..2.    26.580537: funcgraph_entry:        0.210 us   |                          _raw_spin_lock_irqsave(); (ret=0x96)
    kworker/u8:1-85    [001] d..3.    26.580537: funcgraph_entry:        0.230 us   |                          _raw_spin_unlock_irqrestore(); (ret=0x0)
    kworker/u8:1-85    [001] d..2.    26.580538: funcgraph_exit:         1.150 us   |                        } (ret=0x0)
    kworker/u8:1-85    [001] d..2.    26.580538: funcgraph_entry:        0.490 us   |                        __printk_safe_exit(); (ret=0x0)
    kworker/u8:1-85    [001] ...2.    26.580539: funcgraph_exit:         2.850 us   |                      } (ret=0x0)
    kworker/u8:1-85    [001] ...2.    26.580539: funcgraph_entry:                   |                      console_unlock() {
    kworker/u8:1-85    [001] ...2.    26.580539: funcgraph_entry:                   |                        nbcon_get_default_prio() {
    kworker/u8:1-85    [001] ...2.    26.580540: funcgraph_entry:        0.210 us   |                          panic_on_this_cpu(); (ret=0xffffff00)
    kworker/u8:1-85    [001] ...2.    26.580540: funcgraph_entry:                   |                          nbcon_get_cpu_emergency_nesting() {
    kworker/u8:1-85    [001] ...2.    26.580540: funcgraph_entry:        0.210 us   |                            printk_percpu_data_ready(); (ret=0x1)
    kworker/u8:1-85    [001] ...2.    26.580541: funcgraph_exit:         0.660 us   |                          } (ret=0xffff8c703bd1d484)
    kworker/u8:1-85    [001] ...2.    26.580541: funcgraph_exit:         1.550 us   |                        } (ret=0x1)
    kworker/u8:1-85    [001] ...2.    26.580541: funcgraph_entry:                   |                        is_printk_legacy_deferred() {
    kworker/u8:1-85    [001] ...2.    26.580541: funcgraph_entry:        0.200 us   |                          is_printk_cpu_sync_owner(); (ret=0xffffff00)
    kworker/u8:1-85    [001] ...2.    26.580542: funcgraph_exit:         0.650 us   |                        } (ret=0xffffff00)
    kworker/u8:1-85    [001] ...2.    26.580542: funcgraph_entry:                   |                        console_flush_one_record() {
    kworker/u8:1-85    [001] ...2.    26.580542: funcgraph_entry:                   |                          nbcon_get_default_prio() {
    kworker/u8:1-85    [001] ...2.    26.580543: funcgraph_entry:        0.200 us   |                            panic_on_this_cpu(); (ret=0xffffff00)
    kworker/u8:1-85    [001] ...2.    26.580543: funcgraph_entry:                   |                            nbcon_get_cpu_emergency_nesting() {
    kworker/u8:1-85    [001] ...2.    26.580543: funcgraph_entry:        0.210 us   |                              printk_percpu_data_ready(); (ret=0x1)
    kworker/u8:1-85    [001] ...2.    26.580544: funcgraph_exit:         0.660 us   |                            } (ret=0xffff8c703bd1d484)
    kworker/u8:1-85    [001] ...2.    26.580544: funcgraph_exit:         1.540 us   |                          } (ret=0x1)
    kworker/u8:1-85    [001] ...2.    26.580544: funcgraph_entry:                   |                          is_printk_legacy_deferred() {
    kworker/u8:1-85    [001] ...2.    26.580544: funcgraph_entry:        0.200 us   |                            is_printk_cpu_sync_owner(); (ret=0xffffff00)
    kworker/u8:1-85    [001] ...2.    26.580545: funcgraph_exit:         0.650 us   |                          } (ret=0xffffff00)
    kworker/u8:1-85    [001] ...2.    26.580545: funcgraph_entry:        0.220 us   |                          __srcu_read_lock(); (ret=0x0)
    kworker/u8:1-85    [001] ...2.    26.580546: funcgraph_entry:                   |                          printk_get_next_message() {
    kworker/u8:1-85    [001] ...2.    26.580546: funcgraph_entry:                   |                            prb_read_valid() {
    kworker/u8:1-85    [001] ...2.    26.580546: funcgraph_entry:                   |                              _prb_read_valid() {
    kworker/u8:1-85    [001] ...2.    26.580546: funcgraph_entry:                   |                                desc_read_finalized_seq() {
    kworker/u8:1-85    [001] ...2.    26.580547: funcgraph_entry:        0.210 us   |                                  desc_read(); (ret=0x2)
    kworker/u8:1-85    [001] ...2.    26.580547: funcgraph_exit:         0.660 us   |                                } (ret=0x0)
    kworker/u8:1-85    [001] ...2.    26.580547: funcgraph_entry:        0.240 us   |                                get_data(); (ret=0xffffffff9aac73b0)
    kworker/u8:1-85    [001] ...2.    26.580548: funcgraph_entry:                   |                                desc_read_finalized_seq() {
    kworker/u8:1-85    [001] ...2.    26.580548: funcgraph_entry:        0.210 us   |                                  desc_read(); (ret=0x2)
    kworker/u8:1-85    [001] ...2.    26.580548: funcgraph_exit:         0.660 us   |                                } (ret=0x0)
    kworker/u8:1-85    [001] ...2.    26.580549: funcgraph_exit:         2.540 us   |                              } (ret=0x1)
    kworker/u8:1-85    [001] ...2.    26.580549: funcgraph_exit:         3.010 us   |                            } (ret=0x1)
    kworker/u8:1-85    [001] ...2.    26.580549: funcgraph_exit:         3.510 us   |                          } (ret=0x1)
    kworker/u8:1-85    [001] ...2.    26.580549: funcgraph_entry:        0.220 us   |                          panic_on_other_cpu(); (ret=0x0)
    kworker/u8:1-85    [001] ...2.    26.580550: funcgraph_entry:        0.220 us   |                          __srcu_read_unlock(); (ret=0x0)
    kworker/u8:1-85    [001] ...2.    26.580550: funcgraph_exit:         8.130 us   |                        } (ret=0x1)
    kworker/u8:1-85    [001] ...2.    26.580551: funcgraph_entry:                   |                        console_flush_one_record() {
    kworker/u8:1-85    [001] ...2.    26.580551: funcgraph_entry:                   |                          nbcon_get_default_prio() {
    kworker/u8:1-85    [001] ...2.    26.580551: funcgraph_entry:        0.210 us   |                            panic_on_this_cpu(); (ret=0xffffff00)
    kworker/u8:1-85    [001] ...2.    26.580551: funcgraph_entry:                   |                            nbcon_get_cpu_emergency_nesting() {
    kworker/u8:1-85    [001] ...2.    26.580552: funcgraph_entry:        0.200 us   |                              printk_percpu_data_ready(); (ret=0x1)
    kworker/u8:1-85    [001] ...2.    26.580552: funcgraph_exit:         0.650 us   |                            } (ret=0xffff8c703bd1d484)
    kworker/u8:1-85    [001] ...2.    26.580552: funcgraph_exit:         1.550 us   |                          } (ret=0x1)
    kworker/u8:1-85    [001] ...2.    26.580553: funcgraph_entry:                   |                          is_printk_legacy_deferred() {
    kworker/u8:1-85    [001] ...2.    26.580553: funcgraph_entry:        0.200 us   |                            is_printk_cpu_sync_owner(); (ret=0xffffff00)
    kworker/u8:1-85    [001] ...2.    26.580553: funcgraph_exit:         0.650 us   |                          } (ret=0xffffff00)
    kworker/u8:1-85    [001] ...2.    26.580553: funcgraph_entry:        0.220 us   |                          __srcu_read_lock(); (ret=0x0)
    kworker/u8:1-85    [001] ...2.    26.580554: funcgraph_entry:                   |                          printk_get_next_message() {
    kworker/u8:1-85    [001] ...2.    26.580554: funcgraph_entry:                   |                            prb_read_valid() {
    kworker/u8:1-85    [001] ...2.    26.580554: funcgraph_entry:                   |                              _prb_read_valid() {
    kworker/u8:1-85    [001] ...2.    26.580555: funcgraph_entry:                   |                                desc_read_finalized_seq() {
    kworker/u8:1-85    [001] ...2.    26.580555: funcgraph_entry:        0.210 us   |                                  desc_read(); (ret=0xffffffff)
    kworker/u8:1-85    [001] ...2.    26.580555: funcgraph_exit:         0.670 us   |                                } (ret=0xffffffea)
    kworker/u8:1-85    [001] ...2.    26.580556: funcgraph_entry:        0.230 us   |                                desc_read(); (ret=0x3)
    kworker/u8:1-85    [001] ...2.    26.580556: funcgraph_entry:        0.210 us   |                                panic_on_this_cpu(); (ret=0xffffff00)
    kworker/u8:1-85    [001] ...2.    26.580556: funcgraph_exit:         2.030 us   |                              } (ret=0x0)
    kworker/u8:1-85    [001] ...2.    26.580557: funcgraph_exit:         2.490 us   |                            } (ret=0x0)
    kworker/u8:1-85    [001] ...2.    26.580557: funcgraph_exit:         2.960 us   |                          } (ret=0x0)
    kworker/u8:1-85    [001] ...2.    26.580557: funcgraph_entry:        0.210 us   |                          __srcu_read_unlock(); (ret=0x0)
    kworker/u8:1-85    [001] ...2.    26.580558: funcgraph_exit:         7.050 us   |                        } (ret=0x1)
    kworker/u8:1-85    [001] ...2.    26.580558: funcgraph_entry:                   |                        __up_console_sem.isra.0() {
    kworker/u8:1-85    [001] d..2.    26.580558: funcgraph_entry:        0.210 us   |                          __printk_safe_enter(); (ret=0x286)
    kworker/u8:1-85    [001] d..2.    26.580559: funcgraph_entry:                   |                          up() {
    kworker/u8:1-85    [001] d..2.    26.580559: funcgraph_entry:        0.210 us   |                            _raw_spin_lock_irqsave(); (ret=0x96)
    kworker/u8:1-85    [001] d..3.    26.580559: funcgraph_entry:        0.220 us   |                            _raw_spin_unlock_irqrestore(); (ret=0x0)
    kworker/u8:1-85    [001] d..2.    26.580560: funcgraph_exit:         1.150 us   |                          } (ret=0x0)
    kworker/u8:1-85    [001] d..2.    26.580560: funcgraph_entry:        0.210 us   |                          __printk_safe_exit(); (ret=0x0)
    kworker/u8:1-85    [001] ...2.    26.580560: funcgraph_exit:         2.520 us   |                        } (ret=0x0)
    kworker/u8:1-85    [001] ...2.    26.580561: funcgraph_entry:                   |                        prb_read_valid() {
    kworker/u8:1-85    [001] ...2.    26.580561: funcgraph_entry:                   |                          _prb_read_valid() {
    kworker/u8:1-85    [001] ...2.    26.580561: funcgraph_entry:                   |                            desc_read_finalized_seq() {
    kworker/u8:1-85    [001] ...2.    26.580561: funcgraph_entry:        0.210 us   |                              desc_read(); (ret=0xffffffff)
    kworker/u8:1-85    [001] ...2.    26.580562: funcgraph_exit:         0.650 us   |                            } (ret=0xffffffea)
    kworker/u8:1-85    [001] ...2.    26.580562: funcgraph_entry:        0.430 us   |                            desc_read(); (ret=0x3)
    kworker/u8:1-85    [001] ...2.    26.580563: funcgraph_entry:        0.210 us   |                            panic_on_this_cpu(); (ret=0xffffff00)
    kworker/u8:1-85    [001] ...2.    26.580563: funcgraph_exit:         2.280 us   |                          } (ret=0x0)
    kworker/u8:1-85    [001] ...2.    26.580563: funcgraph_exit:         2.730 us   |                        } (ret=0x0)
    kworker/u8:1-85    [001] ...2.    26.580564: funcgraph_exit:       + 24.390 us  |                      } (ret=0x0)
    kworker/u8:1-85    [001] ...1.    26.580564: funcgraph_entry:                   |                      __wake_up_klogd() {
    kworker/u8:1-85    [001] ...3.    26.580564: funcgraph_entry:        0.210 us   |                        tick_nohz_tick_stopped(); (ret=0x0)
    kworker/u8:1-85    [001] ...1.    26.580565: funcgraph_exit:         0.760 us   |                      } (ret=0x0)
    kworker/u8:1-85    [001] ...1.    26.580565: funcgraph_exit:       + 45.700 us  |                    } (ret=0x55)
    kworker/u8:1-85    [001] ...1.    26.580565: funcgraph_exit:       + 46.160 us  |                  } (ret=0x55)
    kworker/u8:1-85    [001] ...1.    26.580565: funcgraph_exit:       + 46.630 us  |                } (ret=0x55)
    kworker/u8:1-85    [001] ...1.    26.580566: funcgraph_exit:       + 47.200 us  |              } (ret=0x55)
    kworker/u8:1-85    [001] ...1.    26.580566: funcgraph_exit:       + 50.540 us  |            } (ret=0xffffffea)
    kworker/u8:1-85    [001] ...1.    26.580566: funcgraph_exit:       + 51.100 us  |          } (ret=0xffffffea)
    kworker/u8:1-85    [001] ...1.    26.580566: funcgraph_exit:       + 52.460 us  |        } (ret=0x0)
    kworker/u8:1-85    [001] ...1.    26.580566: funcgraph_exit:       + 57.630 us  |      } (ret=0x0)
    kworker/u8:1-85    [001] ...1.    26.580567: funcgraph_entry:        0.220 us   |      __rcu_read_lock(); (ret=0x0)
    kworker/u8:1-85    [001] ...1.    26.580567: funcgraph_entry:        0.220 us   |      __rcu_read_unlock(); (ret=0x0)
    kworker/u8:1-85    [001] ...1.    26.580568: funcgraph_entry:        0.220 us   |      up_read(); (ret=0x0)
    kworker/u8:1-85    [001] ...1.    26.580568: funcgraph_exit:       + 61.880 us  |    } (ret=0x0)
    kworker/u8:1-85    [001] ...1.    26.580568: funcgraph_entry:        0.380 us   |    kfree(); (ret=0x0)
    kworker/u8:1-85    [001] ...1.    26.580569: funcgraph_exit:       + 63.450 us  |  } (ret=0x0)
 systemd-network-800   [000] ...1.    26.584234: funcgraph_entry:                   |  inetaddr_event() {
 systemd-network-800   [000] ...1.    26.584234: funcgraph_entry:                   |    addr_event.isra.0() {
 systemd-network-800   [000] ...1.    26.584234: funcgraph_entry:        0.500 us   |      __kmalloc_cache_noprof(); (ret=0xffff8c6fccd9cd00)
 systemd-network-800   [000] ...1.    26.584235: funcgraph_entry:                   |      queue_work_on() {
 systemd-network-800   [000] d..1.    26.584236: funcgraph_entry:        0.220 us   |        clear_pending_if_disabled(); (ret=0x0)
 systemd-network-800   [000] d..1.    26.584236: funcgraph_entry:                   |        __queue_work() {
 systemd-network-800   [000] d..1.    26.584236: funcgraph_entry:        0.200 us   |          __rcu_read_lock(); (ret=0x0)
 systemd-network-800   [000] d..1.    26.584237: funcgraph_entry:        0.250 us   |          _raw_spin_lock(); (ret=0x0)
 systemd-network-800   [000] d..2.    26.584237: funcgraph_entry:        0.220 us   |          pwq_tryinc_nr_active(); (ret=0x1)
 systemd-network-800   [000] d..2.    26.584238: funcgraph_entry:        0.320 us   |          kick_pool_pick(); (ret=0x1)
 systemd-network-800   [000] d..2.    26.584238: funcgraph_entry:        0.220 us   |          _raw_spin_unlock(); (ret=0x0)
 systemd-network-800   [000] d..1.    26.584239: funcgraph_entry:                   |          wake_up_process() {
 systemd-network-800   [000] d..1.    26.584239: funcgraph_entry:                   |            try_to_wake_up() {
 systemd-network-800   [000] d..2.    26.584239: funcgraph_entry:        0.220 us   |              _raw_spin_lock_irqsave(); (ret=0x96)
 systemd-network-800   [000] d..3.    26.584240: funcgraph_entry:                   |              select_task_rq_fair() {
 systemd-network-800   [000] d..3.    26.584240: funcgraph_entry:        0.230 us   |                choose_idle_cpu(); (ret=0x0)
 systemd-network-800   [000] d..3.    26.584241: funcgraph_exit:         0.750 us   |              } (ret=0x1)
 systemd-network-800   [000] d..3.    26.584241: funcgraph_entry:        0.250 us   |              kthread_is_per_cpu(); (ret=0x0)
 systemd-network-800   [000] d..3.    26.584241: funcgraph_entry:                   |              ttwu_queue_wakelist() {
 systemd-network-800   [000] d..3.    26.584242: funcgraph_entry:        0.210 us   |                scx_allow_ttwu_queue(); (ret=0x1)
 systemd-network-800   [000] d..3.    26.584242: funcgraph_entry:                   |                __smp_call_single_queue() {
 systemd-network-800   [000] d..3.    26.584243: funcgraph_entry:        0.230 us   |                  call_function_single_prep_ipi(); (ret=0x1)
 systemd-network-800   [000] d..3.    26.584243: funcgraph_entry:                   |                  native_send_call_func_single_ipi() {
 systemd-network-800   [000] d..3.    26.584243: funcgraph_entry:        1.150 us   |                    x2apic_send_IPI(); (ret=0x0)
 systemd-network-800   [000] d..3.    26.584245: funcgraph_exit:         1.660 us   |                  } (ret=0x0)
 systemd-network-800   [000] d..3.    26.584245: funcgraph_exit:         2.650 us   |                } (ret=0x0)
 systemd-network-800   [000] d..3.    26.584245: funcgraph_exit:         3.620 us   |              } (ret=0x1)
 systemd-network-800   [000] d..3.    26.584245: funcgraph_entry:        0.230 us   |              _raw_spin_unlock_irqrestore(); (ret=0x0)
 systemd-network-800   [000] d..1.    26.584246: funcgraph_exit:         6.630 us   |            } (ret=0x1)
 systemd-network-800   [000] d..1.    26.584246: funcgraph_exit:         7.080 us   |          } (ret=0x1)
 systemd-network-800   [000] d..1.    26.584246: funcgraph_entry:        0.220 us   |          __rcu_read_unlock(); (ret=0x0)
 systemd-network-800   [000] d..1.    26.584247: funcgraph_exit:       + 10.750 us  |        } (ret=0x0)
 systemd-network-800   [000] ...1.    26.584247: funcgraph_exit:       + 11.730 us  |      } (ret=0x1)
 systemd-network-800   [000] ...1.    26.584247: funcgraph_exit:       + 13.160 us  |    } (ret=0x0)
 systemd-network-800   [000] ...1.    26.584247: funcgraph_exit:       + 14.300 us  |  } (ret=0x0)
    kworker/u8:1-85    [001] ...1.    26.584278: funcgraph_entry:                   |  update_gid_event_work_handler() {
    kworker/u8:1-85    [001] ...1.    26.584278: funcgraph_entry:                   |    ib_enum_all_roce_netdevs() {
    kworker/u8:1-85    [001] ...1.    26.584278: funcgraph_entry:        0.310 us   |      down_read(); (ret=0x0)
    kworker/u8:1-85    [001] ...1.    26.584279: funcgraph_entry:        0.220 us   |      __rcu_read_lock(); (ret=0x0)
    kworker/u8:1-85    [001] ...1.    26.584280: funcgraph_entry:        0.230 us   |      __rcu_read_unlock(); (ret=0x0)
    kworker/u8:1-85    [001] ...1.    26.584280: funcgraph_entry:                   |      ib_enum_roce_netdev() {
    kworker/u8:1-85    [001] ...1.    26.584281: funcgraph_entry:                   |        ib_device_get_netdev() {
    kworker/u8:1-85    [001] ...1.    26.584281: funcgraph_entry:        0.210 us   |          _raw_spin_lock(); (ret=0x0)
    kworker/u8:1-85    [001] ...2.    26.584281: funcgraph_entry:        0.260 us   |          _raw_spin_unlock(); (ret=0x0)
    kworker/u8:1-85    [001] ...1.    26.584282: funcgraph_exit:         1.260 us   |        } (ret=0xffff8c6fc16d4000)
    kworker/u8:1-85    [001] ...1.    26.584282: funcgraph_entry:                   |        is_eth_port_of_netdev_filter() {
    kworker/u8:1-85    [001] ...1.    26.584282: funcgraph_entry:                   |          is_eth_port_of_netdev_filter.part.0() {
    kworker/u8:1-85    [001] ...1.    26.584282: funcgraph_entry:        0.210 us   |            __rcu_read_lock(); (ret=0x0)
    kworker/u8:1-85    [001] ...1.    26.584283: funcgraph_entry:                   |            netdev_has_upper_dev_all_rcu() {
    kworker/u8:1-85    [001] ...1.    26.584283: funcgraph_entry:        0.240 us   |              netdev_walk_all_upper_dev_rcu(); (ret=0x0)
    kworker/u8:1-85    [001] ...1.    26.584284: funcgraph_exit:         0.730 us   |            } (ret=0x0)
    kworker/u8:1-85    [001] ...1.    26.584284: funcgraph_entry:        0.210 us   |            __rcu_read_unlock(); (ret=0x0)
    kworker/u8:1-85    [001] ...1.    26.584284: funcgraph_exit:         2.180 us   |          } (ret=0x1)
    kworker/u8:1-85    [001] ...1.    26.584285: funcgraph_exit:         2.630 us   |        } (ret=0x1)
    kworker/u8:1-85    [001] ...1.    26.584285: funcgraph_entry:                   |        callback_for_addr_gid_device_scan() {
    kworker/u8:1-85    [001] ...1.    26.584285: funcgraph_entry:        0.320 us   |          roce_gid_type_mask_support.part.0(); (ret=0x4)
    kworker/u8:1-85    [001] ...1.    26.584286: funcgraph_entry:                   |          ib_cache_gid_del() {
    kworker/u8:1-85    [001] ...1.    26.584286: funcgraph_entry:                   |            _ib_cache_gid_del() {
    kworker/u8:1-85    [001] ...1.    26.584286: funcgraph_entry:        0.240 us   |              mutex_lock(); (ret=0x0)
    kworker/u8:1-85    [001] ...1.    26.584287: funcgraph_entry:        0.330 us   |              find_gid(); (ret=0x1)
    kworker/u8:1-85    [001] ...1.    26.584287: funcgraph_entry:                   |              del_gid() {
    kworker/u8:1-85    [001] ...1.    26.584288: funcgraph_entry:        0.430 us   |                dev_driver_string(); (ret=0xffffffffc04d7529)
    kworker/u8:1-85    [001] ...1.    26.584289: funcgraph_entry:                   |                dev_printk_emit() {
    kworker/u8:1-85    [001] ...1.    26.584289: funcgraph_entry:                   |                  dev_vprintk_emit() {
    kworker/u8:1-85    [001] ...1.    26.584290: funcgraph_entry:                   |                    vprintk_emit() {
    kworker/u8:1-85    [001] ...1.    26.584290: funcgraph_entry:        0.240 us   |                      panic_on_other_cpu(); (ret=0x0)
    kworker/u8:1-85    [001] ...1.    26.584291: funcgraph_entry:                   |                      nbcon_get_default_prio() {
    kworker/u8:1-85    [001] ...1.    26.584291: funcgraph_entry:        0.210 us   |                        panic_on_this_cpu(); (ret=0xffffff00)
    kworker/u8:1-85    [001] ...1.    26.584291: funcgraph_entry:                   |                        nbcon_get_cpu_emergency_nesting() {
    kworker/u8:1-85    [001] ...1.    26.584292: funcgraph_entry:        0.210 us   |                          printk_percpu_data_ready(); (ret=0x1)
    kworker/u8:1-85    [001] ...1.    26.584292: funcgraph_exit:         0.690 us   |                        } (ret=0xffff8c703bd1d484)
    kworker/u8:1-85    [001] ...1.    26.584292: funcgraph_exit:         1.620 us   |                      } (ret=0x1)
    kworker/u8:1-85    [001] ...1.    26.584292: funcgraph_entry:                   |                      is_printk_legacy_deferred() {
    kworker/u8:1-85    [001] ...1.    26.584293: funcgraph_entry:        0.230 us   |                        is_printk_cpu_sync_owner(); (ret=0xffffff00)
    kworker/u8:1-85    [001] ...1.    26.584293: funcgraph_exit:         0.690 us   |                      } (ret=0xffffff00)
    kworker/u8:1-85    [001] ...1.    26.584293: funcgraph_entry:        0.260 us   |                      is_printk_force_console(); (ret=0x0)
    kworker/u8:1-85    [001] ...1.    26.584294: funcgraph_entry:                   |                      vprintk_store() {
    kworker/u8:1-85    [001] d..1.    26.584294: funcgraph_entry:        0.250 us   |                        local_clock(); (ret=0x62cc94dfc)
    kworker/u8:1-85    [001] d..1.    26.584296: funcgraph_entry:        0.270 us   |                        printk_parse_prefix(); (ret=0x0)
    kworker/u8:1-85    [001] d..1.    26.584297: funcgraph_entry:        0.210 us   |                        is_printk_force_console(); (ret=0x0)
    kworker/u8:1-85    [001] d..1.    26.584297: funcgraph_entry:                   |                        prb_reserve() {
    kworker/u8:1-85    [001] d..1.    26.584302: funcgraph_entry:                   |                          data_alloc() {
    kworker/u8:1-85    [001] d..1.    26.584302: funcgraph_entry:        0.240 us   |                            data_push_tail(); (ret=0x1)
    kworker/u8:1-85    [001] d..1.    26.584303: funcgraph_exit:         0.850 us   |                          } (ret=0xffffffff9aac7418)
    kworker/u8:1-85    [001] d..1.    26.584303: funcgraph_entry:        0.240 us   |                          space_used(); (ret=0x60)
    kworker/u8:1-85    [001] d..1.    26.584304: funcgraph_exit:         6.450 us   |                        } (ret=0xffffc401)
    kworker/u8:1-85    [001] d..1.    26.584304: funcgraph_entry:                   |                        printk_sprint() {
    kworker/u8:1-85    [001] d..1.    26.584305: funcgraph_entry:        0.230 us   |                          printk_parse_prefix(); (ret=0x0)
    kworker/u8:1-85    [001] d..1.    26.584306: funcgraph_exit:         1.640 us   |                        } (ret=0x53)
    kworker/u8:1-85    [001] d..1.    26.584306: funcgraph_entry:                   |                        prb_final_commit() {
    kworker/u8:1-85    [001] d..1.    26.584306: funcgraph_entry:        0.210 us   |                          _prb_commit(); (ret=0x0)
    kworker/u8:1-85    [001] d..1.    26.584307: funcgraph_entry:                   |                          desc_update_last_finalized() {
    kworker/u8:1-85    [001] d..1.    26.584307: funcgraph_entry:                   |                            _prb_read_valid() {
    kworker/u8:1-85    [001] d..1.    26.584307: funcgraph_entry:                   |                              desc_read_finalized_seq() {
    kworker/u8:1-85    [001] d..1.    26.584307: funcgraph_entry:        0.220 us   |                                desc_read(); (ret=0x2)
    kworker/u8:1-85    [001] d..1.    26.584308: funcgraph_exit:         0.670 us   |                              } (ret=0x0)
    kworker/u8:1-85    [001] d..1.    26.584308: funcgraph_exit:         1.130 us   |                            } (ret=0x1)
    kworker/u8:1-85    [001] d..1.    26.584308: funcgraph_entry:                   |                            _prb_read_valid() {
    kworker/u8:1-85    [001] d..1.    26.584309: funcgraph_entry:                   |                              desc_read_finalized_seq() {
    kworker/u8:1-85    [001] d..1.    26.584309: funcgraph_entry:        0.240 us   |                                desc_read(); (ret=0xffffffff)
    kworker/u8:1-85    [001] d..1.    26.584309: funcgraph_exit:         0.700 us   |                              } (ret=0xffffffea)
    kworker/u8:1-85    [001] d..1.    26.584309: funcgraph_entry:        0.220 us   |                              desc_read(); (ret=0x3)
    kworker/u8:1-85    [001] d..1.    26.584310: funcgraph_entry:        0.220 us   |                              panic_on_this_cpu(); (ret=0xffffff00)
    kworker/u8:1-85    [001] d..1.    26.584310: funcgraph_exit:         2.090 us   |                            } (ret=0x0)
    kworker/u8:1-85    [001] d..1.    26.584311: funcgraph_exit:         3.940 us   |                          } (ret=0x0)
    kworker/u8:1-85    [001] d..1.    26.584311: funcgraph_exit:         4.880 us   |                        } (ret=0x0)
    kworker/u8:1-85    [001] ...1.    26.584311: funcgraph_exit:       + 17.130 us  |                      } (ret=0x53)
    kworker/u8:1-85    [001] ...2.    26.584311: funcgraph_entry:        0.210 us   |                      panic_on_other_cpu(); (ret=0x0)
    kworker/u8:1-85    [001] ...2.    26.584312: funcgraph_entry:                   |                      __down_trylock_console_sem.isra.0() {
    kworker/u8:1-85    [001] d..2.    26.584312: funcgraph_entry:        0.220 us   |                        __printk_safe_enter(); (ret=0x286)
    kworker/u8:1-85    [001] d..2.    26.584313: funcgraph_entry:                   |                        down_trylock() {
    kworker/u8:1-85    [001] d..2.    26.584313: funcgraph_entry:        0.220 us   |                          _raw_spin_lock_irqsave(); (ret=0x86)
    kworker/u8:1-85    [001] d..3.    26.584313: funcgraph_entry:        0.220 us   |                          _raw_spin_unlock_irqrestore(); (ret=0x0)
    kworker/u8:1-85    [001] d..2.    26.584314: funcgraph_exit:         1.140 us   |                        } (ret=0x0)
    kworker/u8:1-85    [001] d..2.    26.584314: funcgraph_entry:        0.220 us   |                        __printk_safe_exit(); (ret=0x0)
    kworker/u8:1-85    [001] ...2.    26.584314: funcgraph_exit:         2.540 us   |                      } (ret=0x0)
    kworker/u8:1-85    [001] ...2.    26.584315: funcgraph_entry:                   |                      console_unlock() {
    kworker/u8:1-85    [001] ...2.    26.584315: funcgraph_entry:                   |                        nbcon_get_default_prio() {
    kworker/u8:1-85    [001] ...2.    26.584315: funcgraph_entry:        0.210 us   |                          panic_on_this_cpu(); (ret=0xffffff00)
    kworker/u8:1-85    [001] ...2.    26.584316: funcgraph_entry:                   |                          nbcon_get_cpu_emergency_nesting() {
    kworker/u8:1-85    [001] ...2.    26.584316: funcgraph_entry:        0.210 us   |                            printk_percpu_data_ready(); (ret=0x1)
    kworker/u8:1-85    [001] ...2.    26.584316: funcgraph_exit:         0.660 us   |                          } (ret=0xffff8c703bd1d484)
    kworker/u8:1-85    [001] ...2.    26.584316: funcgraph_exit:         1.550 us   |                        } (ret=0x1)
    kworker/u8:1-85    [001] ...2.    26.584317: funcgraph_entry:                   |                        is_printk_legacy_deferred() {
    kworker/u8:1-85    [001] ...2.    26.584317: funcgraph_entry:        0.200 us   |                          is_printk_cpu_sync_owner(); (ret=0xffffff00)
    kworker/u8:1-85    [001] ...2.    26.584317: funcgraph_exit:         0.660 us   |                        } (ret=0xffffff00)
    kworker/u8:1-85    [001] ...2.    26.584318: funcgraph_entry:                   |                        console_flush_one_record() {
    kworker/u8:1-85    [001] ...2.    26.584318: funcgraph_entry:                   |                          nbcon_get_default_prio() {
    kworker/u8:1-85    [001] ...2.    26.584318: funcgraph_entry:        0.200 us   |                            panic_on_this_cpu(); (ret=0xffffff00)
    kworker/u8:1-85    [001] ...2.    26.584318: funcgraph_entry:                   |                            nbcon_get_cpu_emergency_nesting() {
    kworker/u8:1-85    [001] ...2.    26.584319: funcgraph_entry:        0.200 us   |                              printk_percpu_data_ready(); (ret=0x1)
    kworker/u8:1-85    [001] ...2.    26.584319: funcgraph_exit:         0.660 us   |                            } (ret=0xffff8c703bd1d484)
    kworker/u8:1-85    [001] ...2.    26.584319: funcgraph_exit:         1.550 us   |                          } (ret=0x1)
    kworker/u8:1-85    [001] ...2.    26.584320: funcgraph_entry:                   |                          is_printk_legacy_deferred() {
    kworker/u8:1-85    [001] ...2.    26.584320: funcgraph_entry:        0.210 us   |                            is_printk_cpu_sync_owner(); (ret=0xffffff00)
    kworker/u8:1-85    [001] ...2.    26.584320: funcgraph_exit:         0.660 us   |                          } (ret=0xffffff00)
    kworker/u8:1-85    [001] ...2.    26.584321: funcgraph_entry:        0.210 us   |                          __srcu_read_lock(); (ret=0x0)
    kworker/u8:1-85    [001] ...2.    26.584321: funcgraph_entry:                   |                          printk_get_next_message() {
    kworker/u8:1-85    [001] ...2.    26.584321: funcgraph_entry:                   |                            prb_read_valid() {
    kworker/u8:1-85    [001] ...2.    26.584322: funcgraph_entry:                   |                              _prb_read_valid() {
    kworker/u8:1-85    [001] ...2.    26.584322: funcgraph_entry:                   |                                desc_read_finalized_seq() {
    kworker/u8:1-85    [001] ...2.    26.584322: funcgraph_entry:        0.210 us   |                                  desc_read(); (ret=0x2)
    kworker/u8:1-85    [001] ...2.    26.584322: funcgraph_exit:         0.660 us   |                                } (ret=0x0)
    kworker/u8:1-85    [001] ...2.    26.584323: funcgraph_entry:        0.230 us   |                                get_data(); (ret=0xffffffff9aac7418)
    kworker/u8:1-85    [001] ...2.    26.584323: funcgraph_entry:                   |                                desc_read_finalized_seq() {
    kworker/u8:1-85    [001] ...2.    26.584323: funcgraph_entry:        0.200 us   |                                  desc_read(); (ret=0x2)
    kworker/u8:1-85    [001] ...2.    26.584324: funcgraph_exit:         0.660 us   |                                } (ret=0x0)
    kworker/u8:1-85    [001] ...2.    26.584324: funcgraph_exit:         2.530 us   |                              } (ret=0x1)
    kworker/u8:1-85    [001] ...2.    26.584324: funcgraph_exit:         2.990 us   |                            } (ret=0x1)
    kworker/u8:1-85    [001] ...2.    26.584325: funcgraph_exit:         3.500 us   |                          } (ret=0x1)
    kworker/u8:1-85    [001] ...2.    26.584325: funcgraph_entry:        0.210 us   |                          panic_on_other_cpu(); (ret=0x0)
    kworker/u8:1-85    [001] ...2.    26.584325: funcgraph_entry:        0.220 us   |                          __srcu_read_unlock(); (ret=0x0)
    kworker/u8:1-85    [001] ...2.    26.584326: funcgraph_exit:         8.140 us   |                        } (ret=0x1)
    kworker/u8:1-85    [001] ...2.    26.584326: funcgraph_entry:                   |                        console_flush_one_record() {
    kworker/u8:1-85    [001] ...2.    26.584326: funcgraph_entry:                   |                          nbcon_get_default_prio() {
    kworker/u8:1-85    [001] ...2.    26.584326: funcgraph_entry:        0.200 us   |                            panic_on_this_cpu(); (ret=0xffffff00)
    kworker/u8:1-85    [001] ...2.    26.584327: funcgraph_entry:                   |                            nbcon_get_cpu_emergency_nesting() {
    kworker/u8:1-85    [001] ...2.    26.584327: funcgraph_entry:        0.210 us   |                              printk_percpu_data_ready(); (ret=0x1)
    kworker/u8:1-85    [001] ...2.    26.584328: funcgraph_exit:         0.660 us   |                            } (ret=0xffff8c703bd1d484)
    kworker/u8:1-85    [001] ...2.    26.584328: funcgraph_exit:         1.540 us   |                          } (ret=0x1)
    kworker/u8:1-85    [001] ...2.    26.584328: funcgraph_entry:                   |                          is_printk_legacy_deferred() {
    kworker/u8:1-85    [001] ...2.    26.584328: funcgraph_entry:        0.200 us   |                            is_printk_cpu_sync_owner(); (ret=0xffffff00)
    kworker/u8:1-85    [001] ...2.    26.584329: funcgraph_exit:         0.890 us   |                          } (ret=0xffffff00)
    kworker/u8:1-85    [001] ...2.    26.584329: funcgraph_entry:        0.270 us   |                          __srcu_read_lock(); (ret=0x0)
    kworker/u8:1-85    [001] ...2.    26.584330: funcgraph_entry:                   |                          printk_get_next_message() {
    kworker/u8:1-85    [001] ...2.    26.584330: funcgraph_entry:                   |                            prb_read_valid() {
    kworker/u8:1-85    [001] ...2.    26.584330: funcgraph_entry:                   |                              _prb_read_valid() {
    kworker/u8:1-85    [001] ...2.    26.584330: funcgraph_entry:                   |                                desc_read_finalized_seq() {
    kworker/u8:1-85    [001] ...2.    26.584331: funcgraph_entry:        0.210 us   |                                  desc_read(); (ret=0xffffffff)
    kworker/u8:1-85    [001] ...2.    26.584331: funcgraph_exit:         0.660 us   |                                } (ret=0xffffffea)
    kworker/u8:1-85    [001] ...2.    26.584331: funcgraph_entry:        0.220 us   |                                desc_read(); (ret=0x3)
    kworker/u8:1-85    [001] ...2.    26.584332: funcgraph_entry:        0.220 us   |                                panic_on_this_cpu(); (ret=0xffffff00)
    kworker/u8:1-85    [001] ...2.    26.584332: funcgraph_exit:         2.020 us   |                              } (ret=0x0)
    kworker/u8:1-85    [001] ...2.    26.584332: funcgraph_exit:         2.470 us   |                            } (ret=0x0)
    kworker/u8:1-85    [001] ...2.    26.584333: funcgraph_exit:         2.940 us   |                          } (ret=0x0)
    kworker/u8:1-85    [001] ...2.    26.584333: funcgraph_entry:        0.220 us   |                          __srcu_read_unlock(); (ret=0x0)
    kworker/u8:1-85    [001] ...2.    26.584333: funcgraph_exit:         7.330 us   |                        } (ret=0x1)
    kworker/u8:1-85    [001] ...2.    26.584334: funcgraph_entry:                   |                        __up_console_sem.isra.0() {
    kworker/u8:1-85    [001] d..2.    26.584334: funcgraph_entry:        0.210 us   |                          __printk_safe_enter(); (ret=0x282)
    kworker/u8:1-85    [001] d..2.    26.584334: funcgraph_entry:                   |                          up() {
    kworker/u8:1-85    [001] d..2.    26.584335: funcgraph_entry:        0.210 us   |                            _raw_spin_lock_irqsave(); (ret=0x86)
    kworker/u8:1-85    [001] d..3.    26.584335: funcgraph_entry:        0.220 us   |                            _raw_spin_unlock_irqrestore(); (ret=0x0)
    kworker/u8:1-85    [001] d..2.    26.584335: funcgraph_exit:         1.140 us   |                          } (ret=0x0)
    kworker/u8:1-85    [001] d..2.    26.584336: funcgraph_entry:        0.220 us   |                          __printk_safe_exit(); (ret=0x0)
    kworker/u8:1-85    [001] ...2.    26.584336: funcgraph_exit:         2.500 us   |                        } (ret=0x0)
    kworker/u8:1-85    [001] ...2.    26.584336: funcgraph_entry:                   |                        prb_read_valid() {
    kworker/u8:1-85    [001] ...2.    26.584337: funcgraph_entry:                   |                          _prb_read_valid() {
    kworker/u8:1-85    [001] ...2.    26.584337: funcgraph_entry:                   |                            desc_read_finalized_seq() {
    kworker/u8:1-85    [001] ...2.    26.584337: funcgraph_entry:        0.210 us   |                              desc_read(); (ret=0xffffffff)
    kworker/u8:1-85    [001] ...2.    26.584337: funcgraph_exit:         0.660 us   |                            } (ret=0xffffffea)
    kworker/u8:1-85    [001] ...2.    26.584338: funcgraph_entry:        0.210 us   |                            desc_read(); (ret=0x3)
    kworker/u8:1-85    [001] ...2.    26.584338: funcgraph_entry:        0.210 us   |                            panic_on_this_cpu(); (ret=0xffffff00)
    kworker/u8:1-85    [001] ...2.    26.584339: funcgraph_exit:         2.010 us   |                          } (ret=0x0)
    kworker/u8:1-85    [001] ...2.    26.584339: funcgraph_exit:         2.460 us   |                        } (ret=0x0)
    kworker/u8:1-85    [001] ...2.    26.584339: funcgraph_exit:       + 24.400 us  |                      } (ret=0x0)
    kworker/u8:1-85    [001] ...1.    26.584339: funcgraph_entry:                   |                      __wake_up_klogd() {
    kworker/u8:1-85    [001] ...3.    26.584340: funcgraph_entry:        0.210 us   |                        tick_nohz_tick_stopped(); (ret=0x0)
    kworker/u8:1-85    [001] ...1.    26.584340: funcgraph_exit:         0.790 us   |                      } (ret=0x0)
    kworker/u8:1-85    [001] ...1.    26.584340: funcgraph_exit:       + 50.560 us  |                    } (ret=0x53)
    kworker/u8:1-85    [001] ...1.    26.584341: funcgraph_exit:       + 51.720 us  |                  } (ret=0x53)
    kworker/u8:1-85    [001] ...1.    26.584341: funcgraph_exit:       + 52.270 us  |                } (ret=0x53)
    kworker/u8:1-85    [001] ...1.    26.584341: funcgraph_entry:        0.220 us   |                _raw_write_lock_irq(); (ret=0x0)
    kworker/u8:1-85    [001] d..2.    26.584342: funcgraph_entry:        0.220 us   |                _raw_write_unlock_irq(); (ret=0x0)
    kworker/u8:1-85    [001] ...1.    26.584342: funcgraph_entry:                   |                call_rcu() {
    kworker/u8:1-85    [001] ...1.    26.584342: funcgraph_entry:                   |                  __call_rcu_common() {
    kworker/u8:1-85    [001] d..1.    26.584343: funcgraph_entry:        0.250 us   |                    rcu_segcblist_enqueue(); (ret=0x0)
    kworker/u8:1-85    [001] ...1.    26.584343: funcgraph_exit:         0.820 us   |                  } (ret=0x0)
    kworker/u8:1-85    [001] ...1.    26.584343: funcgraph_exit:         1.290 us   |                } (ret=0x0)
    kworker/u8:1-85    [001] ...1.    26.584344: funcgraph_exit:       + 56.220 us  |              } (ret=0x0)
    kworker/u8:1-85    [001] ...1.    26.584344: funcgraph_entry:                   |              ib_dispatch_event_clients() {
    kworker/u8:1-85    [001] ...1.    26.584344: funcgraph_entry:        0.220 us   |                down_read(); (ret=0x0)
    kworker/u8:1-85    [001] ...1.    26.584345: funcgraph_entry:        0.210 us   |                up_read(); (ret=0x0)
    kworker/u8:1-85    [001] ...1.    26.584345: funcgraph_exit:         1.190 us   |              } (ret=0x0)
    kworker/u8:1-85    [001] ...1.    26.584345: funcgraph_entry:        0.210 us   |              mutex_unlock(); (ret=0x0)
    kworker/u8:1-85    [001] ...1.    26.584346: funcgraph_exit:       + 59.680 us  |            } (ret=0x0)
    kworker/u8:1-85    [001] ...1.    26.584346: funcgraph_exit:       + 60.170 us  |          } (ret=0x0)
    kworker/u8:1-85    [001] ...1.    26.584346: funcgraph_exit:       + 61.300 us  |        } (ret=0x0)
    kworker/u8:1-85    [001] ...1.    26.584346: funcgraph_exit:       + 66.310 us  |      } (ret=0x0)
    kworker/u8:1-85    [001] ...1.    26.584347: funcgraph_entry:        0.210 us   |      __rcu_read_lock(); (ret=0x0)
    kworker/u8:1-85    [001] ...1.    26.584347: funcgraph_entry:        0.220 us   |      __rcu_read_unlock(); (ret=0x0)
    kworker/u8:1-85    [001] ...1.    26.584348: funcgraph_entry:        0.220 us   |      up_read(); (ret=0x0)
    kworker/u8:1-85    [001] ...1.    26.584348: funcgraph_exit:       + 69.970 us  |    } (ret=0x0)
    kworker/u8:1-85    [001] ...1.    26.584348: funcgraph_entry:        0.360 us   |    kfree(); (ret=0x0)
    kworker/u8:1-85    [001] ...1.    26.584349: funcgraph_exit:       + 71.630 us  |  } (ret=0x0)
      networkctl-1798  [000] .L.1.    26.589973: funcgraph_entry:                   |  inet6addr_event() {
      networkctl-1798  [000] .L.1.    26.589974: funcgraph_entry:                   |    addr_event.isra.0() {
      networkctl-1798  [000] .L.1.    26.589974: funcgraph_entry:        0.410 us   |      __kmalloc_cache_noprof(); (ret=0xffff8c6fccd9ca00)
      networkctl-1798  [000] .L.1.    26.589975: funcgraph_entry:                   |      queue_work_on() {
      networkctl-1798  [000] dL.1.    26.589975: funcgraph_entry:        0.210 us   |        clear_pending_if_disabled(); (ret=0x0)
      networkctl-1798  [000] dL.1.    26.589976: funcgraph_entry:                   |        __queue_work() {
      networkctl-1798  [000] dL.1.    26.589976: funcgraph_entry:        0.210 us   |          __rcu_read_lock(); (ret=0x0)
      networkctl-1798  [000] dL.1.    26.589976: funcgraph_entry:        0.220 us   |          _raw_spin_lock(); (ret=0x0)
      networkctl-1798  [000] dL.2.    26.589977: funcgraph_entry:        0.240 us   |          pwq_tryinc_nr_active(); (ret=0x1)
      networkctl-1798  [000] dL.2.    26.589977: funcgraph_entry:        0.320 us   |          kick_pool_pick(); (ret=0x1)
      networkctl-1798  [000] dL.2.    26.589978: funcgraph_entry:        0.230 us   |          _raw_spin_unlock(); (ret=0x0)
      networkctl-1798  [000] dL.1.    26.589978: funcgraph_entry:                   |          wake_up_process() {
      networkctl-1798  [000] dL.1.    26.589979: funcgraph_entry:                   |            try_to_wake_up() {
      networkctl-1798  [000] dL.2.    26.589979: funcgraph_entry:        0.220 us   |              _raw_spin_lock_irqsave(); (ret=0x86)
      networkctl-1798  [000] dL.3.    26.589979: funcgraph_entry:                   |              select_task_rq_fair() {
      networkctl-1798  [000] dL.3.    26.589980: funcgraph_entry:        0.240 us   |                choose_idle_cpu(); (ret=0x0)
      networkctl-1798  [000] dL.3.    26.589980: funcgraph_exit:         0.870 us   |              } (ret=0x1)
      networkctl-1798  [000] dL.3.    26.589981: funcgraph_entry:        0.250 us   |              kthread_is_per_cpu(); (ret=0x0)
      networkctl-1798  [000] dL.3.    26.589981: funcgraph_entry:                   |              ttwu_queue_wakelist() {
      networkctl-1798  [000] dL.3.    26.589981: funcgraph_entry:        0.210 us   |                scx_allow_ttwu_queue(); (ret=0x1)
      networkctl-1798  [000] dL.3.    26.589982: funcgraph_entry:                   |                __smp_call_single_queue() {
      networkctl-1798  [000] dL.3.    26.589982: funcgraph_entry:        0.230 us   |                  call_function_single_prep_ipi(); (ret=0x1)
      networkctl-1798  [000] dL.3.    26.589983: funcgraph_entry:                   |                  native_send_call_func_single_ipi() {
      networkctl-1798  [000] dL.3.    26.589983: funcgraph_entry:        2.150 us   |                    x2apic_send_IPI(); (ret=0x0)
      networkctl-1798  [000] dL.3.    26.589985: funcgraph_exit:         2.670 us   |                  } (ret=0x0)
      networkctl-1798  [000] dL.3.    26.589986: funcgraph_exit:         3.710 us   |                } (ret=0x0)
      networkctl-1798  [000] dL.3.    26.589986: funcgraph_exit:         4.730 us   |              } (ret=0x1)
      networkctl-1798  [000] dL.3.    26.589986: funcgraph_entry:        0.240 us   |              _raw_spin_unlock_irqrestore(); (ret=0x0)
      networkctl-1798  [000] dL.1.    26.589987: funcgraph_exit:         7.870 us   |            } (ret=0x1)
      networkctl-1798  [000] dL.1.    26.589987: funcgraph_exit:         8.320 us   |          } (ret=0x1)
      networkctl-1798  [000] dL.1.    26.589987: funcgraph_entry:        0.260 us   |          __rcu_read_unlock(); (ret=0x0)
      networkctl-1798  [000] dL.1.    26.589987: funcgraph_exit:       + 11.900 us  |        } (ret=0x0)
      networkctl-1798  [000] .L.1.    26.589988: funcgraph_exit:       + 12.830 us  |      } (ret=0x1)
      networkctl-1798  [000] .L.1.    26.589988: funcgraph_exit:       + 14.100 us  |    } (ret=0x0)
      networkctl-1798  [000] .L.1.    26.589988: funcgraph_exit:       + 14.980 us  |  } (ret=0x0)
    kworker/u8:1-85    [001] ...1.    26.590012: funcgraph_entry:                   |  update_gid_event_work_handler() {
    kworker/u8:1-85    [001] ...1.    26.590013: funcgraph_entry:                   |    ib_enum_all_roce_netdevs() {
    kworker/u8:1-85    [001] ...1.    26.590013: funcgraph_entry:        0.290 us   |      down_read(); (ret=0x0)
    kworker/u8:1-85    [001] ...1.    26.590014: funcgraph_entry:        0.220 us   |      __rcu_read_lock(); (ret=0x0)
    kworker/u8:1-85    [001] ...1.    26.590014: funcgraph_entry:        0.230 us   |      __rcu_read_unlock(); (ret=0x0)
    kworker/u8:1-85    [001] ...1.    26.590015: funcgraph_entry:                   |      ib_enum_roce_netdev() {
    kworker/u8:1-85    [001] ...1.    26.590015: funcgraph_entry:                   |        ib_device_get_netdev() {
    kworker/u8:1-85    [001] ...1.    26.590016: funcgraph_entry:        0.210 us   |          _raw_spin_lock(); (ret=0x0)
    kworker/u8:1-85    [001] ...2.    26.590016: funcgraph_entry:        0.220 us   |          _raw_spin_unlock(); (ret=0x0)
    kworker/u8:1-85    [001] ...1.    26.590017: funcgraph_exit:         1.520 us   |        } (ret=0xffff8c6fc16d4000)
    kworker/u8:1-85    [001] ...1.    26.590017: funcgraph_entry:                   |        is_eth_port_of_netdev_filter() {
    kworker/u8:1-85    [001] ...1.    26.590017: funcgraph_entry:                   |          is_eth_port_of_netdev_filter.part.0() {
    kworker/u8:1-85    [001] ...1.    26.590018: funcgraph_entry:        0.210 us   |            __rcu_read_lock(); (ret=0x0)
    kworker/u8:1-85    [001] ...1.    26.590018: funcgraph_entry:                   |            netdev_has_upper_dev_all_rcu() {
    kworker/u8:1-85    [001] ...1.    26.590018: funcgraph_entry:        0.250 us   |              netdev_walk_all_upper_dev_rcu(); (ret=0x0)
    kworker/u8:1-85    [001] ...1.    26.590019: funcgraph_exit:         0.730 us   |            } (ret=0x0)
    kworker/u8:1-85    [001] ...1.    26.590019: funcgraph_entry:        0.220 us   |            __rcu_read_unlock(); (ret=0x0)
    kworker/u8:1-85    [001] ...1.    26.590020: funcgraph_exit:         2.160 us   |          } (ret=0x1)
    kworker/u8:1-85    [001] ...1.    26.590020: funcgraph_exit:         2.700 us   |        } (ret=0x1)
    kworker/u8:1-85    [001] ...1.    26.590020: funcgraph_entry:                   |        callback_for_addr_gid_device_scan() {
    kworker/u8:1-85    [001] ...1.    26.590020: funcgraph_entry:        0.330 us   |          roce_gid_type_mask_support.part.0(); (ret=0x4)
    kworker/u8:1-85    [001] ...1.    26.590021: funcgraph_entry:                   |          ib_cache_gid_add() {
    kworker/u8:1-85    [001] ...1.    26.590021: funcgraph_entry:                   |            __ib_cache_gid_add() {
    kworker/u8:1-85    [001] ...1.    26.590021: funcgraph_entry:        0.210 us   |              rdma_is_zero_gid(); (ret=0x0)
    kworker/u8:1-85    [001] ...1.    26.590022: funcgraph_entry:        0.240 us   |              mutex_lock(); (ret=0x0)
    kworker/u8:1-85    [001] ...1.    26.590022: funcgraph_entry:        0.320 us   |              find_gid(); (ret=0x0)
    kworker/u8:1-85    [001] ...1.    26.590023: funcgraph_entry:        0.210 us   |              mutex_unlock(); (ret=0x0)
    kworker/u8:1-85    [001] ...1.    26.590023: funcgraph_exit:         2.240 us   |            } (ret=0x0)
    kworker/u8:1-85    [001] ...1.    26.590024: funcgraph_exit:         2.710 us   |          } (ret=0x0)
    kworker/u8:1-85    [001] ...1.    26.590024: funcgraph_exit:         3.790 us   |        } (ret=0x0)
    kworker/u8:1-85    [001] ...1.    26.590024: funcgraph_exit:         9.200 us   |      } (ret=0x0)
    kworker/u8:1-85    [001] ...1.    26.590024: funcgraph_entry:        0.210 us   |      __rcu_read_lock(); (ret=0x0)
    kworker/u8:1-85    [001] ...1.    26.590025: funcgraph_entry:        0.220 us   |      __rcu_read_unlock(); (ret=0x0)
    kworker/u8:1-85    [001] ...1.    26.590025: funcgraph_entry:        0.220 us   |      up_read(); (ret=0x0)
    kworker/u8:1-85    [001] ...1.    26.590026: funcgraph_exit:       + 12.880 us  |    } (ret=0x0)
    kworker/u8:1-85    [001] ...1.    26.590026: funcgraph_entry:        0.420 us   |    kfree(); (ret=0x0)
    kworker/u8:1-85    [001] ...1.    26.590027: funcgraph_exit:       + 14.530 us  |  } (ret=0x0)
 systemd-network-800   [000] ...1.    26.594572: funcgraph_entry:                   |  inetaddr_event() {
 systemd-network-800   [000] ...1.    26.594572: funcgraph_entry:                   |    addr_event.isra.0() {
 systemd-network-800   [000] ...1.    26.594573: funcgraph_entry:                   |      __kmalloc_cache_noprof() {
 systemd-network-800   [000] ...3.    26.594573: funcgraph_entry:        0.310 us   |        housekeeping_any_cpu(); (ret=0x0)
 systemd-network-800   [000] ...4.    26.594574: funcgraph_entry:                   |        arch_irq_work_raise() {
 systemd-network-800   [000] ...4.    26.594574: funcgraph_entry:                   |          x2apic_send_IPI_self() {
 systemd-network-800   [000] d..4.    26.594578: funcgraph_entry:        0.320 us   |            irq_enter_rcu(); (ret=0x0)
 systemd-network-800   [000] d.h4.    26.594578: funcgraph_entry:                   |            __sysvec_irq_work() {
 systemd-network-800   [000] d.h4.    26.594579: funcgraph_entry:                   |              __wake_up() {
 systemd-network-800   [000] d.h4.    26.594579: funcgraph_entry:        0.230 us   |                _raw_spin_lock_irqsave(); (ret=0x86)
 systemd-network-800   [000] d.h5.    26.594587: funcgraph_entry:        0.280 us   |                __wake_up_common(); (ret=0x0)
 systemd-network-800   [000] d.h5.    26.594587: funcgraph_entry:        0.230 us   |                _raw_spin_unlock_irqrestore(); (ret=0x0)
 systemd-network-800   [000] d.h4.    26.594588: funcgraph_exit:         9.090 us   |              } (ret=0x0)
 systemd-network-800   [000] d.h4.    26.594588: funcgraph_entry:        0.220 us   |              _raw_spin_lock(); (ret=0x0)
 systemd-network-800   [000] d.h5.    26.594588: funcgraph_entry:        0.220 us   |              _raw_spin_unlock(); (ret=0x0)
 systemd-network-800   [000] d.h4.    26.594589: funcgraph_entry:                   |              __wake_up() {
 systemd-network-800   [000] d.h4.    26.594589: funcgraph_entry:        0.210 us   |                _raw_spin_lock_irqsave(); (ret=0x86)
 systemd-network-800   [000] d.h5.    26.594590: funcgraph_entry:                   |                __wake_up_common() {
 systemd-network-800   [000] d.h5.    26.594590: funcgraph_entry:                   |                  pollwake() {
 systemd-network-800   [000] d.h5.    26.594590: funcgraph_entry:                   |                    default_wake_function() {
 systemd-network-800   [000] d.h5.    26.594591: funcgraph_entry:                   |                      try_to_wake_up() {
 systemd-network-800   [000] d.h6.    26.594591: funcgraph_entry:        0.290 us   |                        _raw_spin_lock_irqsave(); (ret=0x96)
 systemd-network-800   [000] d.h7.    26.594591: funcgraph_entry:                   |                        select_task_rq_fair() {
 systemd-network-800   [000] d.h7.    26.594592: funcgraph_entry:        0.220 us   |                          choose_idle_cpu(); (ret=0x0)
 systemd-network-800   [000] d.h7.    26.594592: funcgraph_entry:        0.220 us   |                          cpus_share_cache(); (ret=0xffff8c70a11f0000)
 systemd-network-800   [000] d.h7.    26.594593: funcgraph_exit:         1.210 us   |                        } (ret=0x0)
 systemd-network-800   [000] d.h7.    26.594593: funcgraph_entry:                   |                        ttwu_queue_wakelist() {
 systemd-network-800   [000] d.h7.    26.594593: funcgraph_entry:        0.210 us   |                          scx_allow_ttwu_queue(); (ret=0x1)
 systemd-network-800   [000] d.h7.    26.594594: funcgraph_exit:         0.680 us   |                        } (ret=0x0)
 systemd-network-800   [000] d.h7.    26.594594: funcgraph_entry:                   |                        raw_spin_rq_lock_nested.constprop.0() {
 systemd-network-800   [000] d.h8.    26.594594: funcgraph_entry:        0.210 us   |                          _raw_spin_lock(); (ret=0x0)
 systemd-network-800   [000] d.h8.    26.594595: funcgraph_exit:         0.660 us   |                        } (ret=0x0)
 systemd-network-800   [000] d.h8.    26.594595: funcgraph_entry:                   |                        update_rq_clock() {
 systemd-network-800   [000] d.h8.    26.594595: funcgraph_entry:        0.210 us   |                          arch_scale_cpu_capacity(); (ret=0x400)
 systemd-network-800   [000] d.h8.    26.594596: funcgraph_exit:         0.730 us   |                        } (ret=0x0)
 systemd-network-800   [000] d.h8.    26.594596: funcgraph_entry:                   |                        ttwu_do_activate() {
 systemd-network-800   [000] d.h8.    26.594596: funcgraph_entry:                   |                          enqueue_task() {
 systemd-network-800   [000] d.h8.    26.594596: funcgraph_entry:                   |                            enqueue_task_fair() {
 systemd-network-800   [000] d.h8.    26.594597: funcgraph_entry:                   |                              update_curr() {
 systemd-network-800   [000] d.h8.    26.594597: funcgraph_entry:                   |                                update_se() {
 systemd-network-800   [000] d.h8.    26.594597: funcgraph_entry:        0.230 us   |                                  cpuacct_charge(); (ret=0x0)
 systemd-network-800   [000] d.h8.    26.594598: funcgraph_entry:                   |                                  __cgroup_account_cputime() {
 systemd-network-800   [000] d.h9.    26.594598: funcgraph_entry:        0.220 us   |                                    __css_rstat_updated(); (ret=0x0)
 systemd-network-800   [000] d.h8.    26.594598: funcgraph_exit:         0.700 us   |                                  } (ret=0x0)
 systemd-network-800   [000] d.h8.    26.594599: funcgraph_exit:         1.700 us   |                                } (ret=0x1352f)
 systemd-network-800   [000] d.h8.    26.594599: funcgraph_entry:                   |                                dl_server_update() {
 systemd-network-800   [000] d.h8.    26.594599: funcgraph_entry:        0.230 us   |                                  update_curr_dl_se(); (ret=0x0)
 systemd-network-800   [000] d.h8.    26.594600: funcgraph_exit:         0.700 us   |                                } (ret=0x0)
 systemd-network-800   [000] d.h8.    26.594600: funcgraph_exit:         3.140 us   |                              } (ret=0x0)
 systemd-network-800   [000] d.h8.    26.594600: funcgraph_entry:        0.230 us   |                              update_curr(); (ret=0x0)
 systemd-network-800   [000] d.h8.    26.594601: funcgraph_entry:        0.330 us   |                              __update_load_avg_se(); (ret=0x1)
 systemd-network-800   [000] d.h8.    26.594601: funcgraph_entry:        0.240 us   |                              __update_load_avg_cfs_rq(); (ret=0x1)
 systemd-network-800   [000] d.h8.    26.594602: funcgraph_entry:        0.290 us   |                              account_llc_enqueue(); (ret=0x0)
 systemd-network-800   [000] d.h8.    26.594602: funcgraph_entry:        0.250 us   |                              update_curr(); (ret=0x0)
 systemd-network-800   [000] d.h8.    26.594603: funcgraph_entry:        0.240 us   |                              __update_load_avg_se(); (ret=0x1)
 systemd-network-800   [000] d.h8.    26.594603: funcgraph_entry:        0.220 us   |                              __update_load_avg_cfs_rq(); (ret=0x1)
 systemd-network-800   [000] d.h8.    26.594604: funcgraph_entry:                   |                              calc_concur_shares() {
 systemd-network-800   [000] d.h8.    26.594604: funcgraph_entry:        0.200 us   |                                tg_cpus(); (ret=0x2)
 systemd-network-800   [000] d.h8.    26.594605: funcgraph_entry:        0.220 us   |                                __calc_smp_shares(); (ret=0x921f6)
 systemd-network-800   [000] d.h8.    26.594605: funcgraph_exit:         1.130 us   |                              } (ret=0x921f6)
 systemd-network-800   [000] d.h8.    26.594605: funcgraph_entry:        0.220 us   |                              reweight_entity(); (ret=0x0)
 systemd-network-800   [000] d.h8.    26.594606: funcgraph_entry:        0.230 us   |                              update_curr(); (ret=0x0)
 systemd-network-800   [000] d.h8.    26.594606: funcgraph_entry:        0.220 us   |                              __update_load_avg_se(); (ret=0x1)
 systemd-network-800   [000] d.h8.    26.594607: funcgraph_entry:        0.210 us   |                              __update_load_avg_cfs_rq(); (ret=0x1)
 systemd-network-800   [000] d.h8.    26.594607: funcgraph_entry:                   |                              calc_concur_shares() {
 systemd-network-800   [000] d.h8.    26.594607: funcgraph_entry:        0.200 us   |                                tg_cpus(); (ret=0x2)
 systemd-network-800   [000] d.h8.    26.594608: funcgraph_entry:        0.220 us   |                                __calc_smp_shares(); (ret=0x712cc)
 systemd-network-800   [000] d.h8.    26.594608: funcgraph_exit:         1.120 us   |                              } (ret=0x712cc)
 systemd-network-800   [000] d.h8.    26.594609: funcgraph_entry:        0.210 us   |                              reweight_entity(); (ret=0x0)
 systemd-network-800   [000] d.h8.    26.594609: funcgraph_entry:                   |                              update_curr() {
 systemd-network-800   [000] d.h8.    26.594609: funcgraph_entry:        0.230 us   |                                update_se(); (ret=0x1352f)
 systemd-network-800   [000] d.h8.    26.594610: funcgraph_exit:         0.710 us   |                              } (ret=0x0)
 systemd-network-800   [000] d.h8.    26.594610: funcgraph_entry:        0.220 us   |                              __update_load_avg_se(); (ret=0x1)
 systemd-network-800   [000] d.h8.    26.594611: funcgraph_entry:        0.240 us   |                              __update_load_avg_cfs_rq(); (ret=0x0)
 systemd-network-800   [000] d.h8.    26.594612: funcgraph_entry:                   |                              calc_concur_shares() {
 systemd-network-800   [000] d.h8.    26.594612: funcgraph_entry:        0.210 us   |                                tg_cpus(); (ret=0x2)
 systemd-network-800   [000] d.h8.    26.594612: funcgraph_entry:        0.220 us   |                                __calc_smp_shares(); (ret=0x5eec7)
 systemd-network-800   [000] d.h8.    26.594613: funcgraph_exit:         1.140 us   |                              } (ret=0x5eec7)
 systemd-network-800   [000] d.h8.    26.594613: funcgraph_entry:        0.210 us   |                              reweight_entity(); (ret=0x0)
 systemd-network-800   [000] d.h8.    26.594614: funcgraph_entry:        0.220 us   |                              reweight_eevdf(); (ret=0x0)
 systemd-network-800   [000] d.h8.    26.594614: funcgraph_entry:                   |                              place_entity() {
 systemd-network-800   [000] d.h8.    26.594614: funcgraph_entry:        0.210 us   |                                avg_vruntime(); (ret=0x2a47ba859)
 systemd-network-800   [000] d.h8.    26.594615: funcgraph_exit:         0.690 us   |                              } (ret=0x0)
 systemd-network-800   [000] d.h8.    26.594615: funcgraph_entry:        0.350 us   |                              __enqueue_entity(); (ret=0x0)
 systemd-network-800   [000] d.h8.    26.594616: funcgraph_entry:        0.220 us   |                              hrtimer_active(); (ret=0x1)
 systemd-network-800   [000] d.h8.    26.594616: funcgraph_exit:       + 19.760 us  |                            } (ret=0x0)
 systemd-network-800   [000] d.h8.    26.594616: funcgraph_entry:                   |                            psi_task_change() {
 systemd-network-800   [000] d.h8.    26.594617: funcgraph_entry:        0.280 us   |                              psi_flags_change(); (ret=0x0)
 systemd-network-800   [000] d.h8.    26.594617: funcgraph_entry:                   |                              psi_group_change() {
 systemd-network-800   [000] d.h8.    26.594618: funcgraph_entry:        0.220 us   |                                record_times(); (ret=0x0)
 systemd-network-800   [000] d.h8.    26.594618: funcgraph_exit:         0.740 us   |                              } (ret=0x0)
 systemd-network-800   [000] d.h8.    26.594618: funcgraph_entry:                   |                              psi_group_change() {
 systemd-network-800   [000] d.h8.    26.594619: funcgraph_entry:        0.210 us   |                                record_times(); (ret=0x0)
 systemd-network-800   [000] d.h8.    26.594619: funcgraph_exit:         0.690 us   |                              } (ret=0x0)
 systemd-network-800   [000] d.h8.    26.594619: funcgraph_entry:                   |                              psi_group_change() {
 systemd-network-800   [000] d.h8.    26.594620: funcgraph_entry:        0.210 us   |                                record_times(); (ret=0x0)
 systemd-network-800   [000] d.h8.    26.594620: funcgraph_exit:         0.690 us   |                              } (ret=0x0)
 systemd-network-800   [000] d.h8.    26.594620: funcgraph_entry:                   |                              psi_group_change() {
 systemd-network-800   [000] d.h8.    26.594620: funcgraph_entry:        0.210 us   |                                record_times(); (ret=0x0)
 systemd-network-800   [000] d.h8.    26.594621: funcgraph_exit:         0.700 us   |                              } (ret=0x0)
 systemd-network-800   [000] d.h8.    26.594621: funcgraph_exit:         4.760 us   |                            } (ret=0x0)
 systemd-network-800   [000] d.h8.    26.594621: funcgraph_exit:       + 25.320 us  |                          } (ret=0x0)
 systemd-network-800   [000] d.h8.    26.594622: funcgraph_entry:                   |                          wakeup_preempt() {
 systemd-network-800   [000] d.h8.    26.594622: funcgraph_entry:                   |                            wakeup_preempt_fair() {
 systemd-network-800   [000] d.h8.    26.594622: funcgraph_entry:                   |                              update_curr() {
 systemd-network-800   [000] d.h8.    26.594622: funcgraph_entry:        0.210 us   |                                update_se(); (ret=0x0)
 systemd-network-800   [000] d.h8.    26.594623: funcgraph_exit:         0.670 us   |                              } (ret=0x0)
 systemd-network-800   [000] d.h8.    26.594623: funcgraph_entry:                   |                              update_curr() {
 systemd-network-800   [000] d.h8.    26.594623: funcgraph_entry:        0.230 us   |                                update_se(); (ret=0x1352f)
 systemd-network-800   [000] d.h8.    26.594624: funcgraph_exit:         0.700 us   |                              } (ret=0x0)
 systemd-network-800   [000] d.h8.    26.594624: funcgraph_entry:                   |                              update_curr() {
 systemd-network-800   [000] d.h8.    26.594624: funcgraph_entry:        0.210 us   |                                update_se(); (ret=0x0)
 systemd-network-800   [000] d.h8.    26.594625: funcgraph_exit:         0.670 us   |                              } (ret=0x0)
 systemd-network-800   [000] d.h8.    26.594625: funcgraph_entry:                   |                              pick_eevdf() {
 systemd-network-800   [000] d.h8.    26.594625: funcgraph_entry:        0.210 us   |                                vruntime_eligible(); (ret=0x1)
 systemd-network-800   [000] d.h8.    26.594626: funcgraph_exit:         0.670 us   |                              } (ret=0xffff8c6fd0c5abc0)
 systemd-network-800   [000] d.h8.    26.594626: funcgraph_entry:        0.210 us   |                              avg_vruntime(); (ret=0x2a47b5037)
 systemd-network-800   [000] d.h8.    26.594626: funcgraph_exit:         4.390 us   |                            } (ret=0x0)
 systemd-network-800   [000] d.h8.    26.594627: funcgraph_exit:         4.870 us   |                          } (ret=0x0)
 systemd-network-800   [000] d.h8.    26.594627: funcgraph_exit:       + 31.290 us  |                        } (ret=0x0)
 systemd-network-800   [000] d.h8.    26.594627: funcgraph_entry:        0.220 us   |                        _raw_spin_unlock(); (ret=0x0)
 systemd-network-800   [000] d.h7.    26.594628: funcgraph_entry:        0.220 us   |                        _raw_spin_unlock_irqrestore(); (ret=0x0)
 systemd-network-800   [000] d.h5.    26.594628: funcgraph_exit:       + 37.710 us  |                      } (ret=0x1)
 systemd-network-800   [000] d.h5.    26.594628: funcgraph_exit:       + 38.150 us  |                    } (ret=0x1)
 systemd-network-800   [000] d.h5.    26.594629: funcgraph_exit:       + 38.680 us  |                  } (ret=0x1)
 systemd-network-800   [000] d.h5.    26.594629: funcgraph_exit:       + 39.370 us  |                } (ret=0x0)
 systemd-network-800   [000] d.h5.    26.594629: funcgraph_entry:        0.220 us   |                _raw_spin_unlock_irqrestore(); (ret=0x0)
 systemd-network-800   [000] d.h4.    26.594630: funcgraph_exit:       + 40.750 us  |              } (ret=0x0)
 systemd-network-800   [000] d.h4.    26.594630: funcgraph_exit:       + 51.710 us  |            } (ret=0x0)
 systemd-network-800   [000] d.h4.    26.594630: funcgraph_entry:                   |            irq_exit_rcu() {
 systemd-network-800   [000] d..4.    26.594631: funcgraph_entry:        0.230 us   |              sched_core_idle_cpu(); (ret=0x0)
 systemd-network-800   [000] d..4.    26.594631: funcgraph_exit:         0.800 us   |            } (ret=0x0)
 systemd-network-800   [000] d..4.    26.594631: funcgraph_entry:        0.220 us   |            raw_irqentry_exit_cond_resched(); (ret=0x0)
 systemd-network-800   [000] ...4.    26.594632: funcgraph_exit:       + 57.851 us  |          } (ret=0x0)
 systemd-network-800   [000] ...4.    26.594632: funcgraph_exit:       + 58.341 us  |        } (ret=0x0)
 systemd-network-800   [000] ...1.    26.594633: funcgraph_exit:       + 60.061 us  |      } (ret=0xffff8c6fc39c3a00)
 systemd-network-800   [000] ...1.    26.594633: funcgraph_entry:                   |      queue_work_on() {
 systemd-network-800   [000] d..1.    26.594633: funcgraph_entry:        0.230 us   |        clear_pending_if_disabled(); (ret=0x0)
 systemd-network-800   [000] d..1.    26.594634: funcgraph_entry:                   |        __queue_work() {
 systemd-network-800   [000] d..1.    26.594634: funcgraph_entry:        0.210 us   |          __rcu_read_lock(); (ret=0x0)
 systemd-network-800   [000] d..1.    26.594634: funcgraph_entry:        0.220 us   |          _raw_spin_lock(); (ret=0x0)
 systemd-network-800   [000] d..2.    26.594635: funcgraph_entry:        0.230 us   |          pwq_tryinc_nr_active(); (ret=0x1)
 systemd-network-800   [000] d..2.    26.594635: funcgraph_entry:        0.270 us   |          kick_pool_pick(); (ret=0x1)
 systemd-network-800   [000] d..2.    26.594636: funcgraph_entry:        0.230 us   |          _raw_spin_unlock(); (ret=0x0)
 systemd-network-800   [000] d..1.    26.594637: funcgraph_entry:                   |          wake_up_process() {
 systemd-network-800   [000] d..1.    26.594637: funcgraph_entry:                   |            try_to_wake_up() {
 systemd-network-800   [000] d..2.    26.594637: funcgraph_entry:        0.210 us   |              _raw_spin_lock_irqsave(); (ret=0x96)
 systemd-network-800   [000] d..3.    26.594638: funcgraph_entry:                   |              select_task_rq_fair() {
 systemd-network-800   [000] d..3.    26.594638: funcgraph_entry:        0.210 us   |                choose_idle_cpu(); (ret=0x0)
 systemd-network-800   [000] d..3.    26.594638: funcgraph_exit:         0.700 us   |              } (ret=0x1)
 systemd-network-800   [000] d..3.    26.594638: funcgraph_entry:        0.270 us   |              kthread_is_per_cpu(); (ret=0x0)
 systemd-network-800   [000] d..3.    26.594639: funcgraph_entry:                   |              ttwu_queue_wakelist() {
 systemd-network-800   [000] d..3.    26.594639: funcgraph_entry:        0.210 us   |                scx_allow_ttwu_queue(); (ret=0x1)
 systemd-network-800   [000] d..3.    26.594640: funcgraph_entry:                   |                __smp_call_single_queue() {
 systemd-network-800   [000] d..3.    26.594641: funcgraph_entry:        0.210 us   |                  call_function_single_prep_ipi(); (ret=0x1)
 systemd-network-800   [000] d..3.    26.594642: funcgraph_entry:                   |                  native_send_call_func_single_ipi() {
 systemd-network-800   [000] d..3.    26.594642: funcgraph_entry:        3.860 us   |                    x2apic_send_IPI(); (ret=0x0)
 systemd-network-800   [000] d..3.    26.594646: funcgraph_exit:         4.510 us   |                  } (ret=0x0)
 systemd-network-800   [000] d..3.    26.594646: funcgraph_exit:         6.370 us   |                } (ret=0x0)
 systemd-network-800   [000] d..3.    26.594647: funcgraph_exit:         7.520 us   |              } (ret=0x1)
 systemd-network-800   [000] d..3.    26.594647: funcgraph_entry:        0.230 us   |              _raw_spin_unlock_irqrestore(); (ret=0x0)
 systemd-network-800   [000] d..1.    26.594647: funcgraph_exit:       + 10.470 us  |            } (ret=0x1)
 systemd-network-800   [000] d..1.    26.594648: funcgraph_exit:       + 10.940 us  |          } (ret=0x1)
 systemd-network-800   [000] d..1.    26.594648: funcgraph_entry:        0.220 us   |          __rcu_read_unlock(); (ret=0x0)
 systemd-network-800   [000] d..1.    26.594648: funcgraph_exit:       + 14.540 us  |        } (ret=0x0)
 systemd-network-800   [000] ...1.    26.594648: funcgraph_exit:       + 15.540 us  |      } (ret=0x1)
 systemd-network-800   [000] ...1.    26.594649: funcgraph_exit:       + 76.431 us  |    } (ret=0x0)
 systemd-network-800   [000] ...1.    26.594649: funcgraph_exit:       + 77.351 us  |  } (ret=0x0)
    kworker/u8:0-12    [001] ...1.    26.594663: funcgraph_entry:                   |  update_gid_event_work_handler() {
    kworker/u8:0-12    [001] ...1.    26.594663: funcgraph_entry:                   |    ib_enum_all_roce_netdevs() {
    kworker/u8:0-12    [001] ...1.    26.594664: funcgraph_entry:        0.320 us   |      down_read(); (ret=0x0)
    kworker/u8:0-12    [001] ...1.    26.594664: funcgraph_entry:        0.210 us   |      __rcu_read_lock(); (ret=0x0)
    kworker/u8:0-12    [001] ...1.    26.594665: funcgraph_entry:        0.240 us   |      __rcu_read_unlock(); (ret=0x0)
    kworker/u8:0-12    [001] ...1.    26.594665: funcgraph_entry:                   |      ib_enum_roce_netdev() {
    kworker/u8:0-12    [001] ...1.    26.594666: funcgraph_entry:                   |        ib_device_get_netdev() {
    kworker/u8:0-12    [001] ...1.    26.594666: funcgraph_entry:        0.210 us   |          _raw_spin_lock(); (ret=0x0)
    kworker/u8:0-12    [001] ...2.    26.594666: funcgraph_entry:        0.220 us   |          _raw_spin_unlock(); (ret=0x0)
    kworker/u8:0-12    [001] ...1.    26.594667: funcgraph_exit:         1.220 us   |        } (ret=0xffff8c6fc16d4000)
    kworker/u8:0-12    [001] ...1.    26.594667: funcgraph_entry:                   |        is_eth_port_of_netdev_filter() {
    kworker/u8:0-12    [001] ...1.    26.594667: funcgraph_entry:                   |          is_eth_port_of_netdev_filter.part.0() {
    kworker/u8:0-12    [001] ...1.    26.594668: funcgraph_entry:        0.200 us   |            __rcu_read_lock(); (ret=0x0)
    kworker/u8:0-12    [001] ...1.    26.594668: funcgraph_entry:                   |            netdev_has_upper_dev_all_rcu() {
    kworker/u8:0-12    [001] ...1.    26.594668: funcgraph_entry:        0.240 us   |              netdev_walk_all_upper_dev_rcu(); (ret=0x0)
    kworker/u8:0-12    [001] ...1.    26.594669: funcgraph_exit:         0.710 us   |            } (ret=0x0)
    kworker/u8:0-12    [001] ...1.    26.594669: funcgraph_entry:        0.210 us   |            __rcu_read_unlock(); (ret=0x0)
    kworker/u8:0-12    [001] ...1.    26.594670: funcgraph_exit:         2.120 us   |          } (ret=0x1)
    kworker/u8:0-12    [001] ...1.    26.594670: funcgraph_exit:         2.570 us   |        } (ret=0x1)
    kworker/u8:0-12    [001] ...1.    26.594670: funcgraph_entry:                   |        callback_for_addr_gid_device_scan() {
    kworker/u8:0-12    [001] ...1.    26.594670: funcgraph_entry:        0.340 us   |          roce_gid_type_mask_support.part.0(); (ret=0x4)
    kworker/u8:0-12    [001] ...1.    26.594671: funcgraph_entry:                   |          ib_cache_gid_add() {
    kworker/u8:0-12    [001] ...1.    26.594671: funcgraph_entry:                   |            __ib_cache_gid_add() {
    kworker/u8:0-12    [001] ...1.    26.594671: funcgraph_entry:        0.220 us   |              rdma_is_zero_gid(); (ret=0x0)
    kworker/u8:0-12    [001] ...1.    26.594672: funcgraph_entry:        0.240 us   |              mutex_lock(); (ret=0x0)
    kworker/u8:0-12    [001] ...1.    26.594672: funcgraph_entry:        0.990 us   |              find_gid(); (ret=0xffffffff)
    kworker/u8:0-12    [001] ...1.    26.594674: funcgraph_entry:                   |              add_modify_gid() {
    kworker/u8:0-12    [001] ...1.    26.594674: funcgraph_entry:        0.220 us   |                rdma_is_zero_gid(); (ret=0x0)
    kworker/u8:0-12    [001] ...1.    26.594674: funcgraph_entry:        0.390 us   |                __kmalloc_cache_noprof(); (ret=0xffff8c6fcf05ec80)
    kworker/u8:0-12    [001] ...1.    26.594675: funcgraph_entry:        0.350 us   |                __kmalloc_cache_noprof(); (ret=0xffff8c6fcc84c340)
    kworker/u8:0-12    [001] ...1.    26.594676: funcgraph_entry:        0.380 us   |                dev_driver_string(); (ret=0xffffffffc04d7529)
    kworker/u8:0-12    [001] ...1.    26.594676: funcgraph_entry:                   |                dev_printk_emit() {
    kworker/u8:0-12    [001] ...1.    26.594677: funcgraph_entry:                   |                  dev_vprintk_emit() {
    kworker/u8:0-12    [001] ...1.    26.594678: funcgraph_entry:                   |                    vprintk_emit() {
    kworker/u8:0-12    [001] ...1.    26.594678: funcgraph_entry:        0.220 us   |                      panic_on_other_cpu(); (ret=0x0)
    kworker/u8:0-12    [001] ...1.    26.594678: funcgraph_entry:                   |                      nbcon_get_default_prio() {
    kworker/u8:0-12    [001] ...1.    26.594679: funcgraph_entry:        0.210 us   |                        panic_on_this_cpu(); (ret=0xffffff00)
    kworker/u8:0-12    [001] ...1.    26.594679: funcgraph_entry:                   |                        nbcon_get_cpu_emergency_nesting() {
    kworker/u8:0-12    [001] ...1.    26.594679: funcgraph_entry:        0.210 us   |                          printk_percpu_data_ready(); (ret=0x1)
    kworker/u8:0-12    [001] ...1.    26.594680: funcgraph_exit:         0.680 us   |                        } (ret=0xffff8c703bd1d484)
    kworker/u8:0-12    [001] ...1.    26.594680: funcgraph_exit:         1.650 us   |                      } (ret=0x1)
    kworker/u8:0-12    [001] ...1.    26.594680: funcgraph_entry:                   |                      is_printk_legacy_deferred() {
    kworker/u8:0-12    [001] ...1.    26.594680: funcgraph_entry:        0.220 us   |                        is_printk_cpu_sync_owner(); (ret=0xffffff00)
    kworker/u8:0-12    [001] ...1.    26.594682: funcgraph_exit:         1.450 us   |                      } (ret=0xffffff00)
    kworker/u8:0-12    [001] ...1.    26.594682: funcgraph_entry:        0.290 us   |                      is_printk_force_console(); (ret=0x0)
    kworker/u8:0-12    [001] ...1.    26.594683: funcgraph_entry:                   |                      vprintk_store() {
    kworker/u8:0-12    [001] d..1.    26.594683: funcgraph_entry:        0.260 us   |                        local_clock(); (ret=0x62d67d271)
    kworker/u8:0-12    [001] d..1.    26.594684: funcgraph_entry:        0.260 us   |                        printk_parse_prefix(); (ret=0x0)
    kworker/u8:0-12    [001] d..1.    26.594685: funcgraph_entry:        0.210 us   |                        is_printk_force_console(); (ret=0x0)
    kworker/u8:0-12    [001] d..1.    26.594685: funcgraph_entry:                   |                        prb_reserve() {
    kworker/u8:0-12    [001] d..1.    26.594686: funcgraph_entry:                   |                          data_alloc() {
    kworker/u8:0-12    [001] d..1.    26.594686: funcgraph_entry:        0.220 us   |                            data_push_tail(); (ret=0x1)
    kworker/u8:0-12    [001] d..1.    26.594686: funcgraph_exit:         0.770 us   |                          } (ret=0xffffffff9aac74a0)
    kworker/u8:0-12    [001] d..1.    26.594687: funcgraph_entry:        0.230 us   |                          space_used(); (ret=0x68)
    kworker/u8:0-12    [001] d..1.    26.594687: funcgraph_exit:         1.760 us   |                        } (ret=0xffffc401)
    kworker/u8:0-12    [001] d..1.    26.594687: funcgraph_entry:                   |                        printk_sprint() {
    kworker/u8:0-12    [001] d..1.    26.594688: funcgraph_entry:        0.230 us   |                          printk_parse_prefix(); (ret=0x0)
    kworker/u8:0-12    [001] d..1.    26.594689: funcgraph_exit:         1.470 us   |                        } (ret=0x5b)
    kworker/u8:0-12    [001] d..1.    26.594689: funcgraph_entry:                   |                        prb_final_commit() {
    kworker/u8:0-12    [001] d..1.    26.594689: funcgraph_entry:        0.210 us   |                          _prb_commit(); (ret=0x0)
    kworker/u8:0-12    [001] d..1.    26.594690: funcgraph_entry:                   |                          desc_update_last_finalized() {
    kworker/u8:0-12    [001] d..1.    26.594690: funcgraph_entry:                   |                            _prb_read_valid() {
    kworker/u8:0-12    [001] d..1.    26.594690: funcgraph_entry:                   |                              desc_read_finalized_seq() {
    kworker/u8:0-12    [001] d..1.    26.594690: funcgraph_entry:        0.220 us   |                                desc_read(); (ret=0x2)
    kworker/u8:0-12    [001] d..1.    26.594691: funcgraph_exit:         0.670 us   |                              } (ret=0x0)
    kworker/u8:0-12    [001] d..1.    26.594691: funcgraph_exit:         1.120 us   |                            } (ret=0x1)
    kworker/u8:0-12    [001] d..1.    26.594691: funcgraph_entry:                   |                            _prb_read_valid() {
    kworker/u8:0-12    [001] d..1.    26.594692: funcgraph_entry:                   |                              desc_read_finalized_seq() {
    kworker/u8:0-12    [001] d..1.    26.594692: funcgraph_entry:        0.240 us   |                                desc_read(); (ret=0xffffffff)
    kworker/u8:0-12    [001] d..1.    26.594692: funcgraph_exit:         0.690 us   |                              } (ret=0xffffffea)
    kworker/u8:0-12    [001] d..1.    26.594693: funcgraph_entry:        0.210 us   |                              desc_read(); (ret=0x3)
    kworker/u8:0-12    [001] d..1.    26.594693: funcgraph_entry:        0.210 us   |                              panic_on_this_cpu(); (ret=0xffffff00)
    kworker/u8:0-12    [001] d..1.    26.594694: funcgraph_exit:         2.070 us   |                            } (ret=0x0)
    kworker/u8:0-12    [001] d..1.    26.594694: funcgraph_exit:         3.910 us   |                          } (ret=0x0)
    kworker/u8:0-12    [001] d..1.    26.594694: funcgraph_exit:         4.840 us   |                        } (ret=0x0)
    kworker/u8:0-12    [001] ...1.    26.594694: funcgraph_exit:       + 11.630 us  |                      } (ret=0x5b)
    kworker/u8:0-12    [001] ...2.    26.594694: funcgraph_entry:        0.210 us   |                      panic_on_other_cpu(); (ret=0x0)
    kworker/u8:0-12    [001] ...2.    26.594695: funcgraph_entry:                   |                      __down_trylock_console_sem.isra.0() {
    kworker/u8:0-12    [001] d..2.    26.594695: funcgraph_entry:        0.220 us   |                        __printk_safe_enter(); (ret=0x286)
    kworker/u8:0-12    [001] d..2.    26.594696: funcgraph_entry:                   |                        down_trylock() {
    kworker/u8:0-12    [001] d..2.    26.594696: funcgraph_entry:        0.210 us   |                          _raw_spin_lock_irqsave(); (ret=0x86)
    kworker/u8:0-12    [001] d..3.    26.594696: funcgraph_entry:        0.230 us   |                          _raw_spin_unlock_irqrestore(); (ret=0x0)
    kworker/u8:0-12    [001] d..2.    26.594697: funcgraph_exit:         1.160 us   |                        } (ret=0x0)
    kworker/u8:0-12    [001] d..2.    26.594697: funcgraph_entry:        0.220 us   |                        __printk_safe_exit(); (ret=0x0)
    kworker/u8:0-12    [001] ...2.    26.594697: funcgraph_exit:         2.570 us   |                      } (ret=0x0)
    kworker/u8:0-12    [001] ...2.    26.594698: funcgraph_entry:                   |                      console_unlock() {
    kworker/u8:0-12    [001] ...2.    26.594698: funcgraph_entry:                   |                        nbcon_get_default_prio() {
    kworker/u8:0-12    [001] ...2.    26.594698: funcgraph_entry:        0.200 us   |                          panic_on_this_cpu(); (ret=0xffffff00)
    kworker/u8:0-12    [001] ...2.    26.594699: funcgraph_entry:                   |                          nbcon_get_cpu_emergency_nesting() {
    kworker/u8:0-12    [001] ...2.    26.594699: funcgraph_entry:        0.210 us   |                            printk_percpu_data_ready(); (ret=0x1)
    kworker/u8:0-12    [001] ...2.    26.594699: funcgraph_exit:         0.660 us   |                          } (ret=0xffff8c703bd1d484)
    kworker/u8:0-12    [001] ...2.    26.594700: funcgraph_exit:         1.550 us   |                        } (ret=0x1)
    kworker/u8:0-12    [001] ...2.    26.594700: funcgraph_entry:                   |                        is_printk_legacy_deferred() {
    kworker/u8:0-12    [001] ...2.    26.594700: funcgraph_entry:        0.200 us   |                          is_printk_cpu_sync_owner(); (ret=0xffffff00)
    kworker/u8:0-12    [001] ...2.    26.594700: funcgraph_exit:         0.660 us   |                        } (ret=0xffffff00)
    kworker/u8:0-12    [001] ...2.    26.594701: funcgraph_entry:                   |                        console_flush_one_record() {
    kworker/u8:0-12    [001] ...2.    26.594701: funcgraph_entry:                   |                          nbcon_get_default_prio() {
    kworker/u8:0-12    [001] ...2.    26.594701: funcgraph_entry:        0.210 us   |                            panic_on_this_cpu(); (ret=0xffffff00)
    kworker/u8:0-12    [001] ...2.    26.594702: funcgraph_entry:                   |                            nbcon_get_cpu_emergency_nesting() {
    kworker/u8:0-12    [001] ...2.    26.594702: funcgraph_entry:        0.210 us   |                              printk_percpu_data_ready(); (ret=0x1)
    kworker/u8:0-12    [001] ...2.    26.594702: funcgraph_exit:         0.650 us   |                            } (ret=0xffff8c703bd1d484)
    kworker/u8:0-12    [001] ...2.    26.594702: funcgraph_exit:         1.540 us   |                          } (ret=0x1)
    kworker/u8:0-12    [001] ...2.    26.594703: funcgraph_entry:                   |                          is_printk_legacy_deferred() {
    kworker/u8:0-12    [001] ...2.    26.594703: funcgraph_entry:        0.200 us   |                            is_printk_cpu_sync_owner(); (ret=0xffffff00)
    kworker/u8:0-12    [001] ...2.    26.594703: funcgraph_exit:         0.650 us   |                          } (ret=0xffffff00)
    kworker/u8:0-12    [001] ...2.    26.594704: funcgraph_entry:        0.220 us   |                          __srcu_read_lock(); (ret=0x0)
    kworker/u8:0-12    [001] ...2.    26.594704: funcgraph_entry:                   |                          printk_get_next_message() {
    kworker/u8:0-12    [001] ...2.    26.594704: funcgraph_entry:                   |                            prb_read_valid() {
    kworker/u8:0-12    [001] ...2.    26.594705: funcgraph_entry:                   |                              _prb_read_valid() {
    kworker/u8:0-12    [001] ...2.    26.594705: funcgraph_entry:                   |                                desc_read_finalized_seq() {
    kworker/u8:0-12    [001] ...2.    26.594705: funcgraph_entry:        0.210 us   |                                  desc_read(); (ret=0x2)
    kworker/u8:0-12    [001] ...2.    26.594706: funcgraph_exit:         0.660 us   |                                } (ret=0x0)
    kworker/u8:0-12    [001] ...2.    26.594706: funcgraph_entry:        0.230 us   |                                get_data(); (ret=0xffffffff9aac74a0)
    kworker/u8:0-12    [001] ...2.    26.594706: funcgraph_entry:                   |                                desc_read_finalized_seq() {
    kworker/u8:0-12    [001] ...2.    26.594706: funcgraph_entry:        0.210 us   |                                  desc_read(); (ret=0x2)
    kworker/u8:0-12    [001] ...2.    26.594707: funcgraph_exit:         0.660 us   |                                } (ret=0x0)
    kworker/u8:0-12    [001] ...2.    26.594707: funcgraph_exit:         2.530 us   |                              } (ret=0x1)
    kworker/u8:0-12    [001] ...2.    26.594708: funcgraph_exit:         2.980 us   |                            } (ret=0x1)
    kworker/u8:0-12    [001] ...2.    26.594708: funcgraph_exit:         3.770 us   |                          } (ret=0x1)
    kworker/u8:0-12    [001] ...2.    26.594708: funcgraph_entry:        0.280 us   |                          panic_on_other_cpu(); (ret=0x0)
    kworker/u8:0-12    [001] ...2.    26.594709: funcgraph_entry:        0.220 us   |                          __srcu_read_unlock(); (ret=0x0)
    kworker/u8:0-12    [001] ...2.    26.594709: funcgraph_exit:         8.480 us   |                        } (ret=0x1)
    kworker/u8:0-12    [001] ...2.    26.594709: funcgraph_entry:                   |                        console_flush_one_record() {
    kworker/u8:0-12    [001] ...2.    26.594710: funcgraph_entry:                   |                          nbcon_get_default_prio() {
    kworker/u8:0-12    [001] ...2.    26.594710: funcgraph_entry:        0.200 us   |                            panic_on_this_cpu(); (ret=0xffffff00)
    kworker/u8:0-12    [001] ...2.    26.594710: funcgraph_entry:                   |                            nbcon_get_cpu_emergency_nesting() {
    kworker/u8:0-12    [001] ...2.    26.594711: funcgraph_entry:        0.210 us   |                              printk_percpu_data_ready(); (ret=0x1)
    kworker/u8:0-12    [001] ...2.    26.594711: funcgraph_exit:         0.660 us   |                            } (ret=0xffff8c703bd1d484)
    kworker/u8:0-12    [001] ...2.    26.594711: funcgraph_exit:         1.540 us   |                          } (ret=0x1)
    kworker/u8:0-12    [001] ...2.    26.594711: funcgraph_entry:                   |                          is_printk_legacy_deferred() {
    kworker/u8:0-12    [001] ...2.    26.594712: funcgraph_entry:        0.200 us   |                            is_printk_cpu_sync_owner(); (ret=0xffffff00)
    kworker/u8:0-12    [001] ...2.    26.594712: funcgraph_exit:         0.650 us   |                          } (ret=0xffffff00)
    kworker/u8:0-12    [001] ...2.    26.594712: funcgraph_entry:        0.210 us   |                          __srcu_read_lock(); (ret=0x0)
    kworker/u8:0-12    [001] ...2.    26.594713: funcgraph_entry:                   |                          printk_get_next_message() {
    kworker/u8:0-12    [001] ...2.    26.594713: funcgraph_entry:                   |                            prb_read_valid() {
    kworker/u8:0-12    [001] ...2.    26.594713: funcgraph_entry:                   |                              _prb_read_valid() {
    kworker/u8:0-12    [001] ...2.    26.594713: funcgraph_entry:                   |                                desc_read_finalized_seq() {
    kworker/u8:0-12    [001] ...2.    26.594714: funcgraph_entry:        0.210 us   |                                  desc_read(); (ret=0xffffffff)
    kworker/u8:0-12    [001] ...2.    26.594714: funcgraph_exit:         0.660 us   |                                } (ret=0xffffffea)
    kworker/u8:0-12    [001] ...2.    26.594714: funcgraph_entry:        0.220 us   |                                desc_read(); (ret=0x3)
    kworker/u8:0-12    [001] ...2.    26.594715: funcgraph_entry:        0.210 us   |                                panic_on_this_cpu(); (ret=0xffffff00)
    kworker/u8:0-12    [001] ...2.    26.594715: funcgraph_exit:         2.020 us   |                              } (ret=0x0)
    kworker/u8:0-12    [001] ...2.    26.594716: funcgraph_exit:         2.480 us   |                            } (ret=0x0)
    kworker/u8:0-12    [001] ...2.    26.594716: funcgraph_exit:         2.940 us   |                          } (ret=0x0)
    kworker/u8:0-12    [001] ...2.    26.594716: funcgraph_entry:        0.210 us   |                          __srcu_read_unlock(); (ret=0x0)
    kworker/u8:0-12    [001] ...2.    26.594716: funcgraph_exit:         7.010 us   |                        } (ret=0x1)
    kworker/u8:0-12    [001] ...2.    26.594717: funcgraph_entry:                   |                        __up_console_sem.isra.0() {
    kworker/u8:0-12    [001] d..2.    26.594717: funcgraph_entry:        0.210 us   |                          __printk_safe_enter(); (ret=0x282)
    kworker/u8:0-12    [001] d..2.    26.594717: funcgraph_entry:                   |                          up() {
    kworker/u8:0-12    [001] d..2.    26.594718: funcgraph_entry:        0.200 us   |                            _raw_spin_lock_irqsave(); (ret=0x82)
    kworker/u8:0-12    [001] d..3.    26.594718: funcgraph_entry:        0.220 us   |                            _raw_spin_unlock_irqrestore(); (ret=0x0)
    kworker/u8:0-12    [001] d..2.    26.594719: funcgraph_exit:         1.140 us   |                          } (ret=0x0)
    kworker/u8:0-12    [001] d..2.    26.594719: funcgraph_entry:        0.210 us   |                          __printk_safe_exit(); (ret=0x0)
    kworker/u8:0-12    [001] ...2.    26.594719: funcgraph_exit:         2.510 us   |                        } (ret=0x0)
    kworker/u8:0-12    [001] ...2.    26.594719: funcgraph_entry:                   |                        prb_read_valid() {
    kworker/u8:0-12    [001] ...2.    26.594720: funcgraph_entry:                   |                          _prb_read_valid() {
    kworker/u8:0-12    [001] ...2.    26.594720: funcgraph_entry:                   |                            desc_read_finalized_seq() {
    kworker/u8:0-12    [001] ...2.    26.594720: funcgraph_entry:        0.210 us   |                              desc_read(); (ret=0xffffffff)
    kworker/u8:0-12    [001] ...2.    26.594721: funcgraph_exit:         0.650 us   |                            } (ret=0xffffffea)
    kworker/u8:0-12    [001] ...2.    26.594721: funcgraph_entry:        0.210 us   |                            desc_read(); (ret=0x3)
    kworker/u8:0-12    [001] ...2.    26.594721: funcgraph_entry:        0.210 us   |                            panic_on_this_cpu(); (ret=0xffffff00)
    kworker/u8:0-12    [001] ...2.    26.594722: funcgraph_exit:         1.990 us   |                          } (ret=0x0)
    kworker/u8:0-12    [001] ...2.    26.594722: funcgraph_exit:         2.440 us   |                        } (ret=0x0)
    kworker/u8:0-12    [001] ...2.    26.594722: funcgraph_exit:       + 24.370 us  |                      } (ret=0x0)
    kworker/u8:0-12    [001] ...1.    26.594722: funcgraph_entry:                   |                      __wake_up_klogd() {
    kworker/u8:0-12    [001] ...3.    26.594723: funcgraph_entry:        0.210 us   |                        tick_nohz_tick_stopped(); (ret=0x0)
    kworker/u8:0-12    [001] ...1.    26.594723: funcgraph_exit:         0.790 us   |                      } (ret=0x0)
    kworker/u8:0-12    [001] ...1.    26.594723: funcgraph_exit:       + 45.870 us  |                    } (ret=0x5b)
    kworker/u8:0-12    [001] ...1.    26.594724: funcgraph_exit:       + 46.980 us  |                  } (ret=0x5b)
    kworker/u8:0-12    [001] ...1.    26.594724: funcgraph_exit:       + 47.450 us  |                } (ret=0x5b)
    kworker/u8:0-12    [001] ...1.    26.594724: funcgraph_entry:        0.210 us   |                _raw_write_lock_irq(); (ret=0x0)
    kworker/u8:0-12    [001] d..2.    26.594725: funcgraph_entry:        0.210 us   |                _raw_write_unlock_irq(); (ret=0x0)
    kworker/u8:0-12    [001] ...1.    26.594725: funcgraph_exit:       + 51.420 us  |              } (ret=0x0)
    kworker/u8:0-12    [001] ...1.    26.594725: funcgraph_entry:                   |              ib_dispatch_event_clients() {
    kworker/u8:0-12    [001] ...1.    26.594726: funcgraph_entry:        0.220 us   |                down_read(); (ret=0x0)
    kworker/u8:0-12    [001] ...1.    26.594726: funcgraph_entry:        0.230 us   |                up_read(); (ret=0x0)
    kworker/u8:0-12    [001] ...1.    26.594726: funcgraph_exit:         1.170 us   |              } (ret=0x0)
    kworker/u8:0-12    [001] ...1.    26.594727: funcgraph_entry:        0.210 us   |              mutex_unlock(); (ret=0x0)
    kworker/u8:0-12    [001] ...1.    26.594727: funcgraph_exit:       + 56.050 us  |            } (ret=0x0)
    kworker/u8:0-12    [001] ...1.    26.594727: funcgraph_exit:       + 56.540 us  |          } (ret=0x0)
    kworker/u8:0-12    [001] ...1.    26.594728: funcgraph_exit:       + 57.650 us  |        } (ret=0x0)
    kworker/u8:0-12    [001] ...1.    26.594728: funcgraph_exit:       + 62.590 us  |      } (ret=0x0)
    kworker/u8:0-12    [001] ...1.    26.594728: funcgraph_entry:        0.220 us   |      __rcu_read_lock(); (ret=0x0)
    kworker/u8:0-12    [001] ...1.    26.594729: funcgraph_entry:        0.220 us   |      __rcu_read_unlock(); (ret=0x0)
    kworker/u8:0-12    [001] ...1.    26.594729: funcgraph_entry:        0.220 us   |      up_read(); (ret=0x0)
    kworker/u8:0-12    [001] ...1.    26.594730: funcgraph_exit:       + 66.230 us  |    } (ret=0x0)
    kworker/u8:0-12    [001] ...1.    26.594730: funcgraph_entry:                   |    kfree() {
    kworker/u8:0-12    [001] ...2.    26.594730: funcgraph_entry:        0.300 us   |      __pcs_replace_full_main(); (ret=0xffff8c703bd3a620)
    kworker/u8:0-12    [001] ...1.    26.594731: funcgraph_exit:         0.960 us   |    } (ret=0x0)
    kworker/u8:0-12    [001] ...1.    26.594731: funcgraph_exit:       + 68.760 us  |  } (ret=0x0)
    kworker/u8:0-12    [001] ...1.    42.049543: funcgraph_entry:                   |  inet6addr_event() {
    kworker/u8:0-12    [001] ...1.    42.049544: funcgraph_entry:        0.380 us   |    addr_event.isra.0(); (ret=0x0)
    kworker/u8:0-12    [001] ...1.    42.049545: funcgraph_exit:         2.490 us   |  } (ret=0x0)
    kworker/u8:0-12    [001] ...1.    42.049622: funcgraph_entry:                   |  inetaddr_event() {
    kworker/u8:0-12    [001] ...1.    42.049623: funcgraph_entry:        0.240 us   |    addr_event.isra.0(); (ret=0x0)
    kworker/u8:0-12    [001] ...1.    42.049623: funcgraph_exit:         0.900 us   |  } (ret=0x0)
   kworker/u13:0-90    [000] ...1.    86.960445: funcgraph_entry:                   |  smbdirect_socket_cleanup_work() {
   kworker/u13:0-90    [000] ...1.    86.960446: funcgraph_entry:                   |    disable_work() {
   kworker/u13:0-90    [000] ...1.    86.960447: funcgraph_entry:                   |      __cancel_work() {
   kworker/u13:0-90    [000] ...1.    86.960447: funcgraph_entry:                   |        try_to_grab_pending() {
   kworker/u13:0-90    [000] d..1.    86.960447: funcgraph_entry:        0.350 us   |          __rcu_read_lock(); (ret=0x0)
   kworker/u13:0-90    [000] d..1.    86.960448: funcgraph_entry:        0.280 us   |          _raw_spin_lock(); (ret=0x0)
   kworker/u13:0-90    [000] d..2.    86.960449: funcgraph_entry:        0.390 us   |          pwq_dec_nr_in_flight(); (ret=0x0)
   kworker/u13:0-90    [000] d..2.    86.960449: funcgraph_entry:        0.280 us   |          _raw_spin_unlock(); (ret=0x0)
   kworker/u13:0-90    [000] d..1.    86.960450: funcgraph_entry:        0.270 us   |          __rcu_read_unlock(); (ret=0x0)
   kworker/u13:0-90    [000] d..1.    86.960451: funcgraph_exit:         3.640 us   |        } (ret=0x1)
   kworker/u13:0-90    [000] ...1.    86.960451: funcgraph_exit:         4.260 us   |      } (ret=0x1)
   kworker/u13:0-90    [000] ...1.    86.960451: funcgraph_exit:         5.010 us   |    } (ret=0x1)
   kworker/u13:0-90    [000] ...1.    86.960452: funcgraph_entry:                   |    disable_work() {
   kworker/u13:0-90    [000] ...1.    86.960452: funcgraph_entry:                   |      __cancel_work() {
   kworker/u13:0-90    [000] ...1.    86.960452: funcgraph_entry:        0.300 us   |        try_to_grab_pending(); (ret=0x0)
   kworker/u13:0-90    [000] ...1.    86.960453: funcgraph_exit:         0.880 us   |      } (ret=0x0)
   kworker/u13:0-90    [000] ...1.    86.960453: funcgraph_exit:         1.430 us   |    } (ret=0x0)
   kworker/u13:0-90    [000] ...1.    86.960453: funcgraph_entry:                   |    disable_work() {
   kworker/u13:0-90    [000] ...1.    86.960454: funcgraph_entry:                   |      __cancel_work() {
   kworker/u13:0-90    [000] ...1.    86.960454: funcgraph_entry:        0.270 us   |        try_to_grab_pending(); (ret=0x0)
   kworker/u13:0-90    [000] ...1.    86.960454: funcgraph_exit:         0.830 us   |      } (ret=0x0)
   kworker/u13:0-90    [000] ...1.    86.960455: funcgraph_exit:         1.400 us   |    } (ret=0x0)
   kworker/u13:0-90    [000] ...1.    86.960455: funcgraph_entry:                   |    disable_work() {
   kworker/u13:0-90    [000] ...1.    86.960455: funcgraph_entry:                   |      __cancel_work() {
   kworker/u13:0-90    [000] ...1.    86.960456: funcgraph_entry:        0.290 us   |        try_to_grab_pending(); (ret=0x0)
   kworker/u13:0-90    [000] ...1.    86.960456: funcgraph_exit:         0.850 us   |      } (ret=0x0)
   kworker/u13:0-90    [000] ...1.    86.960456: funcgraph_exit:         1.410 us   |    } (ret=0x0)
   kworker/u13:0-90    [000] ...1.    86.960457: funcgraph_entry:                   |    disable_delayed_work() {
   kworker/u13:0-90    [000] ...1.    86.960457: funcgraph_entry:                   |      __cancel_work() {
   kworker/u13:0-90    [000] ...1.    86.960457: funcgraph_entry:                   |        try_to_grab_pending() {
   kworker/u13:0-90    [000] d..1.    86.960458: funcgraph_entry:        0.270 us   |          timer_delete(); (ret=0x0)
   kworker/u13:0-90    [000] d..1.    86.960458: funcgraph_exit:         0.860 us   |        } (ret=0x0)
   kworker/u13:0-90    [000] ...1.    86.960458: funcgraph_exit:         1.430 us   |      } (ret=0x0)
   kworker/u13:0-90    [000] ...1.    86.960459: funcgraph_exit:         2.000 us   |    } (ret=0x0)
   kworker/u13:0-90    [000] ...1.    86.960459: funcgraph_entry:                   |    rdma_lock_handler() {
   kworker/u13:0-90    [000] ...1.    86.960460: funcgraph_entry:        0.490 us   |      mutex_lock(); (ret=0x0)
   kworker/u13:0-90    [000] ...1.    86.960460: funcgraph_exit:         1.110 us   |    } (ret=0x0)
   kworker/u13:0-90    [000] ...1.    86.960461: funcgraph_entry:                   |    rdma_disconnect() {
   kworker/u13:0-90    [000] ...1.    86.960461: funcgraph_entry:                   |      cma_modify_qp_err() {
   kworker/u13:0-90    [000] ...1.    86.960462: funcgraph_entry:        0.330 us   |        mutex_lock(); (ret=0x0)
   kworker/u13:0-90    [000] ...1.    86.960462: funcgraph_entry:                   |        ib_modify_qp() {
   kworker/u13:0-90    [000] ...1.    86.960463: funcgraph_entry:                   |          _ib_modify_qp() {
   kworker/u13:0-90    [000] ...1.    86.960463: funcgraph_entry:                   |            ib_security_modify_qp() {
   kworker/u13:0-90    [000] ...1.    86.960464: funcgraph_entry:                   |              rxe_modify_qp() {
   kworker/u13:0-90    [000] ...1.    86.960464: funcgraph_entry:        0.300 us   |                rxe_qp_chk_attr(); (ret=0x0)
   kworker/u13:0-90    [000] ...1.    86.960465: funcgraph_entry:                   |                rxe_qp_from_attr() {
   kworker/u13:0-90    [000] ...1.    86.960465: funcgraph_entry:        0.280 us   |                  _raw_spin_lock_irqsave(); (ret=0x282)
   kworker/u13:0-90    [000] d..2.    86.960466: funcgraph_entry:        0.780 us   |                  ib_modify_qp_is_ok(); (ret=0x401)
   kworker/u13:0-90    [000] d..2.    86.960467: funcgraph_entry:        0.280 us   |                  _raw_spin_unlock_irqrestore(); (ret=0x0)
   kworker/u13:0-90    [000] ...1.    86.960468: funcgraph_entry:        0.270 us   |                  _raw_spin_lock_irqsave(); (ret=0x282)
   kworker/u13:0-90    [000] d..2.    86.960468: funcgraph_entry:                   |                  rxe_sched_task() {
   kworker/u13:0-90    [000] d..2.    86.960469: funcgraph_entry:        0.260 us   |                    _raw_spin_lock_irqsave(); (ret=0x96)
   kworker/u13:0-90    [000] d..3.    86.960470: funcgraph_entry:        0.300 us   |                    __rxe_get(); (ret=0x1)
   kworker/u13:0-90    [000] d..3.    86.960471: funcgraph_entry:                   |                    queue_work_on() {
   kworker/u13:0-90    [000] d..3.    86.960471: funcgraph_entry:        0.280 us   |                      clear_pending_if_disabled(); (ret=0x0)
   kworker/u13:0-90    [000] d..3.    86.960471: funcgraph_entry:                   |                      __queue_work() {
   kworker/u13:0-90    [000] d..3.    86.960472: funcgraph_entry:        0.260 us   |                        __rcu_read_lock(); (ret=0x0)
   kworker/u13:0-90    [000] d..3.    86.960473: funcgraph_entry:        0.290 us   |                        _raw_spin_lock(); (ret=0x0)
   kworker/u13:0-90    [000] d..4.    86.960473: funcgraph_entry:        0.280 us   |                        _raw_spin_unlock(); (ret=0x0)
   kworker/u13:0-90    [000] d..3.    86.960474: funcgraph_entry:        0.300 us   |                        _raw_spin_lock(); (ret=0x0)
   kworker/u13:0-90    [000] d..4.    86.960474: funcgraph_entry:        0.310 us   |                        pwq_tryinc_nr_active(); (ret=0x1)
   kworker/u13:0-90    [000] d..4.    86.960475: funcgraph_entry:        0.370 us   |                        kick_pool_pick(); (ret=0x1)
   kworker/u13:0-90    [000] d..4.    86.960476: funcgraph_entry:        0.280 us   |                        _raw_spin_unlock(); (ret=0x0)
   kworker/u13:0-90    [000] d..3.    86.960476: funcgraph_entry:                   |                        wake_up_process() {
   kworker/u13:0-90    [000] d..3.    86.960477: funcgraph_entry:                   |                          try_to_wake_up() {
   kworker/u13:0-90    [000] d..4.    86.960477: funcgraph_entry:        0.270 us   |                            _raw_spin_lock_irqsave(); (ret=0x86)
   kworker/u13:0-90    [000] d..5.    86.960478: funcgraph_entry:                   |                            select_task_rq_fair() {
   kworker/u13:0-90    [000] d..5.    86.960478: funcgraph_entry:        0.350 us   |                              choose_idle_cpu(); (ret=0x0)
   kworker/u13:0-90    [000] d..5.    86.960479: funcgraph_exit:         1.130 us   |                            } (ret=0x0)
   kworker/u13:0-90    [000] d..5.    86.960479: funcgraph_entry:        0.330 us   |                            kthread_is_per_cpu(); (ret=0x0)
   kworker/u13:0-90    [000] d..5.    86.960480: funcgraph_entry:                   |                            ttwu_queue_wakelist() {
   kworker/u13:0-90    [000] d..5.    86.960480: funcgraph_entry:        0.270 us   |                              scx_allow_ttwu_queue(); (ret=0x1)
   kworker/u13:0-90    [000] d..5.    86.960481: funcgraph_exit:         0.870 us   |                            } (ret=0x0)
   kworker/u13:0-90    [000] d..5.    86.960481: funcgraph_entry:                   |                            raw_spin_rq_lock_nested.constprop.0() {
   kworker/u13:0-90    [000] d..6.    86.960481: funcgraph_entry:        0.260 us   |                              _raw_spin_lock(); (ret=0x0)
   kworker/u13:0-90    [000] d..6.    86.960482: funcgraph_exit:         0.840 us   |                            } (ret=0x0)
   kworker/u13:0-90    [000] d..6.    86.960482: funcgraph_entry:                   |                            update_rq_clock() {
   kworker/u13:0-90    [000] d..6.    86.960482: funcgraph_entry:        0.260 us   |                              arch_scale_cpu_capacity(); (ret=0x400)
   kworker/u13:0-90    [000] d..6.    86.960483: funcgraph_exit:         0.900 us   |                            } (ret=0x0)
   kworker/u13:0-90    [000] d..6.    86.960483: funcgraph_entry:                   |                            ttwu_do_activate() {
   kworker/u13:0-90    [000] d..6.    86.960484: funcgraph_entry:                   |                              enqueue_task() {
   kworker/u13:0-90    [000] d..6.    86.960484: funcgraph_entry:                   |                                enqueue_task_fair() {
   kworker/u13:0-90    [000] d..6.    86.960484: funcgraph_entry:                   |                                  update_curr() {
   kworker/u13:0-90    [000] d..6.    86.960484: funcgraph_entry:                   |                                    update_se() {
   kworker/u13:0-90    [000] d..6.    86.960485: funcgraph_entry:        0.350 us   |                                      cpuacct_charge(); (ret=0x0)
   kworker/u13:0-90    [000] d..6.    86.960485: funcgraph_exit:         1.030 us   |                                    } (ret=0xd50c)
   kworker/u13:0-90    [000] d..6.    86.960486: funcgraph_entry:                   |                                    dl_server_update() {
   kworker/u13:0-90    [000] d..6.    86.960486: funcgraph_entry:        0.280 us   |                                      update_curr_dl_se(); (ret=0x0)
   kworker/u13:0-90    [000] d..6.    86.960487: funcgraph_exit:         0.850 us   |                                    } (ret=0x0)
   kworker/u13:0-90    [000] d..6.    86.960487: funcgraph_exit:         2.790 us   |                                  } (ret=0x0)
   kworker/u13:0-90    [000] d..6.    86.960487: funcgraph_entry:                   |                                  update_curr() {
   kworker/u13:0-90    [000] d..6.    86.960488: funcgraph_entry:        0.260 us   |                                    update_se(); (ret=0x0)
   kworker/u13:0-90    [000] d..6.    86.960488: funcgraph_exit:         0.850 us   |                                  } (ret=0x0)
   kworker/u13:0-90    [000] d..6.    86.960488: funcgraph_entry:        0.330 us   |                                  __update_load_avg_se(); (ret=0x1)
   kworker/u13:0-90    [000] d..6.    86.960489: funcgraph_entry:        0.280 us   |                                  __update_load_avg_cfs_rq(); (ret=0x0)
   kworker/u13:0-90    [000] d..6.    86.960490: funcgraph_entry:        0.270 us   |                                  account_llc_enqueue(); (ret=0x0)
   kworker/u13:0-90    [000] d..6.    86.960490: funcgraph_entry:        0.280 us   |                                  reweight_eevdf(); (ret=0x0)
   kworker/u13:0-90    [000] d..6.    86.960491: funcgraph_entry:                   |                                  place_entity() {
   kworker/u13:0-90    [000] d..6.    86.960491: funcgraph_entry:        0.260 us   |                                    avg_vruntime(); (ret=0x2ac962b3a)
   kworker/u13:0-90    [000] d..6.    86.960492: funcgraph_exit:         0.860 us   |                                  } (ret=0x0)
   kworker/u13:0-90    [000] d..6.    86.960492: funcgraph_entry:        0.350 us   |                                  __enqueue_entity(); (ret=0x0)
   kworker/u13:0-90    [000] d..6.    86.960493: funcgraph_entry:        0.290 us   |                                  hrtimer_active(); (ret=0x1)
   kworker/u13:0-90    [000] d..6.    86.960493: funcgraph_exit:         9.490 us   |                                } (ret=0x0)
   kworker/u13:0-90    [000] d..6.    86.960494: funcgraph_entry:                   |                                psi_task_change() {
   kworker/u13:0-90    [000] d..6.    86.960494: funcgraph_entry:        0.270 us   |                                  psi_flags_change(); (ret=0x0)
   kworker/u13:0-90    [000] d..6.    86.960495: funcgraph_entry:                   |                                  psi_group_change() {
   kworker/u13:0-90    [000] d..6.    86.960495: funcgraph_entry:        0.280 us   |                                    record_times(); (ret=0x0)
   kworker/u13:0-90    [000] d..6.    86.960495: funcgraph_exit:         0.880 us   |                                  } (ret=0x0)
   kworker/u13:0-90    [000] d..6.    86.960496: funcgraph_exit:         2.090 us   |                                } (ret=0x0)
   kworker/u13:0-90    [000] d..6.    86.960496: funcgraph_exit:       + 12.470 us  |                              } (ret=0x0)
   kworker/u13:0-90    [000] d..6.    86.960496: funcgraph_entry:                   |                              wakeup_preempt() {
   kworker/u13:0-90    [000] d..6.    86.960497: funcgraph_entry:                   |                                wakeup_preempt_fair() {
   kworker/u13:0-90    [000] d..6.    86.960497: funcgraph_entry:                   |                                  update_curr() {
   kworker/u13:0-90    [000] d..6.    86.960497: funcgraph_entry:        0.260 us   |                                    update_se(); (ret=0x0)
   kworker/u13:0-90    [000] d..6.    86.960498: funcgraph_exit:         0.820 us   |                                  } (ret=0x0)
   kworker/u13:0-90    [000] d..6.    86.960498: funcgraph_entry:                   |                                  pick_eevdf() {
   kworker/u13:0-90    [000] d..6.    86.960498: funcgraph_entry:        0.270 us   |                                    vruntime_eligible(); (ret=0x1)
   kworker/u13:0-90    [000] d..6.    86.960499: funcgraph_exit:         0.870 us   |                                  } (ret=0xffff8c6fc7f7abc0)
   kworker/u13:0-90    [000] d..6.    86.960499: funcgraph_entry:        0.270 us   |                                  avg_vruntime(); (ret=0x2ac962b3a)
   kworker/u13:0-90    [000] d..6.    86.960500: funcgraph_exit:         3.170 us   |                                } (ret=0x0)
   kworker/u13:0-90    [000] d..6.    86.960500: funcgraph_exit:         3.770 us   |                              } (ret=0x0)
   kworker/u13:0-90    [000] d..6.    86.960501: funcgraph_exit:       + 17.500 us  |                            } (ret=0x0)
   kworker/u13:0-90    [000] d..6.    86.960501: funcgraph_entry:        0.280 us   |                            _raw_spin_unlock(); (ret=0x0)
   kworker/u13:0-90    [000] d..5.    86.960502: funcgraph_entry:        0.300 us   |                            _raw_spin_unlock_irqrestore(); (ret=0x0)
   kworker/u13:0-90    [000] d..3.    86.960503: funcgraph_exit:       + 26.090 us  |                          } (ret=0x1)
   kworker/u13:0-90    [000] d..3.    86.960503: funcgraph_exit:       + 26.680 us  |                        } (ret=0x1)
   kworker/u13:0-90    [000] d..3.    86.960503: funcgraph_entry:        0.270 us   |                        __rcu_read_unlock(); (ret=0x0)
   kworker/u13:0-90    [000] d..3.    86.960504: funcgraph_exit:       + 32.450 us  |                      } (ret=0x0)
   kworker/u13:0-90    [000] d..3.    86.960504: funcgraph_exit:       + 33.640 us  |                    } (ret=0x1)
   kworker/u13:0-90    [000] d..3.    86.960505: funcgraph_entry:        0.280 us   |                    _raw_spin_unlock_irqrestore(); (ret=0x0)
   kworker/u13:0-90    [000] d..2.    86.960505: funcgraph_exit:       + 36.850 us  |                  } (ret=0x0)
   kworker/u13:0-90    [000] d..2.    86.960505: funcgraph_entry:                   |                  rxe_sched_task() {
   kworker/u13:0-90    [000] d..2.    86.960506: funcgraph_entry:        0.260 us   |                    _raw_spin_lock_irqsave(); (ret=0x96)
   kworker/u13:0-90    [000] d..3.    86.960506: funcgraph_entry:        0.270 us   |                    __rxe_get(); (ret=0x1)
   kworker/u13:0-90    [000] d..3.    86.960507: funcgraph_entry:                   |                    queue_work_on() {
   kworker/u13:0-90    [000] d..3.    86.960507: funcgraph_entry:        0.270 us   |                      clear_pending_if_disabled(); (ret=0x0)
   kworker/u13:0-90    [000] d..3.    86.960508: funcgraph_entry:                   |                      __queue_work() {
   kworker/u13:0-90    [000] d..3.    86.960508: funcgraph_entry:        0.260 us   |                        __rcu_read_lock(); (ret=0x0)
   kworker/u13:0-90    [000] d..3.    86.960509: funcgraph_entry:        0.280 us   |                        _raw_spin_lock(); (ret=0x0)
   kworker/u13:0-90    [000] d..4.    86.960509: funcgraph_entry:        0.270 us   |                        _raw_spin_unlock(); (ret=0x0)
   kworker/u13:0-90    [000] d..3.    86.960510: funcgraph_entry:        0.260 us   |                        _raw_spin_lock(); (ret=0x0)
   kworker/u13:0-90    [000] d..4.    86.960510: funcgraph_entry:        0.270 us   |                        pwq_tryinc_nr_active(); (ret=0x1)
   kworker/u13:0-90    [000] d..4.    86.960511: funcgraph_entry:        0.280 us   |                        kick_pool_pick(); (ret=0x1)
   kworker/u13:0-90    [000] d..4.    86.960512: funcgraph_entry:        0.280 us   |                        _raw_spin_unlock(); (ret=0x0)
   kworker/u13:0-90    [000] d..3.    86.960512: funcgraph_entry:                   |                        wake_up_process() {
   kworker/u13:0-90    [000] d..3.    86.960512: funcgraph_entry:                   |                          try_to_wake_up() {
   kworker/u13:0-90    [000] d..4.    86.960513: funcgraph_entry:        0.260 us   |                            _raw_spin_lock_irqsave(); (ret=0x86)
   kworker/u13:0-90    [000] d..5.    86.960513: funcgraph_entry:        0.280 us   |                            _raw_spin_unlock_irqrestore(); (ret=0x0)
   kworker/u13:0-90    [000] d..3.    86.960514: funcgraph_exit:         1.400 us   |                          } (ret=0x0)
   kworker/u13:0-90    [000] d..3.    86.960514: funcgraph_exit:         1.970 us   |                        } (ret=0x0)
   kworker/u13:0-90    [000] d..3.    86.960514: funcgraph_entry:        0.260 us   |                        __rcu_read_unlock(); (ret=0x0)
   kworker/u13:0-90    [000] d..3.    86.960515: funcgraph_exit:         7.220 us   |                      } (ret=0x0)
   kworker/u13:0-90    [000] d..3.    86.960515: funcgraph_exit:         8.380 us   |                    } (ret=0x1)
   kworker/u13:0-90    [000] d..3.    86.960516: funcgraph_entry:        0.270 us   |                    _raw_spin_unlock_irqrestore(); (ret=0x0)
   kworker/u13:0-90    [000] d..2.    86.960516: funcgraph_exit:       + 10.690 us  |                  } (ret=0x0)
   kworker/u13:0-90    [000] d..2.    86.960516: funcgraph_entry:        0.290 us   |                  _raw_spin_unlock_irqrestore(); (ret=0x0)
   kworker/u13:0-90    [000] ...1.    86.960517: funcgraph_exit:       + 52.160 us  |                } (ret=0x0)
   kworker/u13:0-90    [000] ...1.    86.960517: funcgraph_exit:       + 53.530 us  |              } (ret=0x0)
   kworker/u13:0-90    [000] ...1.    86.960518: funcgraph_exit:       + 54.360 us  |            } (ret=0x0)
   kworker/u13:0-90    [000] ...1.    86.960518: funcgraph_exit:       + 55.050 us  |          } (ret=0x0)
   kworker/u13:0-90    [000] ...1.    86.960518: funcgraph_exit:       + 55.810 us  |        } (ret=0x0)
   kworker/u13:0-90    [000] ...1.    86.960519: funcgraph_entry:        0.280 us   |        mutex_unlock(); (ret=0x0)
   kworker/u13:0-90    [000] ...1.    86.960519: funcgraph_exit:       + 57.750 us  |      } (ret=0x0)
   kworker/u13:0-90    [000] ...2.    86.960520: funcgraph_entry:                   |      trace_event_buffer_reserve() {
   kworker/u13:0-90    [000] ...3.    86.960521: funcgraph_exit:         0.510 us   |      } (ret=0xffff8c6fc2e9aa20)
   kworker/u13:0-90    [000] ...1.    86.960521: funcgraph_entry:                   |      ib_send_cm_dreq() {
   kworker/u13:0-90    [000] ...1.    86.960521: funcgraph_entry:        0.420 us   |        _raw_spin_lock_irqsave(); (ret=0x296)
   kworker/u13:0-90    [000] d..2.    86.960522: funcgraph_entry:                   |        cm_alloc_priv_msg_rep() {
   kworker/u13:0-90    [000] d..2.    86.960523: funcgraph_entry:                   |          cm_alloc_msg_agent() {
   kworker/u13:0-90    [000] d..2.    86.960523: funcgraph_entry:        0.330 us   |            _raw_read_lock(); (ret=0x0)
   kworker/u13:0-90    [000] d..3.    86.960524: funcgraph_entry:                   |            rdma_create_ah() {
   kworker/u13:0-90    [000] d..3.    86.960524: funcgraph_entry:        0.280 us   |              rdma_fill_sgid_attr(); (ret=0x0)
   kworker/u13:0-90    [000] d..3.    86.960525: funcgraph_entry:                   |              rdma_lag_get_ah_roce_slave() {
   kworker/u13:0-90    [000] d..3.    86.960525: funcgraph_entry:        0.260 us   |                __rcu_read_lock(); (ret=0x0)
   kworker/u13:0-90    [000] d..3.    86.960526: funcgraph_entry:                   |                rdma_read_gid_attr_ndev_rcu() {
   kworker/u13:0-90    [000] d..3.    86.960526: funcgraph_entry:        0.300 us   |                  _raw_read_lock_irqsave(); (ret=0x96)
   kworker/u13:0-90    [000] d..4.    86.960527: funcgraph_entry:        0.280 us   |                  _raw_read_unlock_irqrestore(); (ret=0x0)
   kworker/u13:0-90    [000] d..3.    86.960528: funcgraph_exit:         1.520 us   |                } (ret=-22)
   kworker/u13:0-90    [000] d..3.    86.960528: funcgraph_entry:        0.270 us   |                __rcu_read_unlock(); (ret=0x0)
   kworker/u13:0-90    [000] d..3.    86.960529: funcgraph_exit:         3.350 us   |              } (ret=-22)
   kworker/u13:0-90    [000] d..3.    86.960529: funcgraph_exit:         4.850 us   |            } (ret=-22)
   kworker/u13:0-90    [000] d..3.    86.960529: funcgraph_entry:        0.270 us   |            _raw_read_unlock(); (ret=0x0)
   kworker/u13:0-90    [000] d..2.    86.960530: funcgraph_exit:         6.950 us   |          } (ret=-22)
   kworker/u13:0-90    [000] d..2.    86.960530: funcgraph_exit:         7.630 us   |        } (ret=-22)
   kworker/u13:0-90    [000] d..2.    86.960530: funcgraph_entry:                   |        cm_enter_timewait() {
   kworker/u13:0-90    [000] d..2.    86.960531: funcgraph_entry:        0.260 us   |          __rcu_read_lock(); (ret=0x0)
   kworker/u13:0-90    [000] d..2.    86.960532: funcgraph_entry:        0.260 us   |          __rcu_read_unlock(); (ret=0x0)
   kworker/u13:0-90    [000] d..2.    86.960532: funcgraph_entry:        0.320 us   |          _raw_spin_lock_irqsave(); (ret=0x82)
   kworker/u13:0-90    [000] d..3.    86.960533: funcgraph_entry:        0.280 us   |          _raw_spin_unlock_irqrestore(); (ret=0x0)
   kworker/u13:0-90    [000] d..2.    86.960534: funcgraph_entry:        0.280 us   |          _raw_spin_lock_irqsave(); (ret=0x82)
   kworker/u13:0-90    [000] d..3.    86.960535: funcgraph_entry:        0.270 us   |          __msecs_to_jiffies(); (ret=0x200)
   kworker/u13:0-90    [000] d..3.    86.960535: funcgraph_entry:                   |          queue_delayed_work_on() {
   kworker/u13:0-90    [000] d..3.    86.960536: funcgraph_entry:        0.260 us   |            clear_pending_if_disabled(); (ret=0x0)
   kworker/u13:0-90    [000] d..3.    86.960536: funcgraph_entry:                   |            __queue_delayed_work() {
   kworker/u13:0-90    [000] d..3.    86.960537: funcgraph_entry:        0.260 us   |              housekeeping_enabled(); (ret=0xfffcc000)
   kworker/u13:0-90    [000] d..3.    86.960537: funcgraph_entry:                   |              add_timer_global() {
   kworker/u13:0-90    [000] d..3.    86.960538: funcgraph_entry:                   |                lock_timer_base() {
   kworker/u13:0-90    [000] d..3.    86.960538: funcgraph_entry:        0.310 us   |                  _raw_spin_lock_irqsave(); (ret=0x92)
   kworker/u13:0-90    [000] d..4.    86.960539: funcgraph_exit:         0.870 us   |                } (ret=0xffff8c703bd1f500)
   kworker/u13:0-90    [000] d..4.    86.960539: funcgraph_entry:        0.270 us   |                detach_if_pending(); (ret=0x0)
   kworker/u13:0-90    [000] d..4.    86.960539: funcgraph_entry:        0.280 us   |                _raw_spin_unlock(); (ret=0x0)
   kworker/u13:0-90    [000] d..3.    86.960540: funcgraph_entry:        0.280 us   |                _raw_spin_lock(); (ret=0x0)
   kworker/u13:0-90    [000] d..4.    86.960541: funcgraph_entry:        0.290 us   |                calc_wheel_index(); (ret=0x89)
   kworker/u13:0-90    [000] d..4.    86.960541: funcgraph_entry:        0.300 us   |                enqueue_timer(); (ret=0x0)
   kworker/u13:0-90    [000] d..4.    86.960542: funcgraph_entry:        0.280 us   |                _raw_spin_unlock_irqrestore(); (ret=0x0)
   kworker/u13:0-90    [000] d..3.    86.960542: funcgraph_exit:         5.090 us   |              } (ret=0x0)
   kworker/u13:0-90    [000] d..3.    86.960543: funcgraph_exit:         6.310 us   |            } (ret=0x0)
   kworker/u13:0-90    [000] d..3.    86.960543: funcgraph_exit:         7.550 us   |          } (ret=0x1)
   kworker/u13:0-90    [000] d..3.    86.960543: funcgraph_entry:        0.270 us   |          _raw_spin_unlock_irqrestore(); (ret=0x0)
   kworker/u13:0-90    [000] d..2.    86.960544: funcgraph_exit:       + 13.530 us  |        } (ret=0x0)
   kworker/u13:0-90    [000] d..2.    86.960544: funcgraph_entry:        0.290 us   |        _raw_spin_unlock_irqrestore(); (ret=0x0)
   kworker/u13:0-90    [000] ...1.    86.960545: funcgraph_exit:       + 23.670 us  |      } (ret=0xffffffea)
   kworker/u13:0-90    [000] ...1.    86.960545: funcgraph_entry:                   |      ib_send_cm_drep() {
   kworker/u13:0-90    [000] ...1.    86.960546: funcgraph_entry:        0.340 us   |        cm_copy_private_data(); (ret=0x0)
   kworker/u13:0-90    [000] ...1.    86.960546: funcgraph_entry:        0.270 us   |        _raw_spin_lock_irqsave(); (ret=0x282)
   kworker/u13:0-90    [000] d..2.    86.960547: funcgraph_entry:                   |        cm_send_drep_locked() {
   kworker/u13:0-90    [000] d..3.    86.960547: funcgraph_entry:                   |          trace_event_buffer_reserve() {
   kworker/u13:0-90    [000] d..4.    86.960548: funcgraph_exit:         0.510 us   |          } (ret=0xffff8c6fc6d646f4)
   kworker/u13:0-90    [000] d..2.    86.960548: funcgraph_entry:        0.280 us   |          kfree(); (ret=0x0)
   kworker/u13:0-90    [000] d..2.    86.960549: funcgraph_exit:         2.060 us   |        } (ret=0xffffffea)
   kworker/u13:0-90    [000] d..2.    86.960549: funcgraph_entry:        0.280 us   |        _raw_spin_unlock_irqrestore(); (ret=0x0)
   kworker/u13:0-90    [000] ...1.    86.960550: funcgraph_exit:         4.670 us   |      } (ret=0xffffffea)
   kworker/u13:0-90    [000] ...1.    86.960550: funcgraph_exit:       + 89.440 us  |    } (ret=0x0)
   kworker/u13:0-90    [000] ...1.    86.960550: funcgraph_entry:                   |    rdma_unlock_handler() {
   kworker/u13:0-90    [000] ...1.    86.960551: funcgraph_entry:        0.260 us   |      mutex_unlock(); (ret=0x0)
   kworker/u13:0-90    [000] ...1.    86.960551: funcgraph_exit:         0.830 us   |    } (ret=0x0)
   kworker/u13:0-90    [000] ...1.    86.960552: funcgraph_entry:                   |    smbdirect_socket_wake_up_all() {
   kworker/u13:0-90    [000] ...1.    86.960552: funcgraph_entry:                   |      __wake_up() {
   kworker/u13:0-90    [000] ...1.    86.960552: funcgraph_entry:        0.280 us   |        _raw_spin_lock_irqsave(); (ret=0x286)
   kworker/u13:0-90    [000] d..2.    86.960553: funcgraph_entry:        0.310 us   |        __wake_up_common(); (ret=0x0)
   kworker/u13:0-90    [000] d..2.    86.960553: funcgraph_entry:        0.290 us   |        _raw_spin_unlock_irqrestore(); (ret=0x0)
   kworker/u13:0-90    [000] ...1.    86.960554: funcgraph_exit:         2.090 us   |      } (ret=0x0)
   kworker/u13:0-90    [000] ...1.    86.960554: funcgraph_entry:                   |      __wake_up() {
   kworker/u13:0-90    [000] ...1.    86.960555: funcgraph_entry:        0.270 us   |        _raw_spin_lock_irqsave(); (ret=0x286)
   kworker/u13:0-90    [000] d..2.    86.960555: funcgraph_entry:        0.270 us   |        __wake_up_common(); (ret=0x0)
   kworker/u13:0-90    [000] d..2.    86.960556: funcgraph_entry:        0.290 us   |        _raw_spin_unlock_irqrestore(); (ret=0x0)
   kworker/u13:0-90    [000] ...1.    86.960556: funcgraph_exit:         2.000 us   |      } (ret=0x0)
   kworker/u13:0-90    [000] ...1.    86.960557: funcgraph_entry:                   |      __wake_up() {
   kworker/u13:0-90    [000] ...1.    86.960557: funcgraph_entry:        0.280 us   |        _raw_spin_lock_irqsave(); (ret=0x286)
   kworker/u13:0-90    [000] d..2.    86.960558: funcgraph_entry:        0.270 us   |        __wake_up_common(); (ret=0x0)
   kworker/u13:0-90    [000] d..2.    86.960558: funcgraph_entry:        0.270 us   |        _raw_spin_unlock_irqrestore(); (ret=0x0)
   kworker/u13:0-90    [000] ...1.    86.960559: funcgraph_exit:         2.000 us   |      } (ret=0x0)
   kworker/u13:0-90    [000] ...1.    86.960559: funcgraph_entry:                   |      __wake_up() {
   kworker/u13:0-90    [000] ...1.    86.960559: funcgraph_entry:        0.270 us   |        _raw_spin_lock_irqsave(); (ret=0x286)
   kworker/u13:0-90    [000] d..2.    86.960560: funcgraph_entry:        0.280 us   |        __wake_up_common(); (ret=0x0)
   kworker/u13:0-90    [000] d..2.    86.960560: funcgraph_entry:        0.280 us   |        _raw_spin_unlock_irqrestore(); (ret=0x0)
   kworker/u13:0-90    [000] ...1.    86.960561: funcgraph_exit:         2.000 us   |      } (ret=0x0)
   kworker/u13:0-90    [000] ...1.    86.960561: funcgraph_entry:                   |      __wake_up() {
   kworker/u13:0-90    [000] ...1.    86.960562: funcgraph_entry:        0.260 us   |        _raw_spin_lock_irqsave(); (ret=0x286)
   kworker/u13:0-90    [000] d..2.    86.960562: funcgraph_entry:        0.260 us   |        __wake_up_common(); (ret=0x0)
   kworker/u13:0-90    [000] d..2.    86.960563: funcgraph_entry:        0.270 us   |        _raw_spin_unlock_irqrestore(); (ret=0x0)
   kworker/u13:0-90    [000] ...1.    86.960563: funcgraph_exit:         1.980 us   |      } (ret=0x0)
   kworker/u13:0-90    [000] ...1.    86.960564: funcgraph_entry:                   |      __wake_up() {
   kworker/u13:0-90    [000] ...1.    86.960564: funcgraph_entry:        0.280 us   |        _raw_spin_lock_irqsave(); (ret=0x286)
   kworker/u13:0-90    [000] d..2.    86.960564: funcgraph_entry:        0.390 us   |        __wake_up_common(); (ret=0x0)
   kworker/u13:0-90    [000] d..2.    86.960565: funcgraph_entry:        0.300 us   |        _raw_spin_unlock_irqrestore(); (ret=0x0)
   kworker/u13:0-90    [000] ...1.    86.960566: funcgraph_exit:         2.190 us   |      } (ret=0x0)
   kworker/u13:0-90    [000] ...1.    86.960566: funcgraph_entry:                   |      __wake_up() {
   kworker/u13:0-90    [000] ...1.    86.960566: funcgraph_entry:        0.280 us   |        _raw_spin_lock_irqsave(); (ret=0x286)
   kworker/u13:0-90    [000] d..2.    86.960567: funcgraph_entry:        0.270 us   |        __wake_up_common(); (ret=0x0)
   kworker/u13:0-90    [000] d..2.    86.960567: funcgraph_entry:        0.280 us   |        _raw_spin_unlock_irqrestore(); (ret=0x0)
   kworker/u13:0-90    [000] ...1.    86.960568: funcgraph_exit:         2.020 us   |      } (ret=0x0)
   kworker/u13:0-90    [000] ...1.    86.960568: funcgraph_entry:                   |      __wake_up() {
   kworker/u13:0-90    [000] ...1.    86.960569: funcgraph_entry:        0.280 us   |        _raw_spin_lock_irqsave(); (ret=0x286)
   kworker/u13:0-90    [000] d..2.    86.960569: funcgraph_entry:        0.290 us   |        __wake_up_common(); (ret=0x0)
   kworker/u13:0-90    [000] d..2.    86.960570: funcgraph_entry:        0.280 us   |        _raw_spin_unlock_irqrestore(); (ret=0x0)
   kworker/u13:0-90    [000] ...1.    86.960570: funcgraph_exit:         2.030 us   |      } (ret=0x0)
   kworker/u13:0-90    [000] ...1.    86.960571: funcgraph_entry:                   |      __wake_up() {
   kworker/u13:0-90    [000] ...1.    86.960571: funcgraph_entry:        0.270 us   |        _raw_spin_lock_irqsave(); (ret=0x286)
   kworker/u13:0-90    [000] d..2.    86.960572: funcgraph_entry:        0.290 us   |        __wake_up_common(); (ret=0x0)
   kworker/u13:0-90    [000] d..2.    86.960572: funcgraph_entry:        0.280 us   |        _raw_spin_unlock_irqrestore(); (ret=0x0)
   kworker/u13:0-90    [000] ...1.    86.960573: funcgraph_exit:         2.010 us   |      } (ret=0x0)
   kworker/u13:0-90    [000] ...1.    86.960573: funcgraph_exit:       + 21.350 us  |    } (ret=0x0)
   kworker/u13:0-90    [000] ...1.    86.960573: funcgraph_exit:       ! 128.350 us |  } (ret=0x0)
           cifsd-1726  [000] ...1.    86.961110: funcgraph_entry:                   |  smbdirect_socket_destroy_sync() {
           cifsd-1726  [000] ...1.    86.961110: funcgraph_entry:        0.280 us   |    smbd_logging_needed(); (ret=0x1)
           cifsd-1726  [000] ...1.    86.961111: funcgraph_entry:                   |    __smbdirect_log_printf.constprop.0() {
           cifsd-1726  [000] ...1.    86.961111: funcgraph_entry:                   |      smbd_logging_vaprintf() {
           cifsd-1726  [000] d..1.    86.961111: funcgraph_entry:        0.210 us   |        _raw_spin_trylock(); (ret=0x1)
           cifsd-1726  [000] d..2.    86.961112: funcgraph_entry:        0.220 us   |        _raw_spin_unlock_irqrestore(); (ret=0x0)
           cifsd-1726  [000] ...1.    86.961112: funcgraph_entry:                   |        _printk() {
           cifsd-1726  [000] ...1.    86.961113: funcgraph_entry:                   |          vprintk() {
           cifsd-1726  [000] ...1.    86.961113: funcgraph_entry:                   |            vprintk_default() {
           cifsd-1726  [000] ...1.    86.961113: funcgraph_entry:                   |              vprintk_emit() {
           cifsd-1726  [000] ...1.    86.961113: funcgraph_entry:        0.210 us   |                panic_on_other_cpu(); (ret=0x0)
           cifsd-1726  [000] ...1.    86.961114: funcgraph_entry:                   |                nbcon_get_default_prio() {
           cifsd-1726  [000] ...1.    86.961114: funcgraph_entry:        0.210 us   |                  panic_on_this_cpu(); (ret=0xffffff00)
           cifsd-1726  [000] ...1.    86.961115: funcgraph_entry:                   |                  nbcon_get_cpu_emergency_nesting() {
           cifsd-1726  [000] ...1.    86.961115: funcgraph_entry:        0.210 us   |                    printk_percpu_data_ready(); (ret=0x1)
           cifsd-1726  [000] ...1.    86.961115: funcgraph_exit:         0.680 us   |                  } (ret=0xffff8c703bc1d484)
           cifsd-1726  [000] ...1.    86.961116: funcgraph_exit:         1.660 us   |                } (ret=0x1)
           cifsd-1726  [000] ...1.    86.961116: funcgraph_entry:                   |                is_printk_legacy_deferred() {
           cifsd-1726  [000] ...1.    86.961116: funcgraph_entry:        0.210 us   |                  is_printk_cpu_sync_owner(); (ret=0xffffff00)
           cifsd-1726  [000] ...1.    86.961117: funcgraph_exit:         0.680 us   |                } (ret=0xffffff00)
           cifsd-1726  [000] ...1.    86.961117: funcgraph_entry:        0.220 us   |                is_printk_force_console(); (ret=0x0)
           cifsd-1726  [000] ...1.    86.961117: funcgraph_entry:                   |                vprintk_store() {
           cifsd-1726  [000] d..1.    86.961118: funcgraph_entry:        0.270 us   |                  local_clock(); (ret=0x143b86843b)
           cifsd-1726  [000] d..1.    86.961119: funcgraph_entry:        0.280 us   |                  printk_parse_prefix(); (ret=0x2)
           cifsd-1726  [000] d..1.    86.961120: funcgraph_entry:        0.220 us   |                  is_printk_force_console(); (ret=0x0)
           cifsd-1726  [000] d..1.    86.961120: funcgraph_entry:                   |                  prb_reserve() {
           cifsd-1726  [000] d..1.    86.961120: funcgraph_entry:                   |                    data_alloc() {
           cifsd-1726  [000] d..1.    86.961121: funcgraph_entry:        0.220 us   |                      data_push_tail(); (ret=0x1)
           cifsd-1726  [000] d..1.    86.961121: funcgraph_exit:         0.720 us   |                    } (ret=0xffffffff9aac7690)
           cifsd-1726  [000] d..1.    86.961121: funcgraph_entry:        0.230 us   |                    space_used(); (ret=0x68)
           cifsd-1726  [000] d..1.    86.961122: funcgraph_exit:         1.740 us   |                  } (ret=0xffffc401)
           cifsd-1726  [000] d..1.    86.961122: funcgraph_entry:                   |                  printk_sprint() {
           cifsd-1726  [000] d..1.    86.961123: funcgraph_entry:        0.240 us   |                    printk_parse_prefix(); (ret=0x2)
           cifsd-1726  [000] d..1.    86.961124: funcgraph_exit:         1.340 us   |                  } (ret=0x5b)
           cifsd-1726  [000] d..1.    86.961124: funcgraph_entry:                   |                  prb_commit() {
           cifsd-1726  [000] d..1.    86.961124: funcgraph_entry:        0.210 us   |                    _prb_commit(); (ret=0x0)
           cifsd-1726  [000] d..1.    86.961125: funcgraph_exit:         0.700 us   |                  } (ret=0x0)
           cifsd-1726  [000] ...1.    86.961125: funcgraph_exit:         7.520 us   |                } (ret=0x5b)
           cifsd-1726  [000] ...2.    86.961125: funcgraph_entry:        0.210 us   |                panic_on_other_cpu(); (ret=0x0)
           cifsd-1726  [000] ...2.    86.961126: funcgraph_entry:                   |                __down_trylock_console_sem.isra.0() {
           cifsd-1726  [000] d..2.    86.961126: funcgraph_entry:        0.220 us   |                  __printk_safe_enter(); (ret=0x286)
           cifsd-1726  [000] d..2.    86.961126: funcgraph_entry:                   |                  down_trylock() {
           cifsd-1726  [000] d..2.    86.961126: funcgraph_entry:        0.220 us   |                    _raw_spin_lock_irqsave(); (ret=0x92)
           cifsd-1726  [000] d..3.    86.961127: funcgraph_entry:        0.230 us   |                    _raw_spin_unlock_irqrestore(); (ret=0x0)
           cifsd-1726  [000] d..2.    86.961127: funcgraph_exit:         1.170 us   |                  } (ret=0x0)
           cifsd-1726  [000] d..2.    86.961128: funcgraph_entry:        0.220 us   |                  __printk_safe_exit(); (ret=0x0)
           cifsd-1726  [000] ...2.    86.961128: funcgraph_exit:         2.580 us   |                } (ret=0x0)
           cifsd-1726  [000] ...2.    86.961128: funcgraph_entry:                   |                console_unlock() {
           cifsd-1726  [000] ...2.    86.961129: funcgraph_entry:                   |                  nbcon_get_default_prio() {
           cifsd-1726  [000] ...2.    86.961129: funcgraph_entry:        0.210 us   |                    panic_on_this_cpu(); (ret=0xffffff00)
           cifsd-1726  [000] ...2.    86.961129: funcgraph_entry:                   |                    nbcon_get_cpu_emergency_nesting() {
           cifsd-1726  [000] ...2.    86.961130: funcgraph_entry:        0.230 us   |                      printk_percpu_data_ready(); (ret=0x1)
           cifsd-1726  [000] ...2.    86.961130: funcgraph_exit:         0.930 us   |                    } (ret=0xffff8c703bc1d484)
           cifsd-1726  [000] ...2.    86.961130: funcgraph_exit:         1.860 us   |                  } (ret=0x1)
           cifsd-1726  [000] ...2.    86.961131: funcgraph_entry:                   |                  is_printk_legacy_deferred() {
           cifsd-1726  [000] ...2.    86.961131: funcgraph_entry:        0.200 us   |                    is_printk_cpu_sync_owner(); (ret=0xffffff00)
           cifsd-1726  [000] ...2.    86.961131: funcgraph_exit:         0.660 us   |                  } (ret=0xffffff00)
           cifsd-1726  [000] ...2.    86.961132: funcgraph_entry:                   |                  console_flush_one_record() {
           cifsd-1726  [000] ...2.    86.961132: funcgraph_entry:                   |                    nbcon_get_default_prio() {
           cifsd-1726  [000] ...2.    86.961132: funcgraph_entry:        0.200 us   |                      panic_on_this_cpu(); (ret=0xffffff00)
           cifsd-1726  [000] ...2.    86.961133: funcgraph_entry:                   |                      nbcon_get_cpu_emergency_nesting() {
           cifsd-1726  [000] ...2.    86.961133: funcgraph_entry:        0.210 us   |                        printk_percpu_data_ready(); (ret=0x1)
           cifsd-1726  [000] ...2.    86.961133: funcgraph_exit:         0.660 us   |                      } (ret=0xffff8c703bc1d484)
           cifsd-1726  [000] ...2.    86.961133: funcgraph_exit:         1.540 us   |                    } (ret=0x1)
           cifsd-1726  [000] ...2.    86.961134: funcgraph_entry:                   |                    is_printk_legacy_deferred() {
           cifsd-1726  [000] ...2.    86.961134: funcgraph_entry:        0.200 us   |                      is_printk_cpu_sync_owner(); (ret=0xffffff00)
           cifsd-1726  [000] ...2.    86.961134: funcgraph_exit:         0.650 us   |                    } (ret=0xffffff00)
           cifsd-1726  [000] ...2.    86.961135: funcgraph_entry:        0.220 us   |                    __srcu_read_lock(); (ret=0x0)
           cifsd-1726  [000] ...2.    86.961135: funcgraph_entry:                   |                    printk_get_next_message() {
           cifsd-1726  [000] ...2.    86.961135: funcgraph_entry:                   |                      prb_read_valid() {
           cifsd-1726  [000] ...2.    86.961136: funcgraph_entry:                   |                        _prb_read_valid() {
           cifsd-1726  [000] ...2.    86.961136: funcgraph_entry:                   |                          desc_read_finalized_seq() {
           cifsd-1726  [000] ...2.    86.961136: funcgraph_entry:        0.210 us   |                            desc_read(); (ret=0x1)
           cifsd-1726  [000] ...2.    86.961137: funcgraph_exit:         0.660 us   |                          } (ret=0xffffffea)
           cifsd-1726  [000] ...2.    86.961137: funcgraph_entry:        0.210 us   |                          desc_read(); (ret=0x3)
           cifsd-1726  [000] ...2.    86.961137: funcgraph_entry:        0.210 us   |                          panic_on_this_cpu(); (ret=0xffffff00)
           cifsd-1726  [000] ...2.    86.961138: funcgraph_exit:         2.040 us   |                        } (ret=0x0)
           cifsd-1726  [000] ...2.    86.961138: funcgraph_exit:         2.500 us   |                      } (ret=0x0)
           cifsd-1726  [000] ...2.    86.961138: funcgraph_exit:         2.960 us   |                    } (ret=0x0)
           cifsd-1726  [000] ...2.    86.961138: funcgraph_entry:        0.220 us   |                    __srcu_read_unlock(); (ret=0x0)
           cifsd-1726  [000] ...2.    86.961139: funcgraph_exit:         7.140 us   |                  } (ret=0x1)
           cifsd-1726  [000] ...2.    86.961139: funcgraph_entry:                   |                  __up_console_sem.isra.0() {
           cifsd-1726  [000] d..2.    86.961139: funcgraph_entry:        0.200 us   |                    __printk_safe_enter(); (ret=0x286)
           cifsd-1726  [000] d..2.    86.961140: funcgraph_entry:                   |                    up() {
           cifsd-1726  [000] d..2.    86.961140: funcgraph_entry:        0.210 us   |                      _raw_spin_lock_irqsave(); (ret=0x92)
           cifsd-1726  [000] d..3.    86.961140: funcgraph_entry:        0.220 us   |                      _raw_spin_unlock_irqrestore(); (ret=0x0)
           cifsd-1726  [000] d..2.    86.961141: funcgraph_exit:         1.150 us   |                    } (ret=0x0)
           cifsd-1726  [000] d..2.    86.961141: funcgraph_entry:        0.210 us   |                    __printk_safe_exit(); (ret=0x0)
           cifsd-1726  [000] ...2.    86.961142: funcgraph_exit:         2.530 us   |                  } (ret=0x0)
           cifsd-1726  [000] ...2.    86.961142: funcgraph_entry:                   |                  prb_read_valid() {
           cifsd-1726  [000] ...2.    86.961142: funcgraph_entry:                   |                    _prb_read_valid() {
           cifsd-1726  [000] ...2.    86.961142: funcgraph_entry:                   |                      desc_read_finalized_seq() {
           cifsd-1726  [000] ...2.    86.961143: funcgraph_entry:        0.210 us   |                        desc_read(); (ret=0x1)
           cifsd-1726  [000] ...2.    86.961143: funcgraph_exit:         0.660 us   |                      } (ret=0xffffffea)
           cifsd-1726  [000] ...2.    86.961143: funcgraph_entry:        0.220 us   |                      desc_read(); (ret=0x3)
           cifsd-1726  [000] ...2.    86.961144: funcgraph_entry:        0.210 us   |                      panic_on_this_cpu(); (ret=0xffffff00)
           cifsd-1726  [000] ...2.    86.961144: funcgraph_exit:         2.020 us   |                    } (ret=0x0)
           cifsd-1726  [000] ...2.    86.961144: funcgraph_exit:         2.480 us   |                  } (ret=0x0)
           cifsd-1726  [000] ...2.    86.961145: funcgraph_exit:       + 16.190 us  |                } (ret=0x0)
           cifsd-1726  [000] ...1.    86.961145: funcgraph_entry:                   |                __wake_up_klogd() {
           cifsd-1726  [000] ...3.    86.961145: funcgraph_entry:        0.210 us   |                  tick_nohz_tick_stopped(); (ret=0x0)
           cifsd-1726  [000] ...1.    86.961146: funcgraph_exit:         0.770 us   |                } (ret=0x0)
           cifsd-1726  [000] ...1.    86.961146: funcgraph_exit:       + 32.690 us  |              } (ret=0x5b)
           cifsd-1726  [000] ...1.    86.961146: funcgraph_exit:       + 33.150 us  |            } (ret=0x5b)
           cifsd-1726  [000] ...1.    86.961146: funcgraph_exit:       + 33.680 us  |          } (ret=0x5b)
           cifsd-1726  [000] ...1.    86.961147: funcgraph_exit:       + 34.160 us  |        } (ret=0x5b)
           cifsd-1726  [000] ...1.    86.961147: funcgraph_exit:       + 35.730 us  |      } (ret=0x0)
           cifsd-1726  [000] ...1.    86.961147: funcgraph_exit:       + 36.210 us  |    } (ret=0x0)
           cifsd-1726  [000] ...1.    86.961147: funcgraph_entry:                   |    disable_work() {
           cifsd-1726  [000] ...1.    86.961148: funcgraph_entry:                   |      __cancel_work() {
           cifsd-1726  [000] ...1.    86.961148: funcgraph_entry:        0.220 us   |        try_to_grab_pending(); (ret=0x0)
           cifsd-1726  [000] ...1.    86.961148: funcgraph_exit:         0.700 us   |      } (ret=0x0)
           cifsd-1726  [000] ...1.    86.961148: funcgraph_exit:         1.170 us   |    } (ret=0x0)
           cifsd-1726  [000] ...1.    86.961149: funcgraph_entry:        0.210 us   |    smbd_logging_needed(); (ret=0x1)
           cifsd-1726  [000] ...1.    86.961149: funcgraph_entry:                   |    __smbdirect_log_printf.constprop.0() {
           cifsd-1726  [000] ...1.    86.961149: funcgraph_entry:                   |      smbd_logging_vaprintf() {
           cifsd-1726  [000] d..1.    86.961150: funcgraph_entry:        0.210 us   |        _raw_spin_trylock(); (ret=0x1)
           cifsd-1726  [000] d..2.    86.961150: funcgraph_entry:        0.230 us   |        _raw_spin_unlock_irqrestore(); (ret=0x0)
           cifsd-1726  [000] ...1.    86.961151: funcgraph_entry:                   |        _printk() {
           cifsd-1726  [000] ...1.    86.961151: funcgraph_entry:                   |          vprintk() {
           cifsd-1726  [000] ...1.    86.961151: funcgraph_entry:                   |            vprintk_default() {
           cifsd-1726  [000] ...1.    86.961151: funcgraph_entry:                   |              vprintk_emit() {
           cifsd-1726  [000] ...1.    86.961151: funcgraph_entry:        0.210 us   |                panic_on_other_cpu(); (ret=0x0)
           cifsd-1726  [000] ...1.    86.961152: funcgraph_entry:                   |                nbcon_get_default_prio() {
           cifsd-1726  [000] ...1.    86.961152: funcgraph_entry:        0.210 us   |                  panic_on_this_cpu(); (ret=0xffffff00)
           cifsd-1726  [000] ...1.    86.961153: funcgraph_entry:                   |                  nbcon_get_cpu_emergency_nesting() {
           cifsd-1726  [000] ...1.    86.961153: funcgraph_entry:        0.210 us   |                    printk_percpu_data_ready(); (ret=0x1)
           cifsd-1726  [000] ...1.    86.961153: funcgraph_exit:         0.670 us   |                  } (ret=0xffff8c703bc1d484)
           cifsd-1726  [000] ...1.    86.961154: funcgraph_exit:         1.750 us   |                } (ret=0x1)
           cifsd-1726  [000] ...1.    86.961154: funcgraph_entry:                   |                is_printk_legacy_deferred() {
           cifsd-1726  [000] ...1.    86.961154: funcgraph_entry:        0.210 us   |                  is_printk_cpu_sync_owner(); (ret=0xffffff00)
           cifsd-1726  [000] ...1.    86.961155: funcgraph_exit:         0.710 us   |                } (ret=0xffffff00)
           cifsd-1726  [000] ...1.    86.961155: funcgraph_entry:        0.220 us   |                is_printk_force_console(); (ret=0x0)
           cifsd-1726  [000] ...1.    86.961155: funcgraph_entry:                   |                vprintk_store() {
           cifsd-1726  [000] d..1.    86.961156: funcgraph_entry:        0.240 us   |                  local_clock(); (ret=0x143b8718e7)
           cifsd-1726  [000] d..1.    86.961157: funcgraph_entry:        0.240 us   |                  printk_parse_prefix(); (ret=0x2)
           cifsd-1726  [000] d..1.    86.961157: funcgraph_entry:        0.210 us   |                  is_printk_force_console(); (ret=0x0)
           cifsd-1726  [000] d..1.    86.961158: funcgraph_entry:                   |                  prb_reserve() {
           cifsd-1726  [000] d..1.    86.961158: funcgraph_entry:                   |                    desc_update_last_finalized() {
           cifsd-1726  [000] d..1.    86.961158: funcgraph_entry:                   |                      _prb_read_valid() {
           cifsd-1726  [000] d..1.    86.961158: funcgraph_entry:                   |                        desc_read_finalized_seq() {
           cifsd-1726  [000] d..1.    86.961159: funcgraph_entry:        0.210 us   |                          desc_read(); (ret=0x2)
           cifsd-1726  [000] d..1.    86.961159: funcgraph_exit:         0.660 us   |                        } (ret=0x0)
           cifsd-1726  [000] d..1.    86.961159: funcgraph_exit:         1.130 us   |                      } (ret=0x1)
           cifsd-1726  [000] d..1.    86.961160: funcgraph_entry:                   |                      _prb_read_valid() {
           cifsd-1726  [000] d..1.    86.961160: funcgraph_entry:                   |                        desc_read_finalized_seq() {
           cifsd-1726  [000] d..1.    86.961160: funcgraph_entry:        0.220 us   |                          desc_read(); (ret=0x0)
           cifsd-1726  [000] d..1.    86.961161: funcgraph_exit:         0.660 us   |                        } (ret=0xffffffea)
           cifsd-1726  [000] d..1.    86.961161: funcgraph_entry:        0.220 us   |                        desc_read(); (ret=0x3)
           cifsd-1726  [000] d..1.    86.961161: funcgraph_entry:        0.220 us   |                        panic_on_this_cpu(); (ret=0xffffff00)
           cifsd-1726  [000] d..1.    86.961162: funcgraph_exit:         2.040 us   |                      } (ret=0x0)
           cifsd-1726  [000] d..1.    86.961162: funcgraph_exit:         3.880 us   |                    } (ret=0x0)
           cifsd-1726  [000] d..1.    86.961162: funcgraph_entry:                   |                    data_alloc() {
           cifsd-1726  [000] d..1.    86.961162: funcgraph_entry:        0.210 us   |                      data_push_tail(); (ret=0x1)
           cifsd-1726  [000] d..1.    86.961163: funcgraph_exit:         0.680 us   |                    } (ret=0xffffffff9aac76f8)
           cifsd-1726  [000] d..1.    86.961163: funcgraph_entry:        0.220 us   |                    space_used(); (ret=0x60)
           cifsd-1726  [000] d..1.    86.961164: funcgraph_exit:         5.800 us   |                  } (ret=0xffffc401)
           cifsd-1726  [000] d..1.    86.961164: funcgraph_entry:                   |                  printk_sprint() {
           cifsd-1726  [000] d..1.    86.961164: funcgraph_entry:        0.250 us   |                    printk_parse_prefix(); (ret=0x2)
           cifsd-1726  [000] d..1.    86.961165: funcgraph_exit:         1.100 us   |                  } (ret=0x53)
           cifsd-1726  [000] d..1.    86.961165: funcgraph_entry:                   |                  prb_final_commit() {
           cifsd-1726  [000] d..1.    86.961165: funcgraph_entry:        0.210 us   |                    _prb_commit(); (ret=0x0)
           cifsd-1726  [000] d..1.    86.961166: funcgraph_entry:                   |                    desc_update_last_finalized() {
           cifsd-1726  [000] d..1.    86.961166: funcgraph_entry:                   |                      _prb_read_valid() {
           cifsd-1726  [000] d..1.    86.961166: funcgraph_entry:                   |                        desc_read_finalized_seq() {
           cifsd-1726  [000] d..1.    86.961167: funcgraph_entry:        0.210 us   |                          desc_read(); (ret=0x2)
           cifsd-1726  [000] d..1.    86.961167: funcgraph_exit:         0.660 us   |                        } (ret=0x0)
           cifsd-1726  [000] d..1.    86.961167: funcgraph_exit:         1.110 us   |                      } (ret=0x1)
           cifsd-1726  [000] d..1.    86.961167: funcgraph_entry:                   |                      _prb_read_valid() {
           cifsd-1726  [000] d..1.    86.961168: funcgraph_entry:                   |                        desc_read_finalized_seq() {
           cifsd-1726  [000] d..1.    86.961168: funcgraph_entry:        0.220 us   |                          desc_read(); (ret=0xffffffff)
           cifsd-1726  [000] d..1.    86.961168: funcgraph_exit:         0.680 us   |                        } (ret=0xffffffea)
           cifsd-1726  [000] d..1.    86.961169: funcgraph_entry:        0.220 us   |                        desc_read(); (ret=0x3)
           cifsd-1726  [000] d..1.    86.961169: funcgraph_entry:        0.210 us   |                        panic_on_this_cpu(); (ret=0xffffff00)
           cifsd-1726  [000] d..1.    86.961170: funcgraph_exit:         2.130 us   |                      } (ret=0x0)
           cifsd-1726  [000] d..1.    86.961170: funcgraph_exit:         3.940 us   |                    } (ret=0x0)
           cifsd-1726  [000] d..1.    86.961170: funcgraph_exit:         4.860 us   |                  } (ret=0x0)
           cifsd-1726  [000] ...1.    86.961170: funcgraph_exit:       + 14.900 us  |                } (ret=0x53)
           cifsd-1726  [000] ...2.    86.961171: funcgraph_entry:        0.220 us   |                panic_on_other_cpu(); (ret=0x0)
           cifsd-1726  [000] ...2.    86.961171: funcgraph_entry:                   |                __down_trylock_console_sem.isra.0() {
           cifsd-1726  [000] d..2.    86.961171: funcgraph_entry:        0.220 us   |                  __printk_safe_enter(); (ret=0x282)
           cifsd-1726  [000] d..2.    86.961172: funcgraph_entry:                   |                  down_trylock() {
           cifsd-1726  [000] d..2.    86.961172: funcgraph_entry:        0.210 us   |                    _raw_spin_lock_irqsave(); (ret=0x92)
           cifsd-1726  [000] d..3.    86.961172: funcgraph_entry:        0.230 us   |                    _raw_spin_unlock_irqrestore(); (ret=0x0)
           cifsd-1726  [000] d..2.    86.961173: funcgraph_exit:         1.150 us   |                  } (ret=0x0)
           cifsd-1726  [000] d..2.    86.961173: funcgraph_entry:        0.220 us   |                  __printk_safe_exit(); (ret=0x0)
           cifsd-1726  [000] ...2.    86.961174: funcgraph_exit:         2.550 us   |                } (ret=0x0)
           cifsd-1726  [000] ...2.    86.961174: funcgraph_entry:                   |                console_unlock() {
           cifsd-1726  [000] ...2.    86.961174: funcgraph_entry:                   |                  nbcon_get_default_prio() {
           cifsd-1726  [000] ...2.    86.961174: funcgraph_entry:        0.200 us   |                    panic_on_this_cpu(); (ret=0xffffff00)
           cifsd-1726  [000] ...2.    86.961175: funcgraph_entry:                   |                    nbcon_get_cpu_emergency_nesting() {
           cifsd-1726  [000] ...2.    86.961175: funcgraph_entry:        0.200 us   |                      printk_percpu_data_ready(); (ret=0x1)
           cifsd-1726  [000] ...2.    86.961175: funcgraph_exit:         0.660 us   |                    } (ret=0xffff8c703bc1d484)
           cifsd-1726  [000] ...2.    86.961176: funcgraph_exit:         1.560 us   |                  } (ret=0x1)
           cifsd-1726  [000] ...2.    86.961176: funcgraph_entry:                   |                  is_printk_legacy_deferred() {
           cifsd-1726  [000] ...2.    86.961176: funcgraph_entry:        0.200 us   |                    is_printk_cpu_sync_owner(); (ret=0xffffff00)
           cifsd-1726  [000] ...2.    86.961177: funcgraph_exit:         0.660 us   |                  } (ret=0xffffff00)
           cifsd-1726  [000] ...2.    86.961177: funcgraph_entry:                   |                  console_flush_one_record() {
           cifsd-1726  [000] ...2.    86.961177: funcgraph_entry:                   |                    nbcon_get_default_prio() {
           cifsd-1726  [000] ...2.    86.961177: funcgraph_entry:        0.210 us   |                      panic_on_this_cpu(); (ret=0xffffff00)
           cifsd-1726  [000] ...2.    86.961178: funcgraph_entry:                   |                      nbcon_get_cpu_emergency_nesting() {
           cifsd-1726  [000] ...2.    86.961178: funcgraph_entry:        0.200 us   |                        printk_percpu_data_ready(); (ret=0x1)
           cifsd-1726  [000] ...2.    86.961179: funcgraph_exit:         0.650 us   |                      } (ret=0xffff8c703bc1d484)
           cifsd-1726  [000] ...2.    86.961179: funcgraph_exit:         1.940 us   |                    } (ret=0x1)
           cifsd-1726  [000] ...2.    86.961179: funcgraph_entry:                   |                    is_printk_legacy_deferred() {
           cifsd-1726  [000] ...2.    86.961179: funcgraph_entry:        0.210 us   |                      is_printk_cpu_sync_owner(); (ret=0xffffff00)
           cifsd-1726  [000] ...2.    86.961180: funcgraph_exit:         0.710 us   |                    } (ret=0xffffff00)
           cifsd-1726  [000] ...2.    86.961180: funcgraph_entry:        0.220 us   |                    __srcu_read_lock(); (ret=0x0)
           cifsd-1726  [000] ...2.    86.961181: funcgraph_entry:                   |                    printk_get_next_message() {
           cifsd-1726  [000] ...2.    86.961181: funcgraph_entry:                   |                      prb_read_valid() {
           cifsd-1726  [000] ...2.    86.961181: funcgraph_entry:                   |                        _prb_read_valid() {
           cifsd-1726  [000] ...2.    86.961181: funcgraph_entry:                   |                          desc_read_finalized_seq() {
           cifsd-1726  [000] ...2.    86.961182: funcgraph_entry:        0.210 us   |                            desc_read(); (ret=0x2)
           cifsd-1726  [000] ...2.    86.961182: funcgraph_exit:         0.660 us   |                          } (ret=0x0)
           cifsd-1726  [000] ...2.    86.961182: funcgraph_entry:        0.220 us   |                          get_data(); (ret=0xffffffff9aac7690)
           cifsd-1726  [000] ...2.    86.961183: funcgraph_entry:                   |                          desc_read_finalized_seq() {
           cifsd-1726  [000] ...2.    86.961183: funcgraph_entry:        0.210 us   |                            desc_read(); (ret=0x2)
           cifsd-1726  [000] ...2.    86.961183: funcgraph_exit:         0.660 us   |                          } (ret=0x0)
           cifsd-1726  [000] ...2.    86.961184: funcgraph_exit:         2.510 us   |                        } (ret=0x1)
           cifsd-1726  [000] ...2.    86.961184: funcgraph_exit:         2.960 us   |                      } (ret=0x1)
           cifsd-1726  [000] ...2.    86.961184: funcgraph_entry:                   |                      record_print_text() {
           cifsd-1726  [000] ...2.    86.961184: funcgraph_entry:        0.590 us   |                        info_print_prefix(); (ret=0xf)
           cifsd-1726  [000] ...2.    86.961185: funcgraph_exit:         1.210 us   |                      } (ret=0x6b)
           cifsd-1726  [000] ...2.    86.961186: funcgraph_exit:         4.940 us   |                    } (ret=0x1)
           cifsd-1726  [000] d..2.    86.961186: funcgraph_entry:        0.230 us   |                    __printk_safe_enter(); (ret=0x246)
           cifsd-1726  [000] d..2.    86.961186: funcgraph_entry:        0.220 us   |                    panic_in_progress(); (ret=0xffffff00)
           cifsd-1726  [000] d..2.    86.961187: funcgraph_entry:        0.220 us   |                    _raw_spin_lock(); (ret=0x0)
           cifsd-1726  [000] d..3.    86.961187: funcgraph_entry:        0.230 us   |                    _raw_spin_unlock(); (ret=0x0)
           cifsd-1726  [000] d..2.    86.961188: funcgraph_entry:                   |                    vt_console_print() {
           cifsd-1726  [000] d..2.    86.961188: funcgraph_entry:        0.210 us   |                      is_console_locked(); (ret=0x1)
           cifsd-1726  [000] d..2.    86.961188: funcgraph_entry:        0.230 us   |                      _raw_spin_trylock(); (ret=0x1)
           cifsd-1726  [000] d..3.    86.961189: funcgraph_entry:                   |                      hide_cursor() {
           cifsd-1726  [000] d..3.    86.961189: funcgraph_entry:        0.240 us   |                        vc_is_sel(); (ret=0x0)
           cifsd-1726  [000] d..3.    86.961190: funcgraph_entry:                   |                        fbcon_cursor() {
           cifsd-1726  [000] d..3.    86.961190: funcgraph_entry:        0.210 us   |                          is_console_locked(); (ret=0x1)
           cifsd-1726  [000] d..3.    86.961191: funcgraph_entry:        0.210 us   |                          __msecs_to_jiffies(); (ret=0xc8)
           cifsd-1726  [000] d..3.    86.961191: funcgraph_entry:        0.210 us   |                          panic_in_progress(); (ret=0xffffff00)
           cifsd-1726  [000] d..3.    86.961192: funcgraph_entry:        0.230 us   |                          queue_delayed_work_on(); (ret=0x0)
           cifsd-1726  [000] d..3.    86.961192: funcgraph_entry:                   |                          get_color() {
           cifsd-1726  [000] d..3.    86.961192: funcgraph_entry:        0.230 us   |                            fb_get_color_depth(); (ret=0x18)
           cifsd-1726  [000] d..3.    86.961193: funcgraph_exit:         0.740 us   |                          } (ret=0x0)
           cifsd-1726  [000] d..3.    86.961193: funcgraph_entry:                   |                          get_color() {
           cifsd-1726  [000] d..3.    86.961193: funcgraph_entry:        0.210 us   |                            fb_get_color_depth(); (ret=0x18)
           cifsd-1726  [000] d..3.    86.961194: funcgraph_exit:         0.670 us   |                          } (ret=0x7)
           cifsd-1726  [000] d..3.    86.961194: funcgraph_entry:                   |                          bit_cursor() {
           cifsd-1726  [000] d..3.    86.961194: funcgraph_entry:        0.210 us   |                            fb_get_color_depth(); (ret=0x18)
           cifsd-1726  [000] d..3.    86.961195: funcgraph_entry:                   |                            soft_cursor() {
           cifsd-1726  [000] d..3.    86.961195: funcgraph_entry:        0.210 us   |                              fb_get_buffer_offset(); (ret=0xffff8c6fc74da870)
           cifsd-1726  [000] d..3.    86.961196: funcgraph_entry:        0.260 us   |                              fb_pad_aligned_buffer(); (ret=0x0)
           cifsd-1726  [000] d..3.    86.961196: funcgraph_entry:                   |                              drm_fbdev_shmem_defio_imageblit() {
           cifsd-1726  [000] d..3.    86.961197: funcgraph_entry:        0.360 us   |                                sys_imageblit(); (ret=0x0)
           cifsd-1726  [000] d..3.    86.961197: funcgraph_entry:                   |                                drm_fb_helper_damage_area() {
           cifsd-1726  [000] d..3.    86.961197: funcgraph_entry:                   |                                  drm_fb_helper_damage.part.0() {
           cifsd-1726  [000] d..3.    86.961198: funcgraph_entry:        0.200 us   |                                    _raw_spin_lock_irqsave(); (ret=0x82)
           cifsd-1726  [000] d..4.    86.961198: funcgraph_entry:        0.220 us   |                                    _raw_spin_unlock_irqrestore(); (ret=0x0)
           cifsd-1726  [000] d..3.    86.961199: funcgraph_entry:        0.220 us   |                                    queue_work_on(); (ret=0x0)
           cifsd-1726  [000] d..3.    86.961199: funcgraph_exit:         1.620 us   |                                  } (ret=0x0)
           cifsd-1726  [000] d..3.    86.961199: funcgraph_exit:         2.100 us   |                                } (ret=0x0)
           cifsd-1726  [000] d..3.    86.961200: funcgraph_exit:         3.230 us   |                              } (ret=0x0)
           cifsd-1726  [000] d..3.    86.961200: funcgraph_exit:         4.770 us   |                            } (ret=0x0)
           cifsd-1726  [000] d..3.    86.961200: funcgraph_exit:         5.860 us   |                          } (ret=0x0)
           cifsd-1726  [000] d..3.    86.961200: funcgraph_exit:       + 10.300 us  |                        } (ret=0x0)
           cifsd-1726  [000] d..3.    86.961200: funcgraph_exit:       + 11.370 us  |                      } (ret=0x0)
           cifsd-1726  [000] d..3.    86.961201: funcgraph_entry:                   |                      atomic_notifier_call_chain() {
           cifsd-1726  [000] d..3.    86.961201: funcgraph_entry:        0.210 us   |                        __rcu_read_lock(); (ret=0x0)
           cifsd-1726  [000] d..3.    86.961201: funcgraph_entry:        0.250 us   |                        notifier_call_chain(); (ret=0x0)
           cifsd-1726  [000] d..3.    86.961202: funcgraph_entry:        0.220 us   |                        __rcu_read_unlock(); (ret=0x0)
           cifsd-1726  [000] d..3.    86.961202: funcgraph_exit:         1.630 us   |                      } (ret=0x0)
           cifsd-1726  [000] d..3.    86.961203: funcgraph_entry:                   |                      atomic_notifier_call_chain() {
           cifsd-1726  [000] d..3.    86.961203: funcgraph_entry:        0.200 us   |                        __rcu_read_lock(); (ret=0x0)
           cifsd-1726  [000] d..3.    86.961203: funcgraph_entry:        0.210 us   |                        notifier_call_chain(); (ret=0x0)
           cifsd-1726  [000] d..3.    86.961204: funcgraph_entry:        0.210 us   |                        __rcu_read_unlock(); (ret=0x0)
           cifsd-1726  [000] d..3.    86.961205: funcgraph_exit:         1.550 us   |                      } (ret=0x0)
           cifsd-1726  [000] d..3.    86.961205: funcgraph_entry:                   |                      atomic_notifier_call_chain() {
           cifsd-1726  [000] d..3.    86.961205: funcgraph_entry:        0.200 us   |                        __rcu_read_lock(); (ret=0x0)
           cifsd-1726  [000] d..3.    86.961206: funcgraph_entry:        0.210 us   |                        notifier_call_chain(); (ret=0x0)
           cifsd-1726  [000] d..3.    86.961206: funcgraph_entry:        0.220 us   |                        __rcu_read_unlock(); (ret=0x0)
           cifsd-1726  [000] d..3.    86.961206: funcgraph_exit:         1.630 us   |                      } (ret=0x0)
           cifsd-1726  [000] d..3.    86.961207: funcgraph_entry:                   |                      atomic_notifier_call_chain() {
           cifsd-1726  [000] d..3.    86.961207: funcgraph_entry:        0.200 us   |                        __rcu_read_lock(); (ret=0x0)
           cifsd-1726  [000] d..3.    86.961207: funcgraph_entry:        0.210 us   |                        notifier_call_chain(); (ret=0x0)
           cifsd-1726  [000] d..3.    86.961208: funcgraph_entry:        0.210 us   |                        __rcu_read_unlock(); (ret=0x0)
           cifsd-1726  [000] d..3.    86.961208: funcgraph_exit:         1.550 us   |                      } (ret=0x0)
           cifsd-1726  [000] d..3.    86.961209: funcgraph_entry:                   |                      atomic_notifier_call_chain() {
           cifsd-1726  [000] d..3.    86.961209: funcgraph_entry:        0.210 us   |                        __rcu_read_lock(); (ret=0x0)
           cifsd-1726  [000] d..3.    86.961209: funcgraph_entry:        0.200 us   |                        notifier_call_chain(); (ret=0x0)
           cifsd-1726  [000] d..3.    86.961210: funcgraph_entry:        0.220 us   |                        __rcu_read_unlock(); (ret=0x0)
           cifsd-1726  [000] d..3.    86.961210: funcgraph_exit:         1.560 us   |                      } (ret=0x0)
           cifsd-1726  [000] d..3.    86.961210: funcgraph_entry:                   |                      atomic_notifier_call_chain() {
           cifsd-1726  [000] d..3.    86.961211: funcgraph_entry:        0.210 us   |                        __rcu_read_lock(); (ret=0x0)
           cifsd-1726  [000] d..3.    86.961211: funcgraph_entry:        0.200 us   |                        notifier_call_chain(); (ret=0x0)
           cifsd-1726  [000] d..3.    86.961211: funcgraph_entry:        0.220 us   |                        __rcu_read_unlock(); (ret=0x0)
           cifsd-1726  [000] d..3.    86.961212: funcgraph_exit:         1.560 us   |                      } (ret=0x0)
           cifsd-1726  [000] d..3.    86.961212: funcgraph_entry:                   |                      atomic_notifier_call_chain() {
           cifsd-1726  [000] d..3.    86.961212: funcgraph_entry:        0.210 us   |                        __rcu_read_lock(); (ret=0x0)
           cifsd-1726  [000] d..3.    86.961213: funcgraph_entry:        0.200 us   |                        notifier_call_chain(); (ret=0x0)
           cifsd-1726  [000] d..3.    86.961213: funcgraph_entry:        0.210 us   |                        __rcu_read_unlock(); (ret=0x0)
           cifsd-1726  [000] d..3.    86.961214: funcgraph_exit:         1.560 us   |                      } (ret=0x0)
           cifsd-1726  [000] d..3.    86.961214: funcgraph_entry:                   |                      atomic_notifier_call_chain() {
           cifsd-1726  [000] d..3.    86.961214: funcgraph_entry:        0.200 us   |                        __rcu_read_lock(); (ret=0x0)
           cifsd-1726  [000] d..3.    86.961215: funcgraph_entry:        0.210 us   |                        notifier_call_chain(); (ret=0x0)
           cifsd-1726  [000] d..3.    86.961215: funcgraph_entry:        0.210 us   |                        __rcu_read_unlock(); (ret=0x0)
           cifsd-1726  [000] d..3.    86.961215: funcgraph_exit:         1.550 us   |                      } (ret=0x0)
           cifsd-1726  [000] d..3.    86.961216: funcgraph_entry:                   |                      atomic_notifier_call_chain() {
           cifsd-1726  [000] d..3.    86.961216: funcgraph_entry:        0.200 us   |                        __rcu_read_lock(); (ret=0x0)
           cifsd-1726  [000] d..3.    86.961216: funcgraph_entry:        0.220 us   |                        notifier_call_chain(); (ret=0x0)
           cifsd-1726  [000] d..3.    86.961217: funcgraph_entry:        0.210 us   |                        __rcu_read_unlock(); (ret=0x0)
           cifsd-1726  [000] d..3.    86.961217: funcgraph_exit:         1.560 us   |                      } (ret=0x0)
           cifsd-1726  [000] d..3.    86.961218: funcgraph_entry:                   |                      atomic_notifier_call_chain() {
           cifsd-1726  [000] d..3.    86.961218: funcgraph_entry:        0.210 us   |                        __rcu_read_lock(); (ret=0x0)
           cifsd-1726  [000] d..3.    86.961218: funcgraph_entry:        0.210 us   |                        notifier_call_chain(); (ret=0x0)
           cifsd-1726  [000] d..3.    86.961219: funcgraph_entry:        0.210 us   |                        __rcu_read_unlock(); (ret=0x0)
           cifsd-1726  [000] d..3.    86.961219: funcgraph_exit:         1.560 us   |                      } (ret=0x0)
           cifsd-1726  [000] d..3.    86.961219: funcgraph_entry:                   |                      atomic_notifier_call_chain() {
           cifsd-1726  [000] d..3.    86.961220: funcgraph_entry:        0.200 us   |                        __rcu_read_lock(); (ret=0x0)
           cifsd-1726  [000] d..3.    86.961220: funcgraph_entry:        0.210 us   |                        notifier_call_chain(); (ret=0x0)
           cifsd-1726  [000] d..3.    86.961220: funcgraph_entry:        0.220 us   |                        __rcu_read_unlock(); (ret=0x0)
           cifsd-1726  [000] d..3.    86.961221: funcgraph_exit:         1.570 us   |                      } (ret=0x0)
           cifsd-1726  [000] d..3.    86.961221: funcgraph_entry:                   |                      atomic_notifier_call_chain() {
           cifsd-1726  [000] d..3.    86.961221: funcgraph_entry:        0.210 us   |                        __rcu_read_lock(); (ret=0x0)
           cifsd-1726  [000] d..3.    86.961222: funcgraph_entry:        0.210 us   |                        notifier_call_chain(); (ret=0x0)
           cifsd-1726  [000] d..3.    86.961222: funcgraph_entry:        0.210 us   |                        __rcu_read_unlock(); (ret=0x0)
           cifsd-1726  [000] d..3.    86.961223: funcgraph_exit:         1.560 us   |                      } (ret=0x0)
           cifsd-1726  [000] d..3.    86.961223: funcgraph_entry:                   |                      atomic_notifier_call_chain() {
           cifsd-1726  [000] d..3.    86.961223: funcgraph_entry:        0.200 us   |                        __rcu_read_lock(); (ret=0x0)
           cifsd-1726  [000] d..3.    86.961224: funcgraph_entry:        0.210 us   |                        notifier_call_chain(); (ret=0x0)
           cifsd-1726  [000] d..3.    86.961224: funcgraph_entry:        0.220 us   |                        __rcu_read_unlock(); (ret=0x0)
           cifsd-1726  [000] d..3.    86.961225: funcgraph_exit:         1.570 us   |                      } (ret=0x0)
           cifsd-1726  [000] d..3.    86.961225: funcgraph_entry:                   |                      atomic_notifier_call_chain() {
           cifsd-1726  [000] d..3.    86.961225: funcgraph_entry:        0.210 us   |                        __rcu_read_lock(); (ret=0x0)
           cifsd-1726  [000] d..3.    86.961225: funcgraph_entry:        0.200 us   |                        notifier_call_chain(); (ret=0x0)
           cifsd-1726  [000] d..3.    86.961226: funcgraph_entry:        0.220 us   |                        __rcu_read_unlock(); (ret=0x0)
           cifsd-1726  [000] d..3.    86.961226: funcgraph_exit:         1.560 us   |                      } (ret=0x0)
           cifsd-1726  [000] d..3.    86.961227: funcgraph_entry:                   |                      atomic_notifier_call_chain() {
           cifsd-1726  [000] d..3.    86.961227: funcgraph_entry:        0.200 us   |                        __rcu_read_lock(); (ret=0x0)
           cifsd-1726  [000] d..3.    86.961227: funcgraph_entry:        0.210 us   |                        notifier_call_chain(); (ret=0x0)
           cifsd-1726  [000] d..3.    86.961228: funcgraph_entry:        0.480 us   |                        __rcu_read_unlock(); (ret=0x0)
           cifsd-1726  [000] d..3.    86.961228: funcgraph_exit:         1.820 us   |                      } (ret=0x0)
           cifsd-1726  [000] d..3.    86.961229: funcgraph_entry:                   |                      atomic_notifier_call_chain() {
           cifsd-1726  [000] d..3.    86.961229: funcgraph_entry:        0.210 us   |                        __rcu_read_lock(); (ret=0x0)
           cifsd-1726  [000] d..3.    86.961229: funcgraph_entry:        0.210 us   |                        notifier_call_chain(); (ret=0x0)
           cifsd-1726  [000] d..3.    86.961230: funcgraph_entry:        0.220 us   |                        __rcu_read_unlock(); (ret=0x0)
           cifsd-1726  [000] d..3.    86.961230: funcgraph_exit:         1.580 us   |                      } (ret=0x0)
           cifsd-1726  [000] d..3.    86.961230: funcgraph_entry:                   |                      atomic_notifier_call_chain() {
           cifsd-1726  [000] d..3.    86.961231: funcgraph_entry:        0.200 us   |                        __rcu_read_lock(); (ret=0x0)
           cifsd-1726  [000] d..3.    86.961231: funcgraph_entry:        0.220 us   |                        notifier_call_chain(); (ret=0x0)
           cifsd-1726  [000] d..3.    86.961232: funcgraph_entry:        0.210 us   |                        __rcu_read_unlock(); (ret=0x0)
           cifsd-1726  [000] d..3.    86.961232: funcgraph_exit:         1.570 us   |                      } (ret=0x0)
           cifsd-1726  [000] d..3.    86.961232: funcgraph_entry:                   |                      atomic_notifier_call_chain() {
           cifsd-1726  [000] d..3.    86.961232: funcgraph_entry:        0.200 us   |                        __rcu_read_lock(); (ret=0x0)
           cifsd-1726  [000] d..3.    86.961233: funcgraph_entry:        0.220 us   |                        notifier_call_chain(); (ret=0x0)
           cifsd-1726  [000] d..3.    86.961233: funcgraph_entry:        0.210 us   |                        __rcu_read_unlock(); (ret=0x0)
           cifsd-1726  [000] d..3.    86.961234: funcgraph_exit:         1.570 us   |                      } (ret=0x0)
           cifsd-1726  [000] d..3.    86.961234: funcgraph_entry:                   |                      atomic_notifier_call_chain() {
           cifsd-1726  [000] d..3.    86.961234: funcgraph_entry:        0.200 us   |                        __rcu_read_lock(); (ret=0x0)
           cifsd-1726  [000] d..3.    86.961235: funcgraph_entry:        0.220 us   |                        notifier_call_chain(); (ret=0x0)
           cifsd-1726  [000] d..3.    86.961235: funcgraph_entry:        0.210 us   |                        __rcu_read_unlock(); (ret=0x0)
           cifsd-1726  [000] d..3.    86.961236: funcgraph_exit:         1.570 us   |                      } (ret=0x0)
           cifsd-1726  [000] d..3.    86.961236: funcgraph_entry:                   |                      atomic_notifier_call_chain() {
           cifsd-1726  [000] d..3.    86.961236: funcgraph_entry:        0.200 us   |                        __rcu_read_lock(); (ret=0x0)
           cifsd-1726  [000] d..3.    86.961237: funcgraph_entry:        0.220 us   |                        notifier_call_chain(); (ret=0x0)
           cifsd-1726  [000] d..3.    86.961237: funcgraph_entry:        0.210 us   |                        __rcu_read_unlock(); (ret=0x0)
           cifsd-1726  [000] d..3.    86.961237: funcgraph_exit:         1.570 us   |                      } (ret=0x0)
           cifsd-1726  [000] d..3.    86.961238: funcgraph_entry:                   |                      atomic_notifier_call_chain() {
           cifsd-1726  [000] d..3.    86.961238: funcgraph_entry:        0.200 us   |                        __rcu_read_lock(); (ret=0x0)
           cifsd-1726  [000] d..3.    86.961238: funcgraph_entry:        0.220 us   |                        notifier_call_chain(); (ret=0x0)
           cifsd-1726  [000] d..3.    86.961239: funcgraph_entry:        0.210 us   |                        __rcu_read_unlock(); (ret=0x0)
           cifsd-1726  [000] d..3.    86.961239: funcgraph_exit:         1.570 us   |                      } (ret=0x0)
           cifsd-1726  [000] d..3.    86.961240: funcgraph_entry:                   |                      atomic_notifier_call_chain() {
           cifsd-1726  [000] d..3.    86.961240: funcgraph_entry:        0.200 us   |                        __rcu_read_lock(); (ret=0x0)
           cifsd-1726  [000] d..3.    86.961240: funcgraph_entry:        0.220 us   |                        notifier_call_chain(); (ret=0x0)
           cifsd-1726  [000] d..3.    86.961241: funcgraph_entry:        0.210 us   |                        __rcu_read_unlock(); (ret=0x0)
           cifsd-1726  [000] d..3.    86.961241: funcgraph_exit:         1.560 us   |                      } (ret=0x0)
           cifsd-1726  [000] d..3.    86.961241: funcgraph_entry:                   |                      atomic_notifier_call_chain() {
           cifsd-1726  [000] d..3.    86.961242: funcgraph_entry:        0.210 us   |                        __rcu_read_lock(); (ret=0x0)
           cifsd-1726  [000] d..3.    86.961242: funcgraph_entry:        0.210 us   |                        notifier_call_chain(); (ret=0x0)
           cifsd-1726  [000] d..3.    86.961242: funcgraph_entry:        0.210 us   |                        __rcu_read_unlock(); (ret=0x0)
           cifsd-1726  [000] d..3.    86.961243: funcgraph_exit:         1.560 us   |                      } (ret=0x0)
           cifsd-1726  [000] d..3.    86.961243: funcgraph_entry:                   |                      atomic_notifier_call_chain() {
           cifsd-1726  [000] d..3.    86.961243: funcgraph_entry:        0.210 us   |                        __rcu_read_lock(); (ret=0x0)
           cifsd-1726  [000] d..3.    86.961244: funcgraph_entry:        0.210 us   |                        notifier_call_chain(); (ret=0x0)
           cifsd-1726  [000] d..3.    86.961244: funcgraph_entry:        0.220 us   |                        __rcu_read_unlock(); (ret=0x0)
           cifsd-1726  [000] d..3.    86.961245: funcgraph_exit:         1.570 us   |                      } (ret=0x0)
           cifsd-1726  [000] d..3.    86.961245: funcgraph_entry:                   |                      atomic_notifier_call_chain() {
           cifsd-1726  [000] d..3.    86.961245: funcgraph_entry:        0.210 us   |                        __rcu_read_lock(); (ret=0x0)
           cifsd-1726  [000] d..3.    86.961246: funcgraph_entry:        0.210 us   |                        notifier_call_chain(); (ret=0x0)
           cifsd-1726  [000] d..3.    86.961246: funcgraph_entry:        0.220 us   |                        __rcu_read_unlock(); (ret=0x0)
           cifsd-1726  [000] d..3.    86.961247: funcgraph_exit:         1.570 us   |                      } (ret=0x0)
           cifsd-1726  [000] d..3.    86.961247: funcgraph_entry:                   |                      atomic_notifier_call_chain() {
           cifsd-1726  [000] d..3.    86.961247: funcgraph_entry:        0.200 us   |                        __rcu_read_lock(); (ret=0x0)
           cifsd-1726  [000] d..3.    86.961247: funcgraph_entry:        0.220 us   |                        notifier_call_chain(); (ret=0x0)
           cifsd-1726  [000] d..3.    86.961248: funcgraph_entry:        0.210 us   |                        __rcu_read_unlock(); (ret=0x0)
           cifsd-1726  [000] d..3.    86.961248: funcgraph_exit:         1.560 us   |                      } (ret=0x0)
           cifsd-1726  [000] d..3.    86.961249: funcgraph_entry:                   |                      atomic_notifier_call_chain() {
           cifsd-1726  [000] d..3.    86.961249: funcgraph_entry:        0.210 us   |                        __rcu_read_lock(); (ret=0x0)
           cifsd-1726  [000] d..3.    86.961249: funcgraph_entry:        0.210 us   |                        notifier_call_chain(); (ret=0x0)
           cifsd-1726  [000] d..3.    86.961250: funcgraph_entry:        0.210 us   |                        __rcu_read_unlock(); (ret=0x0)
           cifsd-1726  [000] d..3.    86.961250: funcgraph_exit:         1.560 us   |                      } (ret=0x0)
           cifsd-1726  [000] d..3.    86.961250: funcgraph_entry:                   |                      atomic_notifier_call_chain() {
           cifsd-1726  [000] d..3.    86.961251: funcgraph_entry:        0.210 us   |                        __rcu_read_lock(); (ret=0x0)
           cifsd-1726  [000] d..3.    86.961251: funcgraph_entry:        0.510 us   |                        notifier_call_chain(); (ret=0x0)
           cifsd-1726  [000] d..3.    86.961252: funcgraph_entry:        0.220 us   |                        __rcu_read_unlock(); (ret=0x0)
           cifsd-1726  [000] d..3.    86.961252: funcgraph_exit:         1.910 us   |                      } (ret=0x0)
           cifsd-1726  [000] d..3.    86.961253: funcgraph_entry:                   |                      atomic_notifier_call_chain() {
           cifsd-1726  [000] d..3.    86.961253: funcgraph_entry:        0.200 us   |                        __rcu_read_lock(); (ret=0x0)
           cifsd-1726  [000] d..3.    86.961253: funcgraph_entry:        0.220 us   |                        notifier_call_chain(); (ret=0x0)
           cifsd-1726  [000] d..3.    86.961254: funcgraph_entry:        0.210 us   |                        __rcu_read_unlock(); (ret=0x0)
           cifsd-1726  [000] d..3.    86.961254: funcgraph_exit:         1.580 us   |                      } (ret=0x0)
           cifsd-1726  [000] d..3.    86.961254: funcgraph_entry:                   |                      atomic_notifier_call_chain() {
           cifsd-1726  [000] d..3.    86.961255: funcgraph_entry:        0.200 us   |                        __rcu_read_lock(); (ret=0x0)
           cifsd-1726  [000] d..3.    86.961255: funcgraph_entry:        0.220 us   |                        notifier_call_chain(); (ret=0x0)
           cifsd-1726  [000] d..3.    86.961256: funcgraph_entry:        0.210 us   |                        __rcu_read_unlock(); (ret=0x0)
           cifsd-1726  [000] d..3.    86.961256: funcgraph_exit:         1.570 us   |                      } (ret=0x0)
           cifsd-1726  [000] d..3.    86.961256: funcgraph_entry:                   |                      atomic_notifier_call_chain() {
           cifsd-1726  [000] d..3.    86.961256: funcgraph_entry:        0.210 us   |                        __rcu_read_lock(); (ret=0x0)
           cifsd-1726  [000] d..3.    86.961257: funcgraph_entry:        0.210 us   |                        notifier_call_chain(); (ret=0x0)
           cifsd-1726  [000] d..3.    86.961257: funcgraph_entry:        0.220 us   |                        __rcu_read_unlock(); (ret=0x0)
           cifsd-1726  [000] d..3.    86.961258: funcgraph_exit:         1.570 us   |                      } (ret=0x0)
           cifsd-1726  [000] d..3.    86.961258: funcgraph_entry:                   |                      atomic_notifier_call_chain() {
           cifsd-1726  [000] d..3.    86.961258: funcgraph_entry:        0.200 us   |                        __rcu_read_lock(); (ret=0x0)
           cifsd-1726  [000] d..3.    86.961259: funcgraph_entry:        0.220 us   |                        notifier_call_chain(); (ret=0x0)
           cifsd-1726  [000] d..3.    86.961259: funcgraph_entry:        0.210 us   |                        __rcu_read_unlock(); (ret=0x0)
           cifsd-1726  [000] d..3.    86.961260: funcgraph_exit:         1.560 us   |                      } (ret=0x0)
           cifsd-1726  [000] d..3.    86.961260: funcgraph_entry:                   |                      atomic_notifier_call_chain() {
           cifsd-1726  [000] d..3.    86.961260: funcgraph_entry:        0.200 us   |                        __rcu_read_lock(); (ret=0x0)
           cifsd-1726  [000] d..3.    86.961260: funcgraph_entry:        0.210 us   |                        notifier_call_chain(); (ret=0x0)
           cifsd-1726  [000] d..3.    86.961261: funcgraph_entry:        0.220 us   |                        __rcu_read_unlock(); (ret=0x0)
           cifsd-1726  [000] d..3.    86.961261: funcgraph_exit:         1.570 us   |                      } (ret=0x0)
           cifsd-1726  [000] d..3.    86.961262: funcgraph_entry:                   |                      atomic_notifier_call_chain() {
           cifsd-1726  [000] d..3.    86.961262: funcgraph_entry:        0.210 us   |                        __rcu_read_lock(); (ret=0x0)
           cifsd-1726  [000] d..3.    86.961262: funcgraph_entry:        0.210 us   |                        notifier_call_chain(); (ret=0x0)
           cifsd-1726  [000] d..3.    86.961263: funcgraph_entry:        0.220 us   |                        __rcu_read_unlock(); (ret=0x0)
           cifsd-1726  [000] d..3.    86.961263: funcgraph_exit:         1.570 us   |                      } (ret=0x0)
           cifsd-1726  [000] d..3.    86.961263: funcgraph_entry:                   |                      atomic_notifier_call_chain() {
           cifsd-1726  [000] d..3.    86.961264: funcgraph_entry:        0.200 us   |                        __rcu_read_lock(); (ret=0x0)
           cifsd-1726  [000] d..3.    86.961264: funcgraph_entry:        0.220 us   |                        notifier_call_chain(); (ret=0x0)
           cifsd-1726  [000] d..3.    86.961265: funcgraph_entry:        0.210 us   |                        __rcu_read_unlock(); (ret=0x0)
           cifsd-1726  [000] d..3.    86.961265: funcgraph_exit:         1.570 us   |                      } (ret=0x0)
           cifsd-1726  [000] d..3.    86.961265: funcgraph_entry:                   |                      atomic_notifier_call_chain() {
           cifsd-1726  [000] d..3.    86.961265: funcgraph_entry:        0.210 us   |                        __rcu_read_lock(); (ret=0x0)
           cifsd-1726  [000] d..3.    86.961266: funcgraph_entry:        0.210 us   |                        notifier_call_chain(); (ret=0x0)
           cifsd-1726  [000] d..3.    86.961266: funcgraph_entry:        0.220 us   |                        __rcu_read_unlock(); (ret=0x0)
           cifsd-1726  [000] d..3.    86.961267: funcgraph_exit:         1.570 us   |                      } (ret=0x0)
           cifsd-1726  [000] d..3.    86.961267: funcgraph_entry:                   |                      atomic_notifier_call_chain() {
           cifsd-1726  [000] d..3.    86.961267: funcgraph_entry:        0.200 us   |                        __rcu_read_lock(); (ret=0x0)
           cifsd-1726  [000] d..3.    86.961268: funcgraph_entry:        0.210 us   |                        notifier_call_chain(); (ret=0x0)
           cifsd-1726  [000] d..3.    86.961268: funcgraph_entry:        0.210 us   |                        __rcu_read_unlock(); (ret=0x0)
           cifsd-1726  [000] d..3.    86.961269: funcgraph_exit:         1.560 us   |                      } (ret=0x0)
           cifsd-1726  [000] d..3.    86.961269: funcgraph_entry:                   |                      atomic_notifier_call_chain() {
           cifsd-1726  [000] d..3.    86.961269: funcgraph_entry:        0.200 us   |                        __rcu_read_lock(); (ret=0x0)
           cifsd-1726  [000] d..3.    86.961270: funcgraph_entry:        0.220 us   |                        notifier_call_chain(); (ret=0x0)
           cifsd-1726  [000] d..3.    86.961270: funcgraph_entry:        0.220 us   |                        __rcu_read_unlock(); (ret=0x0)
           cifsd-1726  [000] d..3.    86.961270: funcgraph_exit:         1.570 us   |                      } (ret=0x0)
           cifsd-1726  [000] d..3.    86.961271: funcgraph_entry:                   |                      atomic_notifier_call_chain() {
           cifsd-1726  [000] d..3.    86.961271: funcgraph_entry:        0.200 us   |                        __rcu_read_lock(); (ret=0x0)
           cifsd-1726  [000] d..3.    86.961271: funcgraph_entry:        0.220 us   |                        notifier_call_chain(); (ret=0x0)
           cifsd-1726  [000] d..3.    86.961272: funcgraph_entry:        0.210 us   |                        __rcu_read_unlock(); (ret=0x0)
           cifsd-1726  [000] d..3.    86.961272: funcgraph_exit:         1.570 us   |                      } (ret=0x0)
           cifsd-1726  [000] d..3.    86.961272: funcgraph_entry:                   |                      atomic_notifier_call_chain() {
           cifsd-1726  [000] d..3.    86.961273: funcgraph_entry:        0.200 us   |                        __rcu_read_lock(); (ret=0x0)
           cifsd-1726  [000] d..3.    86.961273: funcgraph_entry:        0.220 us   |                        notifier_call_chain(); (ret=0x0)
           cifsd-1726  [000] d..3.    86.961274: funcgraph_entry:        0.210 us   |                        __rcu_read_unlock(); (ret=0x0)
           cifsd-1726  [000] d..3.    86.961274: funcgraph_exit:         1.570 us   |                      } (ret=0x0)
           cifsd-1726  [000] d..3.    86.961274: funcgraph_entry:                   |                      atomic_notifier_call_chain() {
           cifsd-1726  [000] d..3.    86.961275: funcgraph_entry:        0.420 us   |                        __rcu_read_lock(); (ret=0x0)
           cifsd-1726  [000] d..3.    86.961275: funcgraph_entry:        0.220 us   |                        notifier_call_chain(); (ret=0x0)
           cifsd-1726  [000] d..3.    86.961276: funcgraph_entry:        0.210 us   |                        __rcu_read_unlock(); (ret=0x0)
           cifsd-1726  [000] d..3.    86.961276: funcgraph_exit:         1.830 us   |                      } (ret=0x0)
           cifsd-1726  [000] d..3.    86.961276: funcgraph_entry:                   |                      atomic_notifier_call_chain() {
           cifsd-1726  [000] d..3.    86.961277: funcgraph_entry:        0.210 us   |                        __rcu_read_lock(); (ret=0x0)
           cifsd-1726  [000] d..3.    86.961277: funcgraph_entry:        0.210 us   |                        notifier_call_chain(); (ret=0x0)
           cifsd-1726  [000] d..3.    86.961277: funcgraph_entry:        0.210 us   |                        __rcu_read_unlock(); (ret=0x0)
           cifsd-1726  [000] d..3.    86.961278: funcgraph_exit:         1.570 us   |                      } (ret=0x0)
           cifsd-1726  [000] d..3.    86.961278: funcgraph_entry:                   |                      atomic_notifier_call_chain() {
           cifsd-1726  [000] d..3.    86.961278: funcgraph_entry:        0.200 us   |                        __rcu_read_lock(); (ret=0x0)
           cifsd-1726  [000] d..3.    86.961279: funcgraph_entry:        0.210 us   |                        notifier_call_chain(); (ret=0x0)
           cifsd-1726  [000] d..3.    86.961279: funcgraph_entry:        0.210 us   |                        __rcu_read_unlock(); (ret=0x0)
           cifsd-1726  [000] d..3.    86.961280: funcgraph_exit:         1.560 us   |                      } (ret=0x0)
           cifsd-1726  [000] d..3.    86.961280: funcgraph_entry:                   |                      atomic_notifier_call_chain() {
           cifsd-1726  [000] d..3.    86.961280: funcgraph_entry:        0.200 us   |                        __rcu_read_lock(); (ret=0x0)
           cifsd-1726  [000] d..3.    86.961281: funcgraph_entry:        0.210 us   |                        notifier_call_chain(); (ret=0x0)
           cifsd-1726  [000] d..3.    86.961281: funcgraph_entry:        0.210 us   |                        __rcu_read_unlock(); (ret=0x0)
           cifsd-1726  [000] d..3.    86.961282: funcgraph_exit:         1.560 us   |                      } (ret=0x0)
           cifsd-1726  [000] d..3.    86.961282: funcgraph_entry:                   |                      atomic_notifier_call_chain() {
           cifsd-1726  [000] d..3.    86.961282: funcgraph_entry:        0.200 us   |                        __rcu_read_lock(); (ret=0x0)
           cifsd-1726  [000] d..3.    86.961282: funcgraph_entry:        0.210 us   |                        notifier_call_chain(); (ret=0x0)
           cifsd-1726  [000] d..3.    86.961283: funcgraph_entry:        0.210 us   |                        __rcu_read_unlock(); (ret=0x0)
           cifsd-1726  [000] d..3.    86.961283: funcgraph_exit:         1.560 us   |                      } (ret=0x0)
           cifsd-1726  [000] d..3.    86.961284: funcgraph_entry:                   |                      atomic_notifier_call_chain() {
           cifsd-1726  [000] d..3.    86.961284: funcgraph_entry:        0.210 us   |                        __rcu_read_lock(); (ret=0x0)
           cifsd-1726  [000] d..3.    86.961284: funcgraph_entry:        0.210 us   |                        notifier_call_chain(); (ret=0x0)
           cifsd-1726  [000] d..3.    86.961285: funcgraph_entry:        0.210 us   |                        __rcu_read_unlock(); (ret=0x0)
           cifsd-1726  [000] d..3.    86.961285: funcgraph_exit:         1.560 us   |                      } (ret=0x0)
           cifsd-1726  [000] d..3.    86.961285: funcgraph_entry:                   |                      atomic_notifier_call_chain() {
           cifsd-1726  [000] d..3.    86.961286: funcgraph_entry:        0.200 us   |                        __rcu_read_lock(); (ret=0x0)
           cifsd-1726  [000] d..3.    86.961286: funcgraph_entry:        0.220 us   |                        notifier_call_chain(); (ret=0x0)
           cifsd-1726  [000] d..3.    86.961287: funcgraph_entry:        0.210 us   |                        __rcu_read_unlock(); (ret=0x0)
           cifsd-1726  [000] d..3.    86.961287: funcgraph_exit:         1.570 us   |                      } (ret=0x0)
           cifsd-1726  [000] d..3.    86.961287: funcgraph_entry:                   |                      atomic_notifier_call_chain() {
           cifsd-1726  [000] d..3.    86.961287: funcgraph_entry:        0.200 us   |                        __rcu_read_lock(); (ret=0x0)
           cifsd-1726  [000] d..3.    86.961288: funcgraph_entry:        0.220 us   |                        notifier_call_chain(); (ret=0x0)
           cifsd-1726  [000] d..3.    86.961288: funcgraph_entry:        0.210 us   |                        __rcu_read_unlock(); (ret=0x0)
           cifsd-1726  [000] d..3.    86.961289: funcgraph_exit:         1.570 us   |                      } (ret=0x0)
           cifsd-1726  [000] d..3.    86.961289: funcgraph_entry:                   |                      atomic_notifier_call_chain() {
           cifsd-1726  [000] d..3.    86.961289: funcgraph_entry:        0.200 us   |                        __rcu_read_lock(); (ret=0x0)
           cifsd-1726  [000] d..3.    86.961290: funcgraph_entry:        0.220 us   |                        notifier_call_chain(); (ret=0x0)
           cifsd-1726  [000] d..3.    86.961290: funcgraph_entry:        0.210 us   |                        __rcu_read_unlock(); (ret=0x0)
           cifsd-1726  [000] d..3.    86.961291: funcgraph_exit:         1.560 us   |                      } (ret=0x0)
           cifsd-1726  [000] d..3.    86.961291: funcgraph_entry:                   |                      atomic_notifier_call_chain() {
           cifsd-1726  [000] d..3.    86.961291: funcgraph_entry:        0.200 us   |                        __rcu_read_lock(); (ret=0x0)
           cifsd-1726  [000] d..3.    86.961292: funcgraph_entry:        0.210 us   |                        notifier_call_chain(); (ret=0x0)
           cifsd-1726  [000] d..3.    86.961292: funcgraph_entry:        0.210 us   |                        __rcu_read_unlock(); (ret=0x0)
           cifsd-1726  [000] d..3.    86.961292: funcgraph_exit:         1.560 us   |                      } (ret=0x0)
           cifsd-1726  [000] d..3.    86.961293: funcgraph_entry:                   |                      atomic_notifier_call_chain() {
           cifsd-1726  [000] d..3.    86.961293: funcgraph_entry:        0.210 us   |                        __rcu_read_lock(); (ret=0x0)
           cifsd-1726  [000] d..3.    86.961293: funcgraph_entry:        0.210 us   |                        notifier_call_chain(); (ret=0x0)
           cifsd-1726  [000] d..3.    86.961294: funcgraph_entry:        0.210 us   |                        __rcu_read_unlock(); (ret=0x0)
           cifsd-1726  [000] d..3.    86.961294: funcgraph_exit:         1.560 us   |                      } (ret=0x0)
           cifsd-1726  [000] d..3.    86.961294: funcgraph_entry:                   |                      atomic_notifier_call_chain() {
           cifsd-1726  [000] d..3.    86.961295: funcgraph_entry:        0.210 us   |                        __rcu_read_lock(); (ret=0x0)
           cifsd-1726  [000] d..3.    86.961295: funcgraph_entry:        0.210 us   |                        notifier_call_chain(); (ret=0x0)
           cifsd-1726  [000] d..3.    86.961296: funcgraph_entry:        0.210 us   |                        __rcu_read_unlock(); (ret=0x0)
           cifsd-1726  [000] d..3.    86.961296: funcgraph_exit:         1.560 us   |                      } (ret=0x0)
           cifsd-1726  [000] d..3.    86.961296: funcgraph_entry:                   |                      atomic_notifier_call_chain() {
           cifsd-1726  [000] d..3.    86.961297: funcgraph_entry:        0.210 us   |                        __rcu_read_lock(); (ret=0x0)
           cifsd-1726  [000] d..3.    86.961297: funcgraph_entry:        0.210 us   |                        notifier_call_chain(); (ret=0x0)
           cifsd-1726  [000] d..3.    86.961297: funcgraph_entry:        0.210 us   |                        __rcu_read_unlock(); (ret=0x0)
           cifsd-1726  [000] d..3.    86.961298: funcgraph_exit:         1.560 us   |                      } (ret=0x0)
           cifsd-1726  [000] d..3.    86.961298: funcgraph_entry:                   |                      atomic_notifier_call_chain() {
           cifsd-1726  [000] d..3.    86.961299: funcgraph_entry:        0.210 us   |                        __rcu_read_lock(); (ret=0x0)
           cifsd-1726  [000] d..3.    86.961299: funcgraph_entry:        0.210 us   |                        notifier_call_chain(); (ret=0x0)
           cifsd-1726  [000] d..3.    86.961300: funcgraph_entry:        0.230 us   |                        __rcu_read_unlock(); (ret=0x0)
           cifsd-1726  [000] d..3.    86.961300: funcgraph_exit:         1.630 us   |                      } (ret=0x0)
           cifsd-1726  [000] d..3.    86.961300: funcgraph_entry:                   |                      atomic_notifier_call_chain() {
           cifsd-1726  [000] d..3.    86.961300: funcgraph_entry:        0.210 us   |                        __rcu_read_lock(); (ret=0x0)
           cifsd-1726  [000] d..3.    86.961301: funcgraph_entry:        0.210 us   |                        notifier_call_chain(); (ret=0x0)
           cifsd-1726  [000] d..3.    86.961301: funcgraph_entry:        0.210 us   |                        __rcu_read_unlock(); (ret=0x0)
           cifsd-1726  [000] d..3.    86.961302: funcgraph_exit:         1.550 us   |                      } (ret=0x0)
           cifsd-1726  [000] d..3.    86.961302: funcgraph_entry:                   |                      atomic_notifier_call_chain() {
           cifsd-1726  [000] d..3.    86.961302: funcgraph_entry:        0.210 us   |                        __rcu_read_lock(); (ret=0x0)
           cifsd-1726  [000] d..3.    86.961303: funcgraph_entry:        0.210 us   |                        notifier_call_chain(); (ret=0x0)
           cifsd-1726  [000] d..3.    86.961303: funcgraph_entry:        0.210 us   |                        __rcu_read_unlock(); (ret=0x0)
           cifsd-1726  [000] d..3.    86.961304: funcgraph_exit:         1.550 us   |                      } (ret=0x0)
           cifsd-1726  [000] d..3.    86.961304: funcgraph_entry:                   |                      atomic_notifier_call_chain() {
           cifsd-1726  [000] d..3.    86.961304: funcgraph_entry:        0.200 us   |                        __rcu_read_lock(); (ret=0x0)
           cifsd-1726  [000] d..3.    86.961305: funcgraph_entry:        0.210 us   |                        notifier_call_chain(); (ret=0x0)
           cifsd-1726  [000] d..3.    86.961305: funcgraph_entry:        0.220 us   |                        __rcu_read_unlock(); (ret=0x0)
           cifsd-1726  [000] d..3.    86.961305: funcgraph_exit:         1.550 us   |                      } (ret=0x0)
           cifsd-1726  [000] d..3.    86.961306: funcgraph_entry:                   |                      atomic_notifier_call_chain() {
           cifsd-1726  [000] d..3.    86.961306: funcgraph_entry:        0.200 us   |                        __rcu_read_lock(); (ret=0x0)
           cifsd-1726  [000] d..3.    86.961306: funcgraph_entry:        0.210 us   |                        notifier_call_chain(); (ret=0x0)
           cifsd-1726  [000] d..3.    86.961307: funcgraph_entry:        0.210 us   |                        __rcu_read_unlock(); (ret=0x0)
           cifsd-1726  [000] d..3.    86.961307: funcgraph_exit:         1.550 us   |                      } (ret=0x0)
           cifsd-1726  [000] d..3.    86.961307: funcgraph_entry:                   |                      atomic_notifier_call_chain() {
           cifsd-1726  [000] d..3.    86.961308: funcgraph_entry:        0.210 us   |                        __rcu_read_lock(); (ret=0x0)
           cifsd-1726  [000] d..3.    86.961308: funcgraph_entry:        0.220 us   |                        notifier_call_chain(); (ret=0x0)
           cifsd-1726  [000] d..3.    86.961309: funcgraph_entry:        0.220 us   |                        __rcu_read_unlock(); (ret=0x0)
           cifsd-1726  [000] d..3.    86.961309: funcgraph_exit:         1.560 us   |                      } (ret=0x0)
           cifsd-1726  [000] d..3.    86.961309: funcgraph_entry:                   |                      atomic_notifier_call_chain() {
           cifsd-1726  [000] d..3.    86.961309: funcgraph_entry:        0.200 us   |                        __rcu_read_lock(); (ret=0x0)
           cifsd-1726  [000] d..3.    86.961310: funcgraph_entry:        0.210 us   |                        notifier_call_chain(); (ret=0x0)
           cifsd-1726  [000] d..3.    86.961310: funcgraph_entry:        0.210 us   |                        __rcu_read_unlock(); (ret=0x0)
           cifsd-1726  [000] d..3.    86.961311: funcgraph_exit:         1.550 us   |                      } (ret=0x0)
           cifsd-1726  [000] d..3.    86.961311: funcgraph_entry:                   |                      atomic_notifier_call_chain() {
           cifsd-1726  [000] d..3.    86.961311: funcgraph_entry:        0.200 us   |                        __rcu_read_lock(); (ret=0x0)
           cifsd-1726  [000] d..3.    86.961312: funcgraph_entry:        0.210 us   |                        notifier_call_chain(); (ret=0x0)
           cifsd-1726  [000] d..3.    86.961312: funcgraph_entry:        0.210 us   |                        __rcu_read_unlock(); (ret=0x0)
           cifsd-1726  [000] d..3.    86.961313: funcgraph_exit:         1.550 us   |                      } (ret=0x0)
           cifsd-1726  [000] d..3.    86.961313: funcgraph_entry:                   |                      atomic_notifier_call_chain() {
           cifsd-1726  [000] d..3.    86.961313: funcgraph_entry:        0.200 us   |                        __rcu_read_lock(); (ret=0x0)
           cifsd-1726  [000] d..3.    86.961314: funcgraph_entry:        0.210 us   |                        notifier_call_chain(); (ret=0x0)
           cifsd-1726  [000] d..3.    86.961314: funcgraph_entry:        0.210 us   |                        __rcu_read_unlock(); (ret=0x0)
           cifsd-1726  [000] d..3.    86.961314: funcgraph_exit:         1.560 us   |                      } (ret=0x0)
           cifsd-1726  [000] d..3.    86.961315: funcgraph_entry:                   |                      atomic_notifier_call_chain() {
           cifsd-1726  [000] d..3.    86.961315: funcgraph_entry:        0.210 us   |                        __rcu_read_lock(); (ret=0x0)
           cifsd-1726  [000] d..3.    86.961315: funcgraph_entry:        0.210 us   |                        notifier_call_chain(); (ret=0x0)
           cifsd-1726  [000] d..3.    86.961316: funcgraph_entry:        0.210 us   |                        __rcu_read_unlock(); (ret=0x0)
           cifsd-1726  [000] d..3.    86.961316: funcgraph_exit:         1.560 us   |                      } (ret=0x0)
           cifsd-1726  [000] d..3.    86.961316: funcgraph_entry:                   |                      atomic_notifier_call_chain() {
           cifsd-1726  [000] d..3.    86.961317: funcgraph_entry:        0.200 us   |                        __rcu_read_lock(); (ret=0x0)
           cifsd-1726  [000] d..3.    86.961317: funcgraph_entry:        0.210 us   |                        notifier_call_chain(); (ret=0x0)
           cifsd-1726  [000] d..3.    86.961318: funcgraph_entry:        0.210 us   |                        __rcu_read_unlock(); (ret=0x0)
           cifsd-1726  [000] d..3.    86.961318: funcgraph_exit:         1.560 us   |                      } (ret=0x0)
           cifsd-1726  [000] d..3.    86.961318: funcgraph_entry:                   |                      atomic_notifier_call_chain() {
           cifsd-1726  [000] d..3.    86.961318: funcgraph_entry:        0.200 us   |                        __rcu_read_lock(); (ret=0x0)
           cifsd-1726  [000] d..3.    86.961319: funcgraph_entry:        0.200 us   |                        notifier_call_chain(); (ret=0x0)
           cifsd-1726  [000] d..3.    86.961319: funcgraph_entry:        0.220 us   |                        __rcu_read_unlock(); (ret=0x0)
           cifsd-1726  [000] d..3.    86.961320: funcgraph_exit:         1.550 us   |                      } (ret=0x0)
           cifsd-1726  [000] d..3.    86.961320: funcgraph_entry:                   |                      atomic_notifier_call_chain() {
           cifsd-1726  [000] d..3.    86.961320: funcgraph_entry:        0.200 us   |                        __rcu_read_lock(); (ret=0x0)
           cifsd-1726  [000] d..3.    86.961321: funcgraph_entry:        0.210 us   |                        notifier_call_chain(); (ret=0x0)
           cifsd-1726  [000] d..3.    86.961321: funcgraph_entry:        0.520 us   |                        __rcu_read_unlock(); (ret=0x0)
           cifsd-1726  [000] d..3.    86.961322: funcgraph_exit:         1.860 us   |                      } (ret=0x0)
           cifsd-1726  [000] d..3.    86.961322: funcgraph_entry:                   |                      atomic_notifier_call_chain() {
           cifsd-1726  [000] d..3.    86.961322: funcgraph_entry:        0.200 us   |                        __rcu_read_lock(); (ret=0x0)
           cifsd-1726  [000] d..3.    86.961323: funcgraph_entry:        0.210 us   |                        notifier_call_chain(); (ret=0x0)
           cifsd-1726  [000] d..3.    86.961323: funcgraph_entry:        0.210 us   |                        __rcu_read_unlock(); (ret=0x0)
           cifsd-1726  [000] d..3.    86.961324: funcgraph_exit:         1.560 us   |                      } (ret=0x0)
           cifsd-1726  [000] d..3.    86.961324: funcgraph_entry:                   |                      atomic_notifier_call_chain() {
           cifsd-1726  [000] d..3.    86.961324: funcgraph_entry:        0.210 us   |                        __rcu_read_lock(); (ret=0x0)
           cifsd-1726  [000] d..3.    86.961325: funcgraph_entry:        0.210 us   |                        notifier_call_chain(); (ret=0x0)
           cifsd-1726  [000] d..3.    86.961325: funcgraph_entry:        0.210 us   |                        __rcu_read_unlock(); (ret=0x0)
           cifsd-1726  [000] d..3.    86.961326: funcgraph_exit:         1.560 us   |                      } (ret=0x0)
           cifsd-1726  [000] d..3.    86.961326: funcgraph_entry:                   |                      atomic_notifier_call_chain() {
           cifsd-1726  [000] d..3.    86.961326: funcgraph_entry:        0.210 us   |                        __rcu_read_lock(); (ret=0x0)
           cifsd-1726  [000] d..3.    86.961326: funcgraph_entry:        0.220 us   |                        notifier_call_chain(); (ret=0x0)
           cifsd-1726  [000] d..3.    86.961327: funcgraph_entry:        0.220 us   |                        __rcu_read_unlock(); (ret=0x0)
           cifsd-1726  [000] d..3.    86.961327: funcgraph_exit:         1.560 us   |                      } (ret=0x0)
           cifsd-1726  [000] d..3.    86.961328: funcgraph_entry:                   |                      atomic_notifier_call_chain() {
           cifsd-1726  [000] d..3.    86.961328: funcgraph_entry:        0.200 us   |                        __rcu_read_lock(); (ret=0x0)
           cifsd-1726  [000] d..3.    86.961328: funcgraph_entry:        0.210 us   |                        notifier_call_chain(); (ret=0x0)
           cifsd-1726  [000] d..3.    86.961329: funcgraph_entry:        0.210 us   |                        __rcu_read_unlock(); (ret=0x0)
           cifsd-1726  [000] d..3.    86.961329: funcgraph_exit:         1.550 us   |                      } (ret=0x0)
           cifsd-1726  [000] d..3.    86.961329: funcgraph_entry:                   |                      atomic_notifier_call_chain() {
           cifsd-1726  [000] d..3.    86.961330: funcgraph_entry:        0.200 us   |                        __rcu_read_lock(); (ret=0x0)
           cifsd-1726  [000] d..3.    86.961330: funcgraph_entry:        0.210 us   |                        notifier_call_chain(); (ret=0x0)
           cifsd-1726  [000] d..3.    86.961330: funcgraph_entry:        0.210 us   |                        __rcu_read_unlock(); (ret=0x0)
           cifsd-1726  [000] d..3.    86.961331: funcgraph_exit:         1.550 us   |                      } (ret=0x0)
           cifsd-1726  [000] d..3.    86.961331: funcgraph_entry:                   |                      atomic_notifier_call_chain() {
           cifsd-1726  [000] d..3.    86.961331: funcgraph_entry:        0.200 us   |                        __rcu_read_lock(); (ret=0x0)
           cifsd-1726  [000] d..3.    86.961332: funcgraph_entry:        0.210 us   |                        notifier_call_chain(); (ret=0x0)
           cifsd-1726  [000] d..3.    86.961332: funcgraph_entry:        0.210 us   |                        __rcu_read_unlock(); (ret=0x0)
           cifsd-1726  [000] d..3.    86.961333: funcgraph_exit:         1.560 us   |                      } (ret=0x0)
           cifsd-1726  [000] d..3.    86.961333: funcgraph_entry:                   |                      atomic_notifier_call_chain() {
           cifsd-1726  [000] d..3.    86.961333: funcgraph_entry:        0.210 us   |                        __rcu_read_lock(); (ret=0x0)
           cifsd-1726  [000] d..3.    86.961334: funcgraph_entry:        0.210 us   |                        notifier_call_chain(); (ret=0x0)
           cifsd-1726  [000] d..3.    86.961334: funcgraph_entry:        0.210 us   |                        __rcu_read_unlock(); (ret=0x0)
           cifsd-1726  [000] d..3.    86.961335: funcgraph_exit:         1.560 us   |                      } (ret=0x0)
           cifsd-1726  [000] d..3.    86.961335: funcgraph_entry:                   |                      atomic_notifier_call_chain() {
           cifsd-1726  [000] d..3.    86.961335: funcgraph_entry:        0.210 us   |                        __rcu_read_lock(); (ret=0x0)
           cifsd-1726  [000] d..3.    86.961335: funcgraph_entry:        0.210 us   |                        notifier_call_chain(); (ret=0x0)
           cifsd-1726  [000] d..3.    86.961336: funcgraph_entry:        0.220 us   |                        __rcu_read_unlock(); (ret=0x0)
           cifsd-1726  [000] d..3.    86.961336: funcgraph_exit:         1.560 us   |                      } (ret=0x0)
           cifsd-1726  [000] d..3.    86.961337: funcgraph_entry:                   |                      atomic_notifier_call_chain() {
           cifsd-1726  [000] d..3.    86.961337: funcgraph_entry:        0.200 us   |                        __rcu_read_lock(); (ret=0x0)
           cifsd-1726  [000] d..3.    86.961337: funcgraph_entry:        0.210 us   |                        notifier_call_chain(); (ret=0x0)
           cifsd-1726  [000] d..3.    86.961338: funcgraph_entry:        0.210 us   |                        __rcu_read_unlock(); (ret=0x0)
           cifsd-1726  [000] d..3.    86.961338: funcgraph_exit:         1.550 us   |                      } (ret=0x0)
           cifsd-1726  [000] d..3.    86.961338: funcgraph_entry:                   |                      atomic_notifier_call_chain() {
           cifsd-1726  [000] d..3.    86.961339: funcgraph_entry:        0.200 us   |                        __rcu_read_lock(); (ret=0x0)
           cifsd-1726  [000] d..3.    86.961339: funcgraph_entry:        0.210 us   |                        notifier_call_chain(); (ret=0x0)
           cifsd-1726  [000] d..3.    86.961339: funcgraph_entry:        0.210 us   |                        __rcu_read_unlock(); (ret=0x0)
           cifsd-1726  [000] d..3.    86.961340: funcgraph_exit:         1.550 us   |                      } (ret=0x0)
           cifsd-1726  [000] d..3.    86.961340: funcgraph_entry:                   |                      atomic_notifier_call_chain() {
           cifsd-1726  [000] d..3.    86.961340: funcgraph_entry:        0.200 us   |                        __rcu_read_lock(); (ret=0x0)
           cifsd-1726  [000] d..3.    86.961341: funcgraph_entry:        0.210 us   |                        notifier_call_chain(); (ret=0x0)
           cifsd-1726  [000] d..3.    86.961341: funcgraph_entry:        0.220 us   |                        __rcu_read_unlock(); (ret=0x0)
           cifsd-1726  [000] d..3.    86.961342: funcgraph_exit:         1.550 us   |                      } (ret=0x0)
           cifsd-1726  [000] d..3.    86.961342: funcgraph_entry:                   |                      atomic_notifier_call_chain() {
           cifsd-1726  [000] d..3.    86.961342: funcgraph_entry:        0.200 us   |                        __rcu_read_lock(); (ret=0x0)
           cifsd-1726  [000] d..3.    86.961343: funcgraph_entry:        0.210 us   |                        notifier_call_chain(); (ret=0x0)
           cifsd-1726  [000] d..3.    86.961343: funcgraph_entry:        0.210 us   |                        __rcu_read_unlock(); (ret=0x0)
           cifsd-1726  [000] d..3.    86.961344: funcgraph_exit:         1.550 us   |                      } (ret=0x0)
           cifsd-1726  [000] d..3.    86.961344: funcgraph_entry:                   |                      atomic_notifier_call_chain() {
           cifsd-1726  [000] d..3.    86.961344: funcgraph_entry:        0.200 us   |                        __rcu_read_lock(); (ret=0x0)
           cifsd-1726  [000] d..3.    86.961345: funcgraph_entry:        0.460 us   |                        notifier_call_chain(); (ret=0x0)
           cifsd-1726  [000] d..3.    86.961345: funcgraph_entry:        0.210 us   |                        __rcu_read_unlock(); (ret=0x0)
           cifsd-1726  [000] d..3.    86.961346: funcgraph_exit:         1.850 us   |                      } (ret=0x0)
           cifsd-1726  [000] d..3.    86.961346: funcgraph_entry:                   |                      atomic_notifier_call_chain() {
           cifsd-1726  [000] d..3.    86.961346: funcgraph_entry:        0.200 us   |                        __rcu_read_lock(); (ret=0x0)
           cifsd-1726  [000] d..3.    86.961347: funcgraph_entry:        0.220 us   |                        notifier_call_chain(); (ret=0x0)
           cifsd-1726  [000] d..3.    86.961347: funcgraph_entry:        0.220 us   |                        __rcu_read_unlock(); (ret=0x0)
           cifsd-1726  [000] d..3.    86.961347: funcgraph_exit:         1.560 us   |                      } (ret=0x0)
           cifsd-1726  [000] d..3.    86.961348: funcgraph_entry:                   |                      atomic_notifier_call_chain() {
           cifsd-1726  [000] d..3.    86.961348: funcgraph_entry:        0.200 us   |                        __rcu_read_lock(); (ret=0x0)
           cifsd-1726  [000] d..3.    86.961348: funcgraph_entry:        0.210 us   |                        notifier_call_chain(); (ret=0x0)
           cifsd-1726  [000] d..3.    86.961349: funcgraph_entry:        0.210 us   |                        __rcu_read_unlock(); (ret=0x0)
           cifsd-1726  [000] d..3.    86.961349: funcgraph_exit:         1.550 us   |                      } (ret=0x0)
           cifsd-1726  [000] d..3.    86.961349: funcgraph_entry:                   |                      atomic_notifier_call_chain() {
           cifsd-1726  [000] d..3.    86.961350: funcgraph_entry:        0.210 us   |                        __rcu_read_lock(); (ret=0x0)
           cifsd-1726  [000] d..3.    86.961350: funcgraph_entry:        0.210 us   |                        notifier_call_chain(); (ret=0x0)
           cifsd-1726  [000] d..3.    86.961351: funcgraph_entry:        0.210 us   |                        __rcu_read_unlock(); (ret=0x0)
           cifsd-1726  [000] d..3.    86.961351: funcgraph_exit:         1.560 us   |                      } (ret=0x0)
           cifsd-1726  [000] d..3.    86.961351: funcgraph_entry:                   |                      atomic_notifier_call_chain() {
           cifsd-1726  [000] d..3.    86.961351: funcgraph_entry:        0.210 us   |                        __rcu_read_lock(); (ret=0x0)
           cifsd-1726  [000] d..3.    86.961352: funcgraph_entry:        0.220 us   |                        notifier_call_chain(); (ret=0x0)
           cifsd-1726  [000] d..3.    86.961352: funcgraph_entry:        0.210 us   |                        __rcu_read_unlock(); (ret=0x0)
           cifsd-1726  [000] d..3.    86.961353: funcgraph_exit:         1.560 us   |                      } (ret=0x0)
           cifsd-1726  [000] d..3.    86.961353: funcgraph_entry:                   |                      atomic_notifier_call_chain() {
           cifsd-1726  [000] d..3.    86.961353: funcgraph_entry:        0.200 us   |                        __rcu_read_lock(); (ret=0x0)
           cifsd-1726  [000] d..3.    86.961354: funcgraph_entry:        0.210 us   |                        notifier_call_chain(); (ret=0x0)
           cifsd-1726  [000] d..3.    86.961354: funcgraph_entry:        0.220 us   |                        __rcu_read_unlock(); (ret=0x0)
           cifsd-1726  [000] d..3.    86.961355: funcgraph_exit:         1.560 us   |                      } (ret=0x0)
           cifsd-1726  [000] d..3.    86.961355: funcgraph_entry:                   |                      atomic_notifier_call_chain() {
           cifsd-1726  [000] d..3.    86.961355: funcgraph_entry:        0.200 us   |                        __rcu_read_lock(); (ret=0x0)
           cifsd-1726  [000] d..3.    86.961355: funcgraph_entry:        0.210 us   |                        notifier_call_chain(); (ret=0x0)
           cifsd-1726  [000] d..3.    86.961356: funcgraph_entry:        0.210 us   |                        __rcu_read_unlock(); (ret=0x0)
           cifsd-1726  [000] d..3.    86.961356: funcgraph_exit:         1.560 us   |                      } (ret=0x0)
           cifsd-1726  [000] d..3.    86.961357: funcgraph_entry:                   |                      atomic_notifier_call_chain() {
           cifsd-1726  [000] d..3.    86.961357: funcgraph_entry:        0.200 us   |                        __rcu_read_lock(); (ret=0x0)
           cifsd-1726  [000] d..3.    86.961357: funcgraph_entry:        0.210 us   |                        notifier_call_chain(); (ret=0x0)
           cifsd-1726  [000] d..3.    86.961358: funcgraph_entry:        0.220 us   |                        __rcu_read_unlock(); (ret=0x0)
           cifsd-1726  [000] d..3.    86.961358: funcgraph_exit:         1.560 us   |                      } (ret=0x0)
           cifsd-1726  [000] d..3.    86.961358: funcgraph_entry:                   |                      atomic_notifier_call_chain() {
           cifsd-1726  [000] d..3.    86.961359: funcgraph_entry:        0.210 us   |                        __rcu_read_lock(); (ret=0x0)
           cifsd-1726  [000] d..3.    86.961359: funcgraph_entry:        0.220 us   |                        notifier_call_chain(); (ret=0x0)
           cifsd-1726  [000] d..3.    86.961360: funcgraph_entry:        0.210 us   |                        __rcu_read_unlock(); (ret=0x0)
           cifsd-1726  [000] d..3.    86.961360: funcgraph_exit:         1.560 us   |                      } (ret=0x0)
           cifsd-1726  [000] d..3.    86.961360: funcgraph_entry:                   |                      atomic_notifier_call_chain() {
           cifsd-1726  [000] d..3.    86.961360: funcgraph_entry:        0.210 us   |                        __rcu_read_lock(); (ret=0x0)
           cifsd-1726  [000] d..3.    86.961361: funcgraph_entry:        0.210 us   |                        notifier_call_chain(); (ret=0x0)
           cifsd-1726  [000] d..3.    86.961361: funcgraph_entry:        0.210 us   |                        __rcu_read_unlock(); (ret=0x0)
           cifsd-1726  [000] d..3.    86.961362: funcgraph_exit:         1.560 us   |                      } (ret=0x0)
           cifsd-1726  [000] d..3.    86.961362: funcgraph_entry:                   |                      atomic_notifier_call_chain() {
           cifsd-1726  [000] d..3.    86.961362: funcgraph_entry:        0.200 us   |                        __rcu_read_lock(); (ret=0x0)
           cifsd-1726  [000] d..3.    86.961363: funcgraph_entry:        0.210 us   |                        notifier_call_chain(); (ret=0x0)
           cifsd-1726  [000] d..3.    86.961363: funcgraph_entry:        0.210 us   |                        __rcu_read_unlock(); (ret=0x0)
           cifsd-1726  [000] d..3.    86.961364: funcgraph_exit:         1.560 us   |                      } (ret=0x0)
           cifsd-1726  [000] d..3.    86.961364: funcgraph_entry:                   |                      atomic_notifier_call_chain() {
           cifsd-1726  [000] d..3.    86.961364: funcgraph_entry:        0.200 us   |                        __rcu_read_lock(); (ret=0x0)
           cifsd-1726  [000] d..3.    86.961365: funcgraph_entry:        0.210 us   |                        notifier_call_chain(); (ret=0x0)
           cifsd-1726  [000] d..3.    86.961365: funcgraph_entry:        0.210 us   |                        __rcu_read_unlock(); (ret=0x0)
           cifsd-1726  [000] d..3.    86.961365: funcgraph_exit:         1.560 us   |                      } (ret=0x0)
           cifsd-1726  [000] d..3.    86.961366: funcgraph_entry:                   |                      atomic_notifier_call_chain() {
           cifsd-1726  [000] d..3.    86.961366: funcgraph_entry:        0.210 us   |                        __rcu_read_lock(); (ret=0x0)
           cifsd-1726  [000] d..3.    86.961366: funcgraph_entry:        0.210 us   |                        notifier_call_chain(); (ret=0x0)
           cifsd-1726  [000] d..3.    86.961367: funcgraph_entry:        0.210 us   |                        __rcu_read_unlock(); (ret=0x0)
           cifsd-1726  [000] d..3.    86.961367: funcgraph_exit:         1.560 us   |                      } (ret=0x0)
           cifsd-1726  [000] d..3.    86.961367: funcgraph_entry:                   |                      atomic_notifier_call_chain() {
           cifsd-1726  [000] d..3.    86.961368: funcgraph_entry:        0.570 us   |                        __rcu_read_lock(); (ret=0x0)
           cifsd-1726  [000] d..3.    86.961368: funcgraph_entry:        0.220 us   |                        notifier_call_chain(); (ret=0x0)
           cifsd-1726  [000] d..3.    86.961369: funcgraph_entry:        0.210 us   |                        __rcu_read_unlock(); (ret=0x0)
           cifsd-1726  [000] d..3.    86.961369: funcgraph_exit:         1.970 us   |                      } (ret=0x0)
           cifsd-1726  [000] d..3.    86.961370: funcgraph_entry:                   |                      atomic_notifier_call_chain() {
           cifsd-1726  [000] d..3.    86.961370: funcgraph_entry:        0.200 us   |                        __rcu_read_lock(); (ret=0x0)
           cifsd-1726  [000] d..3.    86.961370: funcgraph_entry:        0.210 us   |                        notifier_call_chain(); (ret=0x0)
           cifsd-1726  [000] d..3.    86.961371: funcgraph_entry:        0.210 us   |                        __rcu_read_unlock(); (ret=0x0)
           cifsd-1726  [000] d..3.    86.961371: funcgraph_exit:         1.560 us   |                      } (ret=0x0)
           cifsd-1726  [000] d..3.    86.961371: funcgraph_entry:                   |                      atomic_notifier_call_chain() {
           cifsd-1726  [000] d..3.    86.961372: funcgraph_entry:        0.210 us   |                        __rcu_read_lock(); (ret=0x0)
           cifsd-1726  [000] d..3.    86.961372: funcgraph_entry:        0.210 us   |                        notifier_call_chain(); (ret=0x0)
           cifsd-1726  [000] d..3.    86.961373: funcgraph_entry:        0.210 us   |                        __rcu_read_unlock(); (ret=0x0)
           cifsd-1726  [000] d..3.    86.961373: funcgraph_exit:         1.550 us   |                      } (ret=0x0)
           cifsd-1726  [000] d..3.    86.961373: funcgraph_entry:                   |                      atomic_notifier_call_chain() {
           cifsd-1726  [000] d..3.    86.961373: funcgraph_entry:        0.200 us   |                        __rcu_read_lock(); (ret=0x0)
           cifsd-1726  [000] d..3.    86.961374: funcgraph_entry:        0.210 us   |                        notifier_call_chain(); (ret=0x0)
           cifsd-1726  [000] d..3.    86.961374: funcgraph_entry:        0.220 us   |                        __rcu_read_unlock(); (ret=0x0)
           cifsd-1726  [000] d..3.    86.961375: funcgraph_exit:         1.550 us   |                      } (ret=0x0)
           cifsd-1726  [000] d..3.    86.961375: funcgraph_entry:                   |                      atomic_notifier_call_chain() {
           cifsd-1726  [000] d..3.    86.961375: funcgraph_entry:        0.200 us   |                        __rcu_read_lock(); (ret=0x0)
           cifsd-1726  [000] d..3.    86.961376: funcgraph_entry:        0.220 us   |                        notifier_call_chain(); (ret=0x0)
           cifsd-1726  [000] d..3.    86.961376: funcgraph_entry:        0.210 us   |                        __rcu_read_unlock(); (ret=0x0)
           cifsd-1726  [000] d..3.    86.961377: funcgraph_exit:         1.550 us   |                      } (ret=0x0)
           cifsd-1726  [000] d..3.    86.961377: funcgraph_entry:                   |                      atomic_notifier_call_chain() {
           cifsd-1726  [000] d..3.    86.961377: funcgraph_entry:        0.200 us   |                        __rcu_read_lock(); (ret=0x0)
           cifsd-1726  [000] d..3.    86.961378: funcgraph_entry:        0.210 us   |                        notifier_call_chain(); (ret=0x0)
           cifsd-1726  [000] d..3.    86.961378: funcgraph_entry:        0.210 us   |                        __rcu_read_unlock(); (ret=0x0)
           cifsd-1726  [000] d..3.    86.961378: funcgraph_exit:         1.550 us   |                      } (ret=0x0)
           cifsd-1726  [000] d..3.    86.961379: funcgraph_entry:                   |                      atomic_notifier_call_chain() {
           cifsd-1726  [000] d..3.    86.961379: funcgraph_entry:        0.200 us   |                        __rcu_read_lock(); (ret=0x0)
           cifsd-1726  [000] d..3.    86.961379: funcgraph_entry:        0.210 us   |                        notifier_call_chain(); (ret=0x0)
           cifsd-1726  [000] d..3.    86.961380: funcgraph_entry:        0.210 us   |                        __rcu_read_unlock(); (ret=0x0)
           cifsd-1726  [000] d..3.    86.961380: funcgraph_exit:         1.560 us   |                      } (ret=0x0)
           cifsd-1726  [000] d..3.    86.961380: funcgraph_entry:                   |                      atomic_notifier_call_chain() {
           cifsd-1726  [000] d..3.    86.961381: funcgraph_entry:        0.200 us   |                        __rcu_read_lock(); (ret=0x0)
           cifsd-1726  [000] d..3.    86.961381: funcgraph_entry:        0.210 us   |                        notifier_call_chain(); (ret=0x0)
           cifsd-1726  [000] d..3.    86.961382: funcgraph_entry:        0.220 us   |                        __rcu_read_unlock(); (ret=0x0)
           cifsd-1726  [000] d..3.    86.961382: funcgraph_exit:         1.550 us   |                      } (ret=0x0)
           cifsd-1726  [000] d..3.    86.961382: funcgraph_entry:                   |                      atomic_notifier_call_chain() {
           cifsd-1726  [000] d..3.    86.961382: funcgraph_entry:        0.200 us   |                        __rcu_read_lock(); (ret=0x0)
           cifsd-1726  [000] d..3.    86.961383: funcgraph_entry:        0.220 us   |                        notifier_call_chain(); (ret=0x0)
           cifsd-1726  [000] d..3.    86.961383: funcgraph_entry:        0.220 us   |                        __rcu_read_unlock(); (ret=0x0)
           cifsd-1726  [000] d..3.    86.961384: funcgraph_exit:         1.560 us   |                      } (ret=0x0)
           cifsd-1726  [000] d..3.    86.961384: funcgraph_entry:                   |                      atomic_notifier_call_chain() {
           cifsd-1726  [000] d..3.    86.961384: funcgraph_entry:        0.210 us   |                        __rcu_read_lock(); (ret=0x0)
           cifsd-1726  [000] d..3.    86.961385: funcgraph_entry:        0.220 us   |                        notifier_call_chain(); (ret=0x0)
           cifsd-1726  [000] d..3.    86.961385: funcgraph_entry:        0.210 us   |                        __rcu_read_unlock(); (ret=0x0)
           cifsd-1726  [000] d..3.    86.961386: funcgraph_exit:         1.560 us   |                      } (ret=0x0)
           cifsd-1726  [000] d..3.    86.961386: funcgraph_entry:                   |                      atomic_notifier_call_chain() {
           cifsd-1726  [000] d..3.    86.961386: funcgraph_entry:        0.210 us   |                        __rcu_read_lock(); (ret=0x0)
           cifsd-1726  [000] d..3.    86.961387: funcgraph_entry:        0.210 us   |                        notifier_call_chain(); (ret=0x0)
           cifsd-1726  [000] d..3.    86.961387: funcgraph_entry:        0.210 us   |                        __rcu_read_unlock(); (ret=0x0)
           cifsd-1726  [000] d..3.    86.961387: funcgraph_exit:         1.560 us   |                      } (ret=0x0)
           cifsd-1726  [000] d..3.    86.961388: funcgraph_entry:                   |                      atomic_notifier_call_chain() {
           cifsd-1726  [000] d..3.    86.961388: funcgraph_entry:        0.200 us   |                        __rcu_read_lock(); (ret=0x0)
           cifsd-1726  [000] d..3.    86.961388: funcgraph_entry:        0.210 us   |                        notifier_call_chain(); (ret=0x0)
           cifsd-1726  [000] d..3.    86.961389: funcgraph_entry:        0.210 us   |                        __rcu_read_unlock(); (ret=0x0)
           cifsd-1726  [000] d..3.    86.961389: funcgraph_exit:         1.560 us   |                      } (ret=0x0)
           cifsd-1726  [000] d..3.    86.961389: funcgraph_entry:                   |                      atomic_notifier_call_chain() {
           cifsd-1726  [000] d..3.    86.961390: funcgraph_entry:        0.210 us   |                        __rcu_read_lock(); (ret=0x0)
           cifsd-1726  [000] d..3.    86.961390: funcgraph_entry:        0.220 us   |                        notifier_call_chain(); (ret=0x0)
           cifsd-1726  [000] d..3.    86.961394: funcgraph_entry:        0.310 us   |                        __rcu_read_unlock(); (ret=0x0)
           cifsd-1726  [000] d..3.    86.961395: funcgraph_exit:         5.470 us   |                      } (ret=0x0)
           cifsd-1726  [000] d..3.    86.961395: funcgraph_entry:                   |                      atomic_notifier_call_chain() {
           cifsd-1726  [000] d..3.    86.961396: funcgraph_entry:        0.210 us   |                        __rcu_read_lock(); (ret=0x0)
           cifsd-1726  [000] d..3.    86.961396: funcgraph_entry:        0.210 us   |                        notifier_call_chain(); (ret=0x0)
           cifsd-1726  [000] d..3.    86.961397: funcgraph_entry:        0.210 us   |                        __rcu_read_unlock(); (ret=0x0)
           cifsd-1726  [000] d..3.    86.961397: funcgraph_exit:         1.630 us   |                      } (ret=0x0)
           cifsd-1726  [000] d..3.    86.961397: funcgraph_entry:                   |                      atomic_notifier_call_chain() {
           cifsd-1726  [000] d..3.    86.961398: funcgraph_entry:        0.210 us   |                        __rcu_read_lock(); (ret=0x0)
           cifsd-1726  [000] d..3.    86.961398: funcgraph_entry:        0.210 us   |                        notifier_call_chain(); (ret=0x0)
           cifsd-1726  [000] d..3.    86.961398: funcgraph_entry:        0.210 us   |                        __rcu_read_unlock(); (ret=0x0)
           cifsd-1726  [000] d..3.    86.961399: funcgraph_exit:         1.560 us   |                      } (ret=0x0)
           cifsd-1726  [000] d..3.    86.961399: funcgraph_entry:        0.210 us   |                      is_console_locked(); (ret=0x1)
           cifsd-1726  [000] d..3.    86.961400: funcgraph_entry:                   |                      fbcon_putcs() {
           cifsd-1726  [000] d..3.    86.961400: funcgraph_entry:        0.200 us   |                        is_console_locked(); (ret=0x1)
           cifsd-1726  [000] d..3.    86.961400: funcgraph_entry:        0.210 us   |                        panic_in_progress(); (ret=0xffffff00)
           cifsd-1726  [000] d..3.    86.961401: funcgraph_entry:                   |                        get_color() {
           cifsd-1726  [000] d..3.    86.961401: funcgraph_entry:        0.210 us   |                          fb_get_color_depth(); (ret=0x18)
           cifsd-1726  [000] d..3.    86.961401: funcgraph_exit:         0.670 us   |                        } (ret=0x0)
           cifsd-1726  [000] d..3.    86.961402: funcgraph_entry:                   |                        get_color() {
           cifsd-1726  [000] d..3.    86.961402: funcgraph_entry:        0.210 us   |                          fb_get_color_depth(); (ret=0x18)
           cifsd-1726  [000] d..3.    86.961402: funcgraph_exit:         0.670 us   |                        } (ret=0x7)
           cifsd-1726  [000] d..3.    86.961403: funcgraph_entry:                   |                        bit_putcs() {
           cifsd-1726  [000] d..3.    86.961403: funcgraph_entry:        0.210 us   |                          fb_get_color_depth(); (ret=0x18)
           cifsd-1726  [000] d..3.    86.961403: funcgraph_entry:        0.220 us   |                          fb_get_buffer_offset(); (ret=0xffff8c6fc74da880)
           cifsd-1726  [000] d..3.    86.961405: funcgraph_entry:                   |                          drm_fbdev_shmem_defio_imageblit() {
           cifsd-1726  [000] d..3.    86.961405: funcgraph_entry:        4.640 us   |                            sys_imageblit(); (ret=0x0)
           cifsd-1726  [000] d..3.    86.961410: funcgraph_entry:                   |                            drm_fb_helper_damage_area() {
           cifsd-1726  [000] d..3.    86.961410: funcgraph_entry:                   |                              drm_fb_helper_damage.part.0() {
           cifsd-1726  [000] d..3.    86.961410: funcgraph_entry:        0.220 us   |                                _raw_spin_lock_irqsave(); (ret=0x82)
           cifsd-1726  [000] d..4.    86.961411: funcgraph_entry:        0.230 us   |                                _raw_spin_unlock_irqrestore(); (ret=0x0)
           cifsd-1726  [000] d..3.    86.961411: funcgraph_entry:        0.210 us   |                                queue_work_on(); (ret=0x0)
           cifsd-1726  [000] d..3.    86.961412: funcgraph_exit:         1.620 us   |                              } (ret=0x0)
           cifsd-1726  [000] d..3.    86.961412: funcgraph_exit:         2.090 us   |                            } (ret=0x0)
           cifsd-1726  [000] d..3.    86.961412: funcgraph_exit:         7.500 us   |                          } (ret=0x0)
           cifsd-1726  [000] d..3.    86.961412: funcgraph_exit:         9.670 us   |                        } (ret=0x0)
           cifsd-1726  [000] d..3.    86.961413: funcgraph_exit:       + 12.940 us  |                      } (ret=0x0)
           cifsd-1726  [000] d..3.    86.961413: funcgraph_entry:                   |                      lf() {
           cifsd-1726  [000] d..3.    86.961413: funcgraph_entry:                   |                        atomic_notifier_call_chain() {
           cifsd-1726  [000] d..3.    86.961413: funcgraph_entry:        0.210 us   |                          __rcu_read_lock(); (ret=0x0)
           cifsd-1726  [000] d..3.    86.961414: funcgraph_entry:        0.210 us   |                          notifier_call_chain(); (ret=0x0)
           cifsd-1726  [000] d..3.    86.961414: funcgraph_entry:        0.220 us   |                          __rcu_read_unlock(); (ret=0x0)
           cifsd-1726  [000] d..3.    86.961415: funcgraph_exit:         1.570 us   |                        } (ret=0x0)
           cifsd-1726  [000] d..3.    86.961415: funcgraph_exit:         2.040 us   |                      } (ret=0x0)
           cifsd-1726  [000] d..3.    86.961415: funcgraph_entry:                   |                      atomic_notifier_call_chain() {
           cifsd-1726  [000] d..3.    86.961415: funcgraph_entry:        0.200 us   |                        __rcu_read_lock(); (ret=0x0)
           cifsd-1726  [000] d..3.    86.961416: funcgraph_entry:        0.210 us   |                        notifier_call_chain(); (ret=0x0)
           cifsd-1726  [000] d..3.    86.961416: funcgraph_entry:        0.210 us   |                        __rcu_read_unlock(); (ret=0x0)
           cifsd-1726  [000] d..3.    86.961417: funcgraph_exit:         1.550 us   |                      } (ret=0x0)
           cifsd-1726  [000] d..3.    86.961417: funcgraph_entry:                   |                      set_cursor() {
           cifsd-1726  [000] d..3.    86.961417: funcgraph_entry:        0.210 us   |                        vc_is_sel(); (ret=0x0)
           cifsd-1726  [000] d..3.    86.961418: funcgraph_entry:        0.220 us   |                        add_softcursor(); (ret=0x0)
           cifsd-1726  [000] d..3.    86.961418: funcgraph_entry:                   |                        fbcon_cursor() {
           cifsd-1726  [000] d..3.    86.961418: funcgraph_entry:        0.200 us   |                          is_console_locked(); (ret=0x1)
           cifsd-1726  [000] d..3.    86.961419: funcgraph_entry:        0.210 us   |                          __msecs_to_jiffies(); (ret=0xc8)
           cifsd-1726  [000] d..3.    86.961419: funcgraph_entry:        0.220 us   |                          panic_in_progress(); (ret=0xffffff00)
           cifsd-1726  [000] d..3.    86.961420: funcgraph_entry:        0.220 us   |                          queue_delayed_work_on(); (ret=0x0)
           cifsd-1726  [000] d..3.    86.961420: funcgraph_entry:                   |                          get_color() {
           cifsd-1726  [000] d..3.    86.961420: funcgraph_entry:        0.200 us   |                            fb_get_color_depth(); (ret=0x18)
           cifsd-1726  [000] d..3.    86.961421: funcgraph_exit:         0.660 us   |                          } (ret=0x0)
           cifsd-1726  [000] d..3.    86.961421: funcgraph_entry:                   |                          get_color() {
           cifsd-1726  [000] d..3.    86.961421: funcgraph_entry:        0.210 us   |                            fb_get_color_depth(); (ret=0x18)
           cifsd-1726  [000] d..3.    86.961422: funcgraph_exit:         0.650 us   |                          } (ret=0x7)
           cifsd-1726  [000] d..3.    86.961422: funcgraph_entry:                   |                          bit_cursor() {
           cifsd-1726  [000] d..3.    86.961422: funcgraph_entry:        0.210 us   |                            fb_get_color_depth(); (ret=0x18)
           cifsd-1726  [000] d..3.    86.961423: funcgraph_entry:                   |                            soft_cursor() {
           cifsd-1726  [000] d..3.    86.961423: funcgraph_entry:        0.200 us   |                              fb_get_buffer_offset(); (ret=0xffff8c6fc74daf20)
           cifsd-1726  [000] d..3.    86.961424: funcgraph_entry:        0.240 us   |                              fb_pad_aligned_buffer(); (ret=0x0)
           cifsd-1726  [000] d..3.    86.961424: funcgraph_entry:                   |                              drm_fbdev_shmem_defio_imageblit() {
           cifsd-1726  [000] d..3.    86.961424: funcgraph_entry:        0.260 us   |                                sys_imageblit(); (ret=0x0)
           cifsd-1726  [000] d..3.    86.961425: funcgraph_entry:                   |                                drm_fb_helper_damage_area() {
           cifsd-1726  [000] d..3.    86.961425: funcgraph_entry:                   |                                  drm_fb_helper_damage.part.0() {
           cifsd-1726  [000] d..3.    86.961426: funcgraph_entry:        0.250 us   |                                    _raw_spin_lock_irqsave(); (ret=0x82)
           cifsd-1726  [000] d..4.    86.961426: funcgraph_entry:        0.220 us   |                                    _raw_spin_unlock_irqrestore(); (ret=0x0)
           cifsd-1726  [000] d..3.    86.961427: funcgraph_entry:        0.220 us   |                                    queue_work_on(); (ret=0x0)
           cifsd-1726  [000] d..3.    86.961427: funcgraph_exit:         1.630 us   |                                  } (ret=0x0)
           cifsd-1726  [000] d..3.    86.961427: funcgraph_exit:         2.090 us   |                                } (ret=0x0)
           cifsd-1726  [000] d..3.    86.961427: funcgraph_exit:         3.350 us   |                              } (ret=0x0)
           cifsd-1726  [000] d..3.    86.961428: funcgraph_exit:         4.840 us   |                            } (ret=0x0)
           cifsd-1726  [000] d..3.    86.961428: funcgraph_exit:         5.800 us   |                          } (ret=0x0)
           cifsd-1726  [000] d..3.    86.961428: funcgraph_exit:         9.940 us   |                        } (ret=0x0)
           cifsd-1726  [000] d..3.    86.961428: funcgraph_exit:       + 11.370 us  |                      } (ret=0x0)
           cifsd-1726  [000] d..3.    86.961429: funcgraph_entry:                   |                      atomic_notifier_call_chain() {
           cifsd-1726  [000] d..3.    86.961429: funcgraph_entry:        0.210 us   |                        __rcu_read_lock(); (ret=0x0)
           cifsd-1726  [000] d..3.    86.961429: funcgraph_entry:        0.210 us   |                        notifier_call_chain(); (ret=0x0)
           cifsd-1726  [000] d..3.    86.961430: funcgraph_entry:        0.220 us   |                        __rcu_read_unlock(); (ret=0x0)
           cifsd-1726  [000] d..3.    86.961430: funcgraph_exit:         1.570 us   |                      } (ret=0x0)
           cifsd-1726  [000] d..3.    86.961430: funcgraph_entry:        0.230 us   |                      _raw_spin_unlock(); (ret=0x0)
           cifsd-1726  [000] d..2.    86.961431: funcgraph_exit:       ! 243.080 us |                    } (ret=0x0)
           cifsd-1726  [000] d..2.    86.961431: funcgraph_entry:                   |                    console_lock_spinning_disable_and_check() {
           cifsd-1726  [000] d..2.    86.961431: funcgraph_entry:        0.210 us   |                      panic_in_progress(); (ret=0xffffff00)
           cifsd-1726  [000] d..2.    86.961432: funcgraph_entry:        0.210 us   |                      _raw_spin_lock(); (ret=0x0)
           cifsd-1726  [000] d..3.    86.961432: funcgraph_entry:        0.220 us   |                      _raw_spin_unlock(); (ret=0x0)
           cifsd-1726  [000] d..2.    86.961433: funcgraph_exit:         1.590 us   |                    } (ret=0x0)
           cifsd-1726  [000] d..2.    86.961433: funcgraph_entry:        0.220 us   |                    __printk_safe_exit(); (ret=0x0)
           cifsd-1726  [000] d..2.    86.961435: funcgraph_entry:        0.250 us   |                    irq_enter_rcu(); (ret=0x0)
           cifsd-1726  [000] d.h2.    86.961436: funcgraph_entry:                   |                    __sysvec_call_function_single() {
           cifsd-1726  [000] d.h2.    86.961438: funcgraph_entry:                   |                      generic_smp_call_function_single_interrupt() {
           cifsd-1726  [000] d.h2.    86.961439: funcgraph_entry:                   |                        __flush_smp_call_function_queue() {
           cifsd-1726  [000] d.h2.    86.961439: funcgraph_entry:                   |                          sched_ttwu_pending() {
           cifsd-1726  [000] d.h2.    86.961439: funcgraph_entry:                   |                            raw_spin_rq_lock_nested.constprop.0() {
           cifsd-1726  [000] d.h3.    86.961440: funcgraph_entry:        0.230 us   |                              _raw_spin_lock(); (ret=0x0)
           cifsd-1726  [000] d.h3.    86.961440: funcgraph_exit:         0.690 us   |                            } (ret=0x0)
           cifsd-1726  [000] d.h3.    86.961440: funcgraph_entry:                   |                            update_rq_clock() {
           cifsd-1726  [000] d.h3.    86.961441: funcgraph_entry:        0.200 us   |                              arch_scale_cpu_capacity(); (ret=0x400)
           cifsd-1726  [000] d.h3.    86.961441: funcgraph_exit:         0.750 us   |                            } (ret=0x0)
           cifsd-1726  [000] d.h3.    86.961441: funcgraph_entry:                   |                            ttwu_do_activate() {
           cifsd-1726  [000] d.h3.    86.961442: funcgraph_entry:                   |                              enqueue_task() {
           cifsd-1726  [000] d.h3.    86.961442: funcgraph_entry:                   |                                enqueue_task_fair() {
           cifsd-1726  [000] d.h3.    86.961442: funcgraph_entry:                   |                                  update_curr() {
           cifsd-1726  [000] d.h3.    86.961442: funcgraph_entry:                   |                                    update_se() {
           cifsd-1726  [000] d.h3.    86.961443: funcgraph_entry:        0.260 us   |                                      cpuacct_charge(); (ret=0x0)
           cifsd-1726  [000] d.h3.    86.961443: funcgraph_exit:         0.770 us   |                                    } (ret=0x527ec)
           cifsd-1726  [000] d.h3.    86.961443: funcgraph_entry:                   |                                    dl_server_update() {
           cifsd-1726  [000] d.h3.    86.961444: funcgraph_entry:        0.220 us   |                                      update_curr_dl_se(); (ret=0x0)
           cifsd-1726  [000] d.h3.    86.961444: funcgraph_exit:         0.700 us   |                                    } (ret=0x0)
           cifsd-1726  [000] d.h3.    86.961444: funcgraph_exit:         2.190 us   |                                  } (ret=0x0)
           cifsd-1726  [000] d.h3.    86.961445: funcgraph_entry:        0.240 us   |                                  update_curr(); (ret=0x0)
           cifsd-1726  [000] d.h3.    86.961445: funcgraph_entry:        0.260 us   |                                  __update_load_avg_se(); (ret=0x1)
           cifsd-1726  [000] d.h3.    86.961446: funcgraph_entry:        0.230 us   |                                  __update_load_avg_cfs_rq(); (ret=0x0)
           cifsd-1726  [000] d.h3.    86.961446: funcgraph_entry:        0.230 us   |                                  account_llc_enqueue(); (ret=0x0)
           cifsd-1726  [000] d.h3.    86.961447: funcgraph_entry:        0.220 us   |                                  update_curr(); (ret=0x0)
           cifsd-1726  [000] d.h3.    86.961447: funcgraph_entry:        0.230 us   |                                  __update_load_avg_se(); (ret=0x0)
           cifsd-1726  [000] d.h3.    86.961448: funcgraph_entry:        0.220 us   |                                  __update_load_avg_cfs_rq(); (ret=0x0)
           cifsd-1726  [000] d.h3.    86.961448: funcgraph_entry:                   |                                  calc_concur_shares() {
           cifsd-1726  [000] d.h3.    86.961448: funcgraph_entry:        0.200 us   |                                    tg_cpus(); (ret=0x2)
           cifsd-1726  [000] d.h3.    86.961449: funcgraph_entry:        0.220 us   |                                    __calc_smp_shares(); (ret=0x100000)
           cifsd-1726  [000] d.h3.    86.961449: funcgraph_exit:         1.140 us   |                                  } (ret=0x100000)
           cifsd-1726  [000] d.h3.    86.961449: funcgraph_entry:        0.210 us   |                                  reweight_entity(); (ret=0x0)
           cifsd-1726  [000] d.h3.    86.961450: funcgraph_entry:                   |                                  update_curr() {
           cifsd-1726  [000] d.h3.    86.961450: funcgraph_entry:        0.210 us   |                                    update_se(); (ret=0x0)
           cifsd-1726  [000] d.h3.    86.961451: funcgraph_exit:         0.670 us   |                                  } (ret=0x0)
           cifsd-1726  [000] d.h3.    86.961451: funcgraph_entry:        0.220 us   |                                  __update_load_avg_se(); (ret=0x0)
           cifsd-1726  [000] d.h3.    86.961451: funcgraph_entry:        0.230 us   |                                  __update_load_avg_cfs_rq(); (ret=0x0)
           cifsd-1726  [000] d.h3.    86.961452: funcgraph_entry:                   |                                  calc_concur_shares() {
           cifsd-1726  [000] d.h3.    86.961452: funcgraph_entry:        0.200 us   |                                    tg_cpus(); (ret=0x2)
           cifsd-1726  [000] d.h3.    86.961452: funcgraph_entry:        0.210 us   |                                    __calc_smp_shares(); (ret=0xfe823)
           cifsd-1726  [000] d.h3.    86.961453: funcgraph_exit:         1.120 us   |                                  } (ret=0xfe823)
           cifsd-1726  [000] d.h3.    86.961453: funcgraph_entry:        0.200 us   |                                  reweight_entity(); (ret=0x0)
           cifsd-1726  [000] d.h3.    86.961454: funcgraph_entry:        0.560 us   |                                  reweight_eevdf(); (ret=0x0)
           cifsd-1726  [000] d.h3.    86.961454: funcgraph_entry:                   |                                  place_entity() {
           cifsd-1726  [000] d.h3.    86.961455: funcgraph_entry:        0.260 us   |                                    avg_vruntime(); (ret=0x2acac08be)
           cifsd-1726  [000] d.h3.    86.961455: funcgraph_exit:         0.740 us   |                                  } (ret=0x0)
           cifsd-1726  [000] d.h3.    86.961455: funcgraph_entry:        0.250 us   |                                  __enqueue_entity(); (ret=0x0)
           cifsd-1726  [000] d.h3.    86.961456: funcgraph_entry:        0.240 us   |                                  hrtimer_active(); (ret=0x1)
           cifsd-1726  [000] d.h3.    86.961456: funcgraph_exit:       + 14.600 us  |                                } (ret=0x0)
           cifsd-1726  [000] d.h3.    86.961457: funcgraph_entry:                   |                                psi_task_change() {
           cifsd-1726  [000] d.h3.    86.961457: funcgraph_entry:        0.210 us   |                                  psi_flags_change(); (ret=0x0)
           cifsd-1726  [000] d.h3.    86.961457: funcgraph_entry:                   |                                  psi_group_change() {
           cifsd-1726  [000] d.h3.    86.961458: funcgraph_entry:        0.210 us   |                                    record_times(); (ret=0x0)
           cifsd-1726  [000] d.h3.    86.961458: funcgraph_exit:         0.690 us   |                                  } (ret=0x0)
           cifsd-1726  [000] d.h3.    86.961458: funcgraph_entry:                   |                                  psi_group_change() {
           cifsd-1726  [000] d.h3.    86.961459: funcgraph_entry:        0.200 us   |                                    record_times(); (ret=0x0)
           cifsd-1726  [000] d.h3.    86.961459: funcgraph_exit:         0.680 us   |                                  } (ret=0x0)
           cifsd-1726  [000] d.h3.    86.961459: funcgraph_entry:                   |                                  psi_group_change() {
           cifsd-1726  [000] d.h3.    86.961460: funcgraph_entry:        0.210 us   |                                    record_times(); (ret=0x0)
           cifsd-1726  [000] d.h3.    86.961460: funcgraph_exit:         0.700 us   |                                  } (ret=0x0)
           cifsd-1726  [000] d.h3.    86.961460: funcgraph_exit:         3.600 us   |                                } (ret=0x0)
           cifsd-1726  [000] d.h3.    86.961461: funcgraph_exit:       + 18.940 us  |                              } (ret=0x0)
           cifsd-1726  [000] d.h3.    86.961461: funcgraph_entry:                   |                              wakeup_preempt() {
           cifsd-1726  [000] d.h3.    86.961461: funcgraph_entry:                   |                                wakeup_preempt_fair() {
           cifsd-1726  [000] d.h3.    86.961461: funcgraph_entry:                   |                                  update_curr() {
           cifsd-1726  [000] d.h3.    86.961461: funcgraph_entry:        0.210 us   |                                    update_se(); (ret=0x0)
           cifsd-1726  [000] d.h3.    86.961462: funcgraph_exit:         0.650 us   |                                  } (ret=0x0)
           cifsd-1726  [000] d.h3.    86.961462: funcgraph_entry:                   |                                  pick_eevdf() {
           cifsd-1726  [000] d.h3.    86.961462: funcgraph_entry:        0.210 us   |                                    vruntime_eligible(); (ret=0x1)
           cifsd-1726  [000] d.h3.    86.961463: funcgraph_exit:         0.690 us   |                                  } (ret=0xffff8c6fd1792bc0)
           cifsd-1726  [000] d.h3.    86.961463: funcgraph_entry:        0.210 us   |                                  avg_vruntime(); (ret=0x2acac08be)
           cifsd-1726  [000] d.h3.    86.961464: funcgraph_exit:         2.520 us   |                                } (ret=0x0)
           cifsd-1726  [000] d.h3.    86.961464: funcgraph_exit:         3.010 us   |                              } (ret=0x0)
           cifsd-1726  [000] d.h3.    86.961464: funcgraph_exit:       + 22.870 us  |                            } (ret=0x0)
           cifsd-1726  [000] d.h3.    86.961464: funcgraph_entry:                   |                            ttwu_do_activate() {
           cifsd-1726  [000] d.h3.    86.961465: funcgraph_entry:                   |                              enqueue_task() {
           cifsd-1726  [000] d.h3.    86.961465: funcgraph_entry:                   |                                enqueue_task_fair() {
           cifsd-1726  [000] d.h3.    86.961465: funcgraph_entry:                   |                                  update_curr() {
           cifsd-1726  [000] d.h3.    86.961465: funcgraph_entry:        0.200 us   |                                    update_se(); (ret=0x0)
           cifsd-1726  [000] d.h3.    86.961466: funcgraph_exit:         0.660 us   |                                  } (ret=0x0)
           cifsd-1726  [000] d.h3.    86.961466: funcgraph_entry:        0.230 us   |                                  update_curr(); (ret=0x0)
           cifsd-1726  [000] d.h3.    86.961467: funcgraph_entry:        0.230 us   |                                  __update_load_avg_se(); (ret=0x0)
           cifsd-1726  [000] d.h3.    86.961467: funcgraph_entry:        0.230 us   |                                  __update_load_avg_cfs_rq(); (ret=0x0)
           cifsd-1726  [000] d.h3.    86.961468: funcgraph_entry:        0.210 us   |                                  account_llc_enqueue(); (ret=0x0)
           cifsd-1726  [000] d.h3.    86.961468: funcgraph_entry:        0.220 us   |                                  update_curr(); (ret=0x0)
           cifsd-1726  [000] d.h3.    86.961469: funcgraph_entry:        0.230 us   |                                  __update_load_avg_se(); (ret=0x0)
           cifsd-1726  [000] d.h3.    86.961469: funcgraph_entry:        0.220 us   |                                  __update_load_avg_cfs_rq(); (ret=0x0)
           cifsd-1726  [000] d.h3.    86.961469: funcgraph_entry:                   |                                  calc_concur_shares() {
           cifsd-1726  [000] d.h3.    86.961470: funcgraph_entry:        0.210 us   |                                    tg_cpus(); (ret=0x2)
           cifsd-1726  [000] d.h3.    86.961470: funcgraph_entry:        0.220 us   |                                    __calc_smp_shares(); (ret=0x100000)
           cifsd-1726  [000] d.h3.    86.961471: funcgraph_exit:         1.130 us   |                                  } (ret=0x100000)
           cifsd-1726  [000] d.h3.    86.961471: funcgraph_entry:        0.210 us   |                                  reweight_entity(); (ret=0x0)
           cifsd-1726  [000] d.h3.    86.961471: funcgraph_entry:                   |                                  update_curr() {
           cifsd-1726  [000] d.h3.    86.961472: funcgraph_entry:        0.200 us   |                                    update_se(); (ret=0x0)
           cifsd-1726  [000] d.h3.    86.961472: funcgraph_exit:         0.670 us   |                                  } (ret=0x0)
           cifsd-1726  [000] d.h3.    86.961472: funcgraph_entry:        0.220 us   |                                  __update_load_avg_se(); (ret=0x0)
           cifsd-1726  [000] d.h3.    86.961473: funcgraph_entry:        0.210 us   |                                  __update_load_avg_cfs_rq(); (ret=0x0)
           cifsd-1726  [000] d.h3.    86.961473: funcgraph_entry:                   |                                  calc_concur_shares() {
           cifsd-1726  [000] d.h3.    86.961473: funcgraph_entry:        0.200 us   |                                    tg_cpus(); (ret=0x2)
           cifsd-1726  [000] d.h3.    86.961474: funcgraph_entry:        0.220 us   |                                    __calc_smp_shares(); (ret=0xff408)
           cifsd-1726  [000] d.h3.    86.961474: funcgraph_exit:         1.120 us   |                                  } (ret=0xff408)
           cifsd-1726  [000] d.h3.    86.961475: funcgraph_entry:        0.250 us   |                                  reweight_entity(); (ret=0x0)
           cifsd-1726  [000] d.h3.    86.961475: funcgraph_entry:        0.220 us   |                                  reweight_eevdf(); (ret=0x0)
           cifsd-1726  [000] d.h3.    86.961475: funcgraph_entry:                   |                                  place_entity() {
           cifsd-1726  [000] d.h3.    86.961476: funcgraph_entry:        0.210 us   |                                    avg_vruntime(); (ret=0x2acac08be)
           cifsd-1726  [000] d.h3.    86.961476: funcgraph_exit:         0.680 us   |                                  } (ret=0x0)
           cifsd-1726  [000] d.h3.    86.961476: funcgraph_entry:                   |                                  __enqueue_entity() {
           cifsd-1726  [000] d.h3.    86.961477: funcgraph_entry:        0.220 us   |                                    min_vruntime_cb_rotate(); (ret=0x0)
           cifsd-1726  [000] d.h3.    86.961477: funcgraph_entry:        0.210 us   |                                    min_vruntime_cb_rotate(); (ret=0x0)
           cifsd-1726  [000] d.h3.    86.961478: funcgraph_exit:         1.250 us   |                                  } (ret=0x0)
           cifsd-1726  [000] d.h3.    86.961478: funcgraph_entry:        0.210 us   |                                  hrtimer_active(); (ret=0x1)
           cifsd-1726  [000] d.h3.    86.961479: funcgraph_exit:       + 13.440 us  |                                } (ret=0x0)
           cifsd-1726  [000] d.h3.    86.961479: funcgraph_entry:                   |                                psi_task_change() {
           cifsd-1726  [000] d.h3.    86.961479: funcgraph_entry:        0.210 us   |                                  psi_flags_change(); (ret=0x0)
           cifsd-1726  [000] d.h3.    86.961480: funcgraph_entry:                   |                                  psi_group_change() {
           cifsd-1726  [000] d.h3.    86.961480: funcgraph_entry:        0.220 us   |                                    record_times(); (ret=0x0)
           cifsd-1726  [000] d.h3.    86.961481: funcgraph_exit:         0.700 us   |                                  } (ret=0x0)
           cifsd-1726  [000] d.h3.    86.961481: funcgraph_entry:                   |                                  psi_group_change() {
           cifsd-1726  [000] d.h3.    86.961481: funcgraph_entry:        0.220 us   |                                    record_times(); (ret=0x0)
           cifsd-1726  [000] d.h3.    86.961481: funcgraph_exit:         0.680 us   |                                  } (ret=0x0)
           cifsd-1726  [000] d.h3.    86.961482: funcgraph_entry:                   |                                  psi_group_change() {
           cifsd-1726  [000] d.h3.    86.961482: funcgraph_entry:        0.210 us   |                                    record_times(); (ret=0x0)
           cifsd-1726  [000] d.h3.    86.961482: funcgraph_exit:         0.670 us   |                                  } (ret=0x0)
           cifsd-1726  [000] d.h3.    86.961483: funcgraph_exit:         3.600 us   |                                } (ret=0x0)
           cifsd-1726  [000] d.h3.    86.961483: funcgraph_exit:       + 18.140 us  |                              } (ret=0x0)
           cifsd-1726  [000] d.h3.    86.961483: funcgraph_entry:                   |                              wakeup_preempt() {
           cifsd-1726  [000] d.h3.    86.961483: funcgraph_entry:                   |                                wakeup_preempt_fair() {
           cifsd-1726  [000] d.h3.    86.961484: funcgraph_entry:                   |                                  update_curr() {
           cifsd-1726  [000] d.h3.    86.961484: funcgraph_entry:        0.210 us   |                                    update_se(); (ret=0x0)
           cifsd-1726  [000] d.h3.    86.961484: funcgraph_exit:         0.660 us   |                                  } (ret=0x0)
           cifsd-1726  [000] d.h3.    86.961484: funcgraph_entry:                   |                                  pick_eevdf() {
           cifsd-1726  [000] d.h3.    86.961485: funcgraph_entry:        0.210 us   |                                    vruntime_eligible(); (ret=0x1)
           cifsd-1726  [000] d.h3.    86.961485: funcgraph_exit:         0.670 us   |                                  } (ret=0xffff8c6fd1792bc0)
           cifsd-1726  [000] d.h3.    86.961485: funcgraph_entry:        0.210 us   |                                  avg_vruntime(); (ret=0x2acac08be)
           cifsd-1726  [000] d.h3.    86.961486: funcgraph_exit:         2.500 us   |                                } (ret=0x0)
           cifsd-1726  [000] d.h3.    86.961486: funcgraph_exit:         2.950 us   |                              } (ret=0x0)
           cifsd-1726  [000] d.h3.    86.961486: funcgraph_exit:       + 22.030 us  |                            } (ret=0x0)
           cifsd-1726  [000] d.h3.    86.961487: funcgraph_entry:        0.220 us   |                            _raw_spin_unlock(); (ret=0x0)
           cifsd-1726  [000] d.h2.    86.961487: funcgraph_exit:       + 48.060 us  |                          } (ret=0x0)
           cifsd-1726  [000] d.h2.    86.961487: funcgraph_exit:       + 48.660 us  |                        } (ret=0x0)
           cifsd-1726  [000] d.h2.    86.961488: funcgraph_exit:       + 49.150 us  |                      } (ret=0x0)
           cifsd-1726  [000] d.h2.    86.961488: funcgraph_exit:       + 52.300 us  |                    } (ret=0x0)
           cifsd-1726  [000] d.h2.    86.961488: funcgraph_entry:                   |                    irq_exit_rcu() {
           cifsd-1726  [000] d..2.    86.961488: funcgraph_entry:        0.210 us   |                      sched_core_idle_cpu(); (ret=0x0)
           cifsd-1726  [000] d..2.    86.961489: funcgraph_exit:         0.680 us   |                    } (ret=0x0)
           cifsd-1726  [000] d..2.    86.961489: funcgraph_entry:        0.220 us   |                    raw_irqentry_exit_cond_resched(); (ret=0x0)
           cifsd-1726  [000] d..2.    86.961491: funcgraph_entry:        0.270 us   |                    irq_enter_rcu(); (ret=0x0)
           cifsd-1726  [000] d.h2.    86.961492: funcgraph_entry:                   |                    __sysvec_apic_timer_interrupt() {
           cifsd-1726  [000] d.h2.    86.961492: funcgraph_entry:                   |                      hrtimer_interrupt() {
           cifsd-1726  [000] d.h2.    86.961492: funcgraph_entry:        0.210 us   |                        _raw_spin_lock_irqsave(); (ret=0x86)
           cifsd-1726  [000] d.h3.    86.961493: funcgraph_entry:        0.330 us   |                        ktime_get_update_offsets_now(); (ret=0x144c19b094)
           cifsd-1726  [000] d.h3.    86.961493: funcgraph_entry:                   |                        __hrtimer_run_queues() {
           cifsd-1726  [000] d.h3.    86.961494: funcgraph_entry:        0.340 us   |                          __remove_hrtimer(); (ret=0x0)
           cifsd-1726  [000] d.h3.    86.961494: funcgraph_entry:        0.230 us   |                          _raw_spin_unlock_irqrestore(); (ret=0x0)
           cifsd-1726  [000] d.h2.    86.961495: funcgraph_entry:                   |                          tick_nohz_handler() {
           cifsd-1726  [000] d.h2.    86.961495: funcgraph_entry:        0.260 us   |                            ktime_get(); (ret=0x144c19b90e)
           cifsd-1726  [000] d.h2.    86.961495: funcgraph_entry:        0.240 us   |                            tick_do_update_jiffies64(); (ret=0x0)
           cifsd-1726  [000] d.h2.    86.961496: funcgraph_entry:                   |                            update_process_times() {
           cifsd-1726  [000] d.h2.    86.961496: funcgraph_entry:                   |                              account_process_tick() {
           cifsd-1726  [000] d.h2.    86.961496: funcgraph_entry:        0.220 us   |                                kvm_steal_clock(); (ret=0x1955a95)
           cifsd-1726  [000] d.h2.    86.961497: funcgraph_entry:                   |                                account_system_time() {
           cifsd-1726  [000] d.h2.    86.961497: funcgraph_entry:                   |                                  account_system_index_time() {
           cifsd-1726  [000] d.h2.    86.961497: funcgraph_entry:        0.220 us   |                                    cpuacct_account_field(); (ret=0x0)
           cifsd-1726  [000] d.h2.    86.961498: funcgraph_entry:        0.230 us   |                                    acct_account_cputime(); (ret=0x0)
           cifsd-1726  [000] d.h2.    86.961498: funcgraph_exit:         1.190 us   |                                  } (ret=0x0)
           cifsd-1726  [000] d.h2.    86.961499: funcgraph_exit:         1.670 us   |                                } (ret=0x0)
           cifsd-1726  [000] d.h2.    86.961499: funcgraph_exit:         2.610 us   |                              } (ret=0x0)
           cifsd-1726  [000] d.h2.    86.961499: funcgraph_entry:        0.220 us   |                              hrtimer_run_queues(); (ret=0x0)
           cifsd-1726  [000] d.h2.    86.961500: funcgraph_entry:                   |                              tmigr_requires_handle_remote() {
           cifsd-1726  [000] d.h2.    86.961500: funcgraph_entry:        0.230 us   |                                get_jiffies_update(); (ret=0x144c183200)
           cifsd-1726  [000] d.h2.    86.961500: funcgraph_exit:         0.820 us   |                              } (ret=0x0)
           cifsd-1726  [000] d.h2.    86.961501: funcgraph_entry:                   |                              rcu_sched_clock_irq() {
           cifsd-1726  [000] d.h2.    86.961501: funcgraph_entry:        0.210 us   |                                rcu_segcblist_ready_cbs(); (ret=0xffff8c703bc35000)
           cifsd-1726  [000] d.h2.    86.961501: funcgraph_entry:        0.220 us   |                                rcu_segcblist_nextgp(); (ret=0x0)
           cifsd-1726  [000] d.h2.    86.961502: funcgraph_exit:         1.220 us   |                              } (ret=0x0)
           cifsd-1726  [000] d.h2.    86.961502: funcgraph_entry:                   |                              wake_up_klogd_work_func() {
           cifsd-1726  [000] d.h2.    86.961502: funcgraph_entry:                   |                                __wake_up() {
           cifsd-1726  [000] d.h2.    86.961503: funcgraph_entry:        0.230 us   |                                  _raw_spin_lock_irqsave(); (ret=0x82)
           cifsd-1726  [000] d.h3.    86.961503: funcgraph_entry:                   |                                  __wake_up_common() {
           cifsd-1726  [000] d.h3.    86.961503: funcgraph_entry:                   |                                    ep_poll_callback() {
           cifsd-1726  [000] d.h3.    86.961504: funcgraph_entry:        0.220 us   |                                      _raw_spin_lock_irqsave(); (ret=0x96)
           cifsd-1726  [000] d.h4.    86.961504: funcgraph_entry:        0.230 us   |                                      _raw_spin_unlock_irqrestore(); (ret=0x0)
           cifsd-1726  [000] d.h3.    86.961505: funcgraph_exit:         1.240 us   |                                    } (ret=0x1)
           cifsd-1726  [000] d.h3.    86.961505: funcgraph_exit:         1.780 us   |                                  } (ret=0x1)
           cifsd-1726  [000] d.h3.    86.961505: funcgraph_entry:        0.220 us   |                                  _raw_spin_unlock_irqrestore(); (ret=0x0)
           cifsd-1726  [000] d.h2.    86.961506: funcgraph_exit:         3.180 us   |                                } (ret=0x0)
           cifsd-1726  [000] d.h2.    86.961506: funcgraph_exit:         4.020 us   |                              } (ret=0x0)
           cifsd-1726  [000] d.h2.    86.961507: funcgraph_entry:                   |                              sched_tick() {
           cifsd-1726  [000] d.h2.    86.961507: funcgraph_entry:        0.210 us   |                                arch_scale_freq_tick(); (ret=0x0)
           cifsd-1726  [000] d.h2.    86.961507: funcgraph_entry:                   |                                raw_spin_rq_lock_nested.constprop.0() {
           cifsd-1726  [000] d.h3.    86.961508: funcgraph_entry:        0.200 us   |                                  _raw_spin_lock(); (ret=0x0)
           cifsd-1726  [000] d.h3.    86.961508: funcgraph_exit:         0.670 us   |                                } (ret=0x0)
           cifsd-1726  [000] d.h3.    86.961508: funcgraph_entry:                   |                                update_rq_clock() {
           cifsd-1726  [000] d.h3.    86.961509: funcgraph_entry:        0.210 us   |                                  arch_scale_cpu_capacity(); (ret=0x400)
           cifsd-1726  [000] d.h3.    86.961509: funcgraph_exit:         0.720 us   |                                } (ret=0x0)
           cifsd-1726  [000] d.h3.    86.961509: funcgraph_entry:                   |                                task_tick_fair() {
           cifsd-1726  [000] d.h3.    86.961509: funcgraph_entry:                   |                                  update_curr() {
           cifsd-1726  [000] d.h3.    86.961510: funcgraph_entry:                   |                                    update_se() {
           cifsd-1726  [000] d.h3.    86.961510: funcgraph_entry:        0.220 us   |                                      cpuacct_charge(); (ret=0x0)
           cifsd-1726  [000] d.h3.    86.961510: funcgraph_exit:         0.690 us   |                                    } (ret=0x10950)
           cifsd-1726  [000] d.h3.    86.961511: funcgraph_entry:                   |                                    dl_server_update() {
           cifsd-1726  [000] d.h3.    86.961511: funcgraph_entry:        0.210 us   |                                      update_curr_dl_se(); (ret=0x0)
           cifsd-1726  [000] d.h3.    86.961511: funcgraph_exit:         0.670 us   |                                    } (ret=0x0)
           cifsd-1726  [000] d.h3.    86.961512: funcgraph_exit:         2.080 us   |                                  } (ret=0x0)
           cifsd-1726  [000] d.h3.    86.961512: funcgraph_entry:        0.240 us   |                                  __update_load_avg_se(); (ret=0x0)
           cifsd-1726  [000] d.h3.    86.961512: funcgraph_entry:        0.230 us   |                                  __update_load_avg_cfs_rq(); (ret=0x0)
           cifsd-1726  [000] d.h3.    86.961513: funcgraph_entry:        0.220 us   |                                  reweight_eevdf(); (ret=0x0)
           cifsd-1726  [000] d.h3.    86.961513: funcgraph_exit:         4.040 us   |                                } (ret=0x0)
           cifsd-1726  [000] d.h3.    86.961514: funcgraph_entry:        0.220 us   |                                calc_global_load_tick(); (ret=0x0)
           cifsd-1726  [000] d.h3.    86.961514: funcgraph_entry:        0.220 us   |                                scx_tick(); (ret=0x0)
           cifsd-1726  [000] d.h3.    86.961514: funcgraph_entry:        0.220 us   |                                _raw_spin_unlock(); (ret=0x0)
           cifsd-1726  [000] d.h2.    86.961515: funcgraph_entry:                   |                                perf_event_task_tick() {
           cifsd-1726  [000] d.h2.    86.961515: funcgraph_entry:        0.210 us   |                                  perf_adjust_freq_unthr_context(); (ret=0x0)
           cifsd-1726  [000] d.h2.    86.961516: funcgraph_entry:        0.210 us   |                                  __rcu_read_lock(); (ret=0x0)
           cifsd-1726  [000] d.h2.    86.961516: funcgraph_entry:        0.210 us   |                                  __rcu_read_unlock(); (ret=0x0)
           cifsd-1726  [000] d.h2.    86.961517: funcgraph_exit:         1.620 us   |                                } (ret=0x0)
           cifsd-1726  [000] d.h2.    86.961517: funcgraph_entry:        0.220 us   |                                idle_cpu(); (ret=0x0)
           cifsd-1726  [000] d.h2.    86.961517: funcgraph_entry:                   |                                sched_balance_trigger() {
           cifsd-1726  [000] d.h2.    86.961518: funcgraph_entry:        0.260 us   |                                  nohz_balance_exit_idle(); (ret=0x0)
           cifsd-1726  [000] d.h2.    86.961518: funcgraph_entry:        0.210 us   |                                  housekeeping_cpumask(); (ret=0xffffffff996a6a60)
           cifsd-1726  [000] d.h2.    86.961519: funcgraph_entry:        0.240 us   |                                  idle_cpu(); (ret=0x1)
           cifsd-1726  [000] d.h2.    86.961519: funcgraph_entry:                   |                                  smp_call_function_single_async() {
           cifsd-1726  [000] d.h3.    86.961519: funcgraph_entry:                   |                                    generic_exec_single() {
           cifsd-1726  [000] d.h3.    86.961520: funcgraph_entry:                   |                                      __smp_call_single_queue() {
           cifsd-1726  [000] d.h3.    86.961520: funcgraph_entry:        0.260 us   |                                        call_function_single_prep_ipi(); (ret=0x1)
           cifsd-1726  [000] d.h3.    86.961520: funcgraph_entry:                   |                                        native_send_call_func_single_ipi() {
           cifsd-1726  [000] d.h3.    86.961521: funcgraph_entry:        1.990 us   |                                          x2apic_send_IPI(); (ret=0x0)
           cifsd-1726  [000] d.h3.    86.961523: funcgraph_exit:         2.520 us   |                                        } (ret=0x0)
           cifsd-1726  [000] d.h3.    86.961523: funcgraph_exit:         3.580 us   |                                      } (ret=0x0)
           cifsd-1726  [000] d.h3.    86.961523: funcgraph_exit:         4.050 us   |                                    } (ret=0x0)
           cifsd-1726  [000] d.h2.    86.961524: funcgraph_exit:         4.510 us   |                                  } (ret=0x0)
           cifsd-1726  [000] d.h2.    86.961524: funcgraph_exit:         6.540 us   |                                } (ret=0x0)
           cifsd-1726  [000] d.h2.    86.961524: funcgraph_exit:       + 17.520 us  |                              } (ret=0x0)
           cifsd-1726  [000] d.h2.    86.961524: funcgraph_entry:        0.270 us   |                              run_posix_cpu_timers(); (ret=0x0)
           cifsd-1726  [000] d.h2.    86.961525: funcgraph_exit:       + 28.840 us  |                            } (ret=0x0)
           cifsd-1726  [000] d.h2.    86.961525: funcgraph_entry:                   |                            profile_tick() {
           cifsd-1726  [000] d.h2.    86.961525: funcgraph_entry:        0.210 us   |                              profile_pc(); (ret=0xffffffff97b27c7e)
           cifsd-1726  [000] d.h2.    86.961526: funcgraph_exit:         0.720 us   |                            } (ret=0x0)
           cifsd-1726  [000] d.h2.    86.961526: funcgraph_entry:        0.220 us   |                            hrtimer_forward(); (ret=0x1)
           cifsd-1726  [000] d.h2.    86.961527: funcgraph_exit:       + 31.810 us  |                          } (ret=0x1)
           cifsd-1726  [000] d.h2.    86.961527: funcgraph_entry:        0.210 us   |                          _raw_spin_lock_irq(); (ret=0x0)
           cifsd-1726  [000] d.h3.    86.961527: funcgraph_entry:        0.300 us   |                          enqueue_hrtimer(); (ret=0x1)
           cifsd-1726  [000] d.h3.    86.961528: funcgraph_exit:       + 34.540 us  |                        } (ret=0x0)
           cifsd-1726  [000] d.h3.    86.961528: funcgraph_entry:        0.260 us   |                        ktime_get_update_offsets_now(); (ret=0x144c1a3aaa)
           cifsd-1726  [000] d.h3.    86.961529: funcgraph_entry:                   |                        hrtimer_update_next_event() {
           cifsd-1726  [000] d.h3.    86.961529: funcgraph_entry:        0.220 us   |                          __hrtimer_get_next_event(); (ret=0x7fffffffffffffff)
           cifsd-1726  [000] d.h3.    86.961529: funcgraph_entry:        0.250 us   |                          hrtimer_bases_first(); (ret=0x0)
           cifsd-1726  [000] d.h3.    86.961530: funcgraph_exit:         1.220 us   |                        } (ret=0x144c277440)
           cifsd-1726  [000] d.h3.    86.961530: funcgraph_entry:        0.230 us   |                        _raw_spin_unlock_irqrestore(); (ret=0x0)
           cifsd-1726  [000] d.h2.    86.961531: funcgraph_exit:       + 38.540 us  |                      } (ret=0x0)
           cifsd-1726  [000] d.h2.    86.961531: funcgraph_exit:       + 39.050 us  |                    } (ret=0x0)
           cifsd-1726  [000] d.h2.    86.961531: funcgraph_entry:                   |                    irq_exit_rcu() {
           cifsd-1726  [000] d..2.    86.961531: funcgraph_entry:        0.210 us   |                      sched_core_idle_cpu(); (ret=0x0)
           cifsd-1726  [000] d..2.    86.961532: funcgraph_exit:         0.680 us   |                    } (ret=0x0)
           cifsd-1726  [000] d..2.    86.961532: funcgraph_entry:        0.210 us   |                    raw_irqentry_exit_cond_resched(); (ret=0x0)
           cifsd-1726  [000] d..2.    86.961533: funcgraph_entry:                   |                    __hrtimer_rearm_deferred() {
           cifsd-1726  [000] d..2.    86.961533: funcgraph_entry:        0.210 us   |                      _raw_spin_lock(); (ret=0x0)
           cifsd-1726  [000] d..3.    86.961533: funcgraph_entry:                   |                      tick_program_event() {
           cifsd-1726  [000] d..3.    86.961534: funcgraph_entry:                   |                        clockevents_program_event() {
           cifsd-1726  [000] d..3.    86.961534: funcgraph_entry:        0.200 us   |                          ktime_expiry_to_cycles(); (ret=0x0)
           cifsd-1726  [000] d..3.    86.961534: funcgraph_entry:        0.270 us   |                          ktime_get(); (ret=0x144c1a5350)
           cifsd-1726  [000] d..3.    86.961535: funcgraph_entry:        1.510 us   |                          lapic_next_deadline(); (ret=0x0)
           cifsd-1726  [000] d..3.    86.961537: funcgraph_exit:         2.990 us   |                        } (ret=0x0)
           cifsd-1726  [000] d..3.    86.961537: funcgraph_exit:         3.490 us   |                      } (ret=0x0)
           cifsd-1726  [000] d..3.    86.961537: funcgraph_entry:        0.240 us   |                      _raw_spin_unlock(); (ret=0x0)
           cifsd-1726  [000] d..2.    86.961538: funcgraph_exit:         4.980 us   |                    } (ret=0x0)
           cifsd-1726  [000] ...2.    86.961538: funcgraph_entry:        0.220 us   |                    panic_on_other_cpu(); (ret=0x0)
           cifsd-1726  [000] ...2.    86.961538: funcgraph_entry:        0.210 us   |                    __srcu_read_unlock(); (ret=0x0)
           cifsd-1726  [000] ...2.    86.961539: funcgraph_exit:       ! 362.180 us |                  } (ret=0x1)
           cifsd-1726  [000] ...2.    86.961539: funcgraph_entry:                   |                  console_flush_one_record() {
           cifsd-1726  [000] ...2.    86.961539: funcgraph_entry:                   |                    nbcon_get_default_prio() {
           cifsd-1726  [000] ...2.    86.961540: funcgraph_entry:        0.210 us   |                      panic_on_this_cpu(); (ret=0xffffff00)
           cifsd-1726  [000] ...2.    86.961540: funcgraph_entry:                   |                      nbcon_get_cpu_emergency_nesting() {
           cifsd-1726  [000] ...2.    86.961540: funcgraph_entry:        0.200 us   |                        printk_percpu_data_ready(); (ret=0x1)
           cifsd-1726  [000] ...2.    86.961541: funcgraph_exit:         0.670 us   |                      } (ret=0xffff8c703bc1d484)
           cifsd-1726  [000] ...2.    86.961541: funcgraph_exit:         1.570 us   |                    } (ret=0x1)
           cifsd-1726  [000] ...2.    86.961541: funcgraph_entry:                   |                    is_printk_legacy_deferred() {
           cifsd-1726  [000] ...2.    86.961542: funcgraph_entry:        0.210 us   |                      is_printk_cpu_sync_owner(); (ret=0xffffff00)
           cifsd-1726  [000] ...2.    86.961542: funcgraph_exit:         0.670 us   |                    } (ret=0xffffff00)
           cifsd-1726  [000] ...2.    86.961542: funcgraph_entry:        0.220 us   |                    __srcu_read_lock(); (ret=0x0)
           cifsd-1726  [000] ...2.    86.961543: funcgraph_entry:                   |                    printk_get_next_message() {
           cifsd-1726  [000] ...2.    86.961543: funcgraph_entry:                   |                      prb_read_valid() {
           cifsd-1726  [000] ...2.    86.961543: funcgraph_entry:                   |                        _prb_read_valid() {
           cifsd-1726  [000] ...2.    86.961543: funcgraph_entry:                   |                          desc_read_finalized_seq() {
           cifsd-1726  [000] ...2.    86.961544: funcgraph_entry:        0.210 us   |                            desc_read(); (ret=0x2)
           cifsd-1726  [000] ...2.    86.961544: funcgraph_exit:         0.660 us   |                          } (ret=0x0)
           cifsd-1726  [000] ...2.    86.961544: funcgraph_entry:        0.230 us   |                          get_data(); (ret=0xffffffff9aac76f8)
           cifsd-1726  [000] ...2.    86.961545: funcgraph_entry:                   |                          desc_read_finalized_seq() {
           cifsd-1726  [000] ...2.    86.961545: funcgraph_entry:        0.210 us   |                            desc_read(); (ret=0x2)
           cifsd-1726  [000] ...2.    86.961545: funcgraph_exit:         0.670 us   |                          } (ret=0x0)
           cifsd-1726  [000] ...2.    86.961546: funcgraph_exit:         2.540 us   |                        } (ret=0x1)
           cifsd-1726  [000] ...2.    86.961546: funcgraph_exit:         3.010 us   |                      } (ret=0x1)
           cifsd-1726  [000] ...2.    86.961546: funcgraph_entry:                   |                      record_print_text() {
           cifsd-1726  [000] ...2.    86.961546: funcgraph_entry:        0.490 us   |                        info_print_prefix(); (ret=0xf)
           cifsd-1726  [000] ...2.    86.961547: funcgraph_exit:         1.060 us   |                      } (ret=0x63)
           cifsd-1726  [000] ...2.    86.961547: funcgraph_exit:         4.810 us   |                    } (ret=0x1)
           cifsd-1726  [000] d..2.    86.961548: funcgraph_entry:        0.220 us   |                    __printk_safe_enter(); (ret=0x246)
           cifsd-1726  [000] d..2.    86.961548: funcgraph_entry:        0.220 us   |                    panic_in_progress(); (ret=0xffffff00)
           cifsd-1726  [000] d..2.    86.961549: funcgraph_entry:        0.210 us   |                    _raw_spin_lock(); (ret=0x0)
           cifsd-1726  [000] d..3.    86.961549: funcgraph_entry:        0.230 us   |                    _raw_spin_unlock(); (ret=0x0)
           cifsd-1726  [000] d..2.    86.961550: funcgraph_entry:                   |                    vt_console_print() {
           cifsd-1726  [000] d..2.    86.961550: funcgraph_entry:        0.210 us   |                      is_console_locked(); (ret=0x1)
           cifsd-1726  [000] d..2.    86.961550: funcgraph_entry:        0.220 us   |                      _raw_spin_trylock(); (ret=0x1)
           cifsd-1726  [000] d..3.    86.961551: funcgraph_entry:                   |                      hide_cursor() {
           cifsd-1726  [000] d..3.    86.961551: funcgraph_entry:        0.220 us   |                        vc_is_sel(); (ret=0x0)
           cifsd-1726  [000] d..3.    86.961552: funcgraph_entry:                   |                        fbcon_cursor() {
           cifsd-1726  [000] d..3.    86.961552: funcgraph_entry:        0.200 us   |                          is_console_locked(); (ret=0x1)
           cifsd-1726  [000] d..3.    86.961552: funcgraph_entry:        0.220 us   |                          __msecs_to_jiffies(); (ret=0xc8)
           cifsd-1726  [000] d..3.    86.961553: funcgraph_entry:        0.220 us   |                          panic_in_progress(); (ret=0xffffff00)
           cifsd-1726  [000] d..3.    86.961553: funcgraph_entry:        0.220 us   |                          queue_delayed_work_on(); (ret=0x0)
           cifsd-1726  [000] d..3.    86.961554: funcgraph_entry:                   |                          get_color() {
           cifsd-1726  [000] d..3.    86.961554: funcgraph_entry:        0.200 us   |                            fb_get_color_depth(); (ret=0x18)
           cifsd-1726  [000] d..3.    86.961554: funcgraph_exit:         0.680 us   |                          } (ret=0x0)
           cifsd-1726  [000] d..3.    86.961555: funcgraph_entry:                   |                          get_color() {
           cifsd-1726  [000] d..3.    86.961555: funcgraph_entry:        0.210 us   |                            fb_get_color_depth(); (ret=0x18)
           cifsd-1726  [000] d..3.    86.961555: funcgraph_exit:         0.660 us   |                          } (ret=0x7)
           cifsd-1726  [000] d..3.    86.961556: funcgraph_entry:                   |                          bit_cursor() {
           cifsd-1726  [000] d..3.    86.961556: funcgraph_entry:        0.250 us   |                            fb_get_color_depth(); (ret=0x18)
           cifsd-1726  [000] d..3.    86.961557: funcgraph_entry:                   |                            soft_cursor() {
           cifsd-1726  [000] d..3.    86.961557: funcgraph_entry:        0.280 us   |                              fb_get_buffer_offset(); (ret=0xffff8c6fc74daf30)
           cifsd-1726  [000] d..3.    86.961558: funcgraph_entry:        0.280 us   |                              fb_pad_aligned_buffer(); (ret=0x0)
           cifsd-1726  [000] d..3.    86.961558: funcgraph_entry:                   |                              drm_fbdev_shmem_defio_imageblit() {
           cifsd-1726  [000] d..3.    86.961559: funcgraph_entry:        0.360 us   |                                sys_imageblit(); (ret=0x0)
           cifsd-1726  [000] d..3.    86.961559: funcgraph_entry:                   |                                drm_fb_helper_damage_area() {
           cifsd-1726  [000] d..3.    86.961560: funcgraph_entry:                   |                                  drm_fb_helper_damage.part.0() {
           cifsd-1726  [000] d..3.    86.961560: funcgraph_entry:        0.260 us   |                                    _raw_spin_lock_irqsave(); (ret=0x82)
           cifsd-1726  [000] d..4.    86.961561: funcgraph_entry:        0.300 us   |                                    _raw_spin_unlock_irqrestore(); (ret=0x0)
           cifsd-1726  [000] d..3.    86.961561: funcgraph_entry:        0.280 us   |                                    queue_work_on(); (ret=0x0)
           cifsd-1726  [000] d..3.    86.961562: funcgraph_exit:         2.260 us   |                                  } (ret=0x0)
           cifsd-1726  [000] d..3.    86.961562: funcgraph_exit:         2.840 us   |                                } (ret=0x0)
           cifsd-1726  [000] d..3.    86.961563: funcgraph_exit:         4.320 us   |                              } (ret=0x0)
           cifsd-1726  [000] d..3.    86.961563: funcgraph_exit:         6.410 us   |                            } (ret=0x0)
           cifsd-1726  [000] d..3.    86.961563: funcgraph_exit:         7.670 us   |                          } (ret=0x0)
           cifsd-1726  [000] d..3.    86.961564: funcgraph_exit:       + 12.170 us  |                        } (ret=0x0)
           cifsd-1726  [000] d..3.    86.961564: funcgraph_exit:       + 13.160 us  |                      } (ret=0x0)
           cifsd-1726  [000] d..3.    86.961564: funcgraph_entry:                   |                      atomic_notifier_call_chain() {
           cifsd-1726  [000] d..3.    86.961565: funcgraph_entry:        0.270 us   |                        __rcu_read_lock(); (ret=0x0)
           cifsd-1726  [000] d..3.    86.961565: funcgraph_entry:        0.320 us   |                        notifier_call_chain(); (ret=0x0)
           cifsd-1726  [000] d..3.    86.961566: funcgraph_entry:        0.260 us   |                        __rcu_read_unlock(); (ret=0x0)
           cifsd-1726  [000] d..3.    86.961567: funcgraph_exit:         2.100 us   |                      } (ret=0x0)
           cifsd-1726  [000] d..3.    86.961567: funcgraph_entry:                   |                      atomic_notifier_call_chain() {
           cifsd-1726  [000] d..3.    86.961567: funcgraph_entry:        0.280 us   |                        __rcu_read_lock(); (ret=0x0)
           cifsd-1726  [000] d..3.    86.961568: funcgraph_entry:        0.280 us   |                        notifier_call_chain(); (ret=0x0)
           cifsd-1726  [000] d..3.    86.961568: funcgraph_entry:        0.270 us   |                        __rcu_read_unlock(); (ret=0x0)
           cifsd-1726  [000] d..3.    86.961569: funcgraph_exit:         2.110 us   |                      } (ret=0x0)
           cifsd-1726  [000] d..3.    86.961569: funcgraph_entry:                   |                      atomic_notifier_call_chain() {
           cifsd-1726  [000] d..3.    86.961570: funcgraph_entry:        0.290 us   |                        __rcu_read_lock(); (ret=0x0)
           cifsd-1726  [000] d..3.    86.961570: funcgraph_entry:        0.270 us   |                        notifier_call_chain(); (ret=0x0)
           cifsd-1726  [000] d..3.    86.961571: funcgraph_entry:        0.260 us   |                        __rcu_read_unlock(); (ret=0x0)
           cifsd-1726  [000] d..3.    86.961571: funcgraph_exit:         2.040 us   |                      } (ret=0x0)
           cifsd-1726  [000] d..3.    86.961572: funcgraph_entry:                   |                      atomic_notifier_call_chain() {
           cifsd-1726  [000] d..3.    86.961572: funcgraph_entry:        0.280 us   |                        __rcu_read_lock(); (ret=0x0)
           cifsd-1726  [000] d..3.    86.961573: funcgraph_entry:        0.280 us   |                        notifier_call_chain(); (ret=0x0)
           cifsd-1726  [000] d..3.    86.961573: funcgraph_entry:        0.340 us   |                        __rcu_read_unlock(); (ret=0x0)
           cifsd-1726  [000] d..3.    86.961574: funcgraph_exit:         2.080 us   |                      } (ret=0x0)
           cifsd-1726  [000] d..3.    86.961574: funcgraph_entry:                   |                      atomic_notifier_call_chain() {
           cifsd-1726  [000] d..3.    86.961574: funcgraph_entry:        0.200 us   |                        __rcu_read_lock(); (ret=0x0)
           cifsd-1726  [000] d..3.    86.961575: funcgraph_entry:        0.210 us   |                        notifier_call_chain(); (ret=0x0)
           cifsd-1726  [000] d..3.    86.961575: funcgraph_entry:        0.210 us   |                        __rcu_read_unlock(); (ret=0x0)
           cifsd-1726  [000] d..3.    86.961576: funcgraph_exit:         1.550 us   |                      } (ret=0x0)
           cifsd-1726  [000] d..3.    86.961576: funcgraph_entry:                   |                      atomic_notifier_call_chain() {
           cifsd-1726  [000] d..3.    86.961576: funcgraph_entry:        0.200 us   |                        __rcu_read_lock(); (ret=0x0)
           cifsd-1726  [000] d..3.    86.961576: funcgraph_entry:        0.210 us   |                        notifier_call_chain(); (ret=0x0)
           cifsd-1726  [000] d..3.    86.961577: funcgraph_entry:        0.210 us   |                        __rcu_read_unlock(); (ret=0x0)
           cifsd-1726  [000] d..3.    86.961577: funcgraph_exit:         1.560 us   |                      } (ret=0x0)
           cifsd-1726  [000] d..3.    86.961578: funcgraph_entry:                   |                      atomic_notifier_call_chain() {
           cifsd-1726  [000] d..3.    86.961578: funcgraph_entry:        0.200 us   |                        __rcu_read_lock(); (ret=0x0)
           cifsd-1726  [000] d..3.    86.961578: funcgraph_entry:        0.210 us   |                        notifier_call_chain(); (ret=0x0)
           cifsd-1726  [000] d..3.    86.961579: funcgraph_entry:        0.210 us   |                        __rcu_read_unlock(); (ret=0x0)
           cifsd-1726  [000] d..3.    86.961579: funcgraph_exit:         1.550 us   |                      } (ret=0x0)
           cifsd-1726  [000] d..3.    86.961579: funcgraph_entry:                   |                      atomic_notifier_call_chain() {
           cifsd-1726  [000] d..3.    86.961580: funcgraph_entry:        0.200 us   |                        __rcu_read_lock(); (ret=0x0)
           cifsd-1726  [000] d..3.    86.961580: funcgraph_entry:        0.210 us   |                        notifier_call_chain(); (ret=0x0)
           cifsd-1726  [000] d..3.    86.961581: funcgraph_entry:        0.210 us   |                        __rcu_read_unlock(); (ret=0x0)
           cifsd-1726  [000] d..3.    86.961581: funcgraph_exit:         1.560 us   |                      } (ret=0x0)
           cifsd-1726  [000] d..3.    86.961581: funcgraph_entry:                   |                      atomic_notifier_call_chain() {
           cifsd-1726  [000] d..3.    86.961581: funcgraph_entry:        0.200 us   |                        __rcu_read_lock(); (ret=0x0)
           cifsd-1726  [000] d..3.    86.961582: funcgraph_entry:        0.210 us   |                        notifier_call_chain(); (ret=0x0)
           cifsd-1726  [000] d..3.    86.961582: funcgraph_entry:        0.210 us   |                        __rcu_read_unlock(); (ret=0x0)
           cifsd-1726  [000] d..3.    86.961583: funcgraph_exit:         1.550 us   |                      } (ret=0x0)
           cifsd-1726  [000] d..3.    86.961583: funcgraph_entry:                   |                      atomic_notifier_call_chain() {
           cifsd-1726  [000] d..3.    86.961583: funcgraph_entry:        0.200 us   |                        __rcu_read_lock(); (ret=0x0)
           cifsd-1726  [000] d..3.    86.961584: funcgraph_entry:        0.210 us   |                        notifier_call_chain(); (ret=0x0)
           cifsd-1726  [000] d..3.    86.961584: funcgraph_entry:        0.210 us   |                        __rcu_read_unlock(); (ret=0x0)
           cifsd-1726  [000] d..3.    86.961585: funcgraph_exit:         1.560 us   |                      } (ret=0x0)
           cifsd-1726  [000] d..3.    86.961585: funcgraph_entry:                   |                      atomic_notifier_call_chain() {
           cifsd-1726  [000] d..3.    86.961585: funcgraph_entry:        0.200 us   |                        __rcu_read_lock(); (ret=0x0)
           cifsd-1726  [000] d..3.    86.961585: funcgraph_entry:        0.210 us   |                        notifier_call_chain(); (ret=0x0)
           cifsd-1726  [000] d..3.    86.961586: funcgraph_entry:        0.210 us   |                        __rcu_read_unlock(); (ret=0x0)
           cifsd-1726  [000] d..3.    86.961587: funcgraph_exit:         1.550 us   |                      } (ret=0x0)
           cifsd-1726  [000] d..3.    86.961587: funcgraph_entry:                   |                      atomic_notifier_call_chain() {
           cifsd-1726  [000] d..3.    86.961587: funcgraph_entry:        0.200 us   |                        __rcu_read_lock(); (ret=0x0)
           cifsd-1726  [000] d..3.    86.961588: funcgraph_entry:        0.210 us   |                        notifier_call_chain(); (ret=0x0)
           cifsd-1726  [000] d..3.    86.961588: funcgraph_entry:        0.220 us   |                        __rcu_read_unlock(); (ret=0x0)
           cifsd-1726  [000] d..3.    86.961589: funcgraph_exit:         1.640 us   |                      } (ret=0x0)
           cifsd-1726  [000] d..3.    86.961589: funcgraph_entry:                   |                      atomic_notifier_call_chain() {
           cifsd-1726  [000] d..3.    86.961589: funcgraph_entry:        0.200 us   |                        __rcu_read_lock(); (ret=0x0)
           cifsd-1726  [000] d..3.    86.961589: funcgraph_entry:        0.220 us   |                        notifier_call_chain(); (ret=0x0)
           cifsd-1726  [000] d..3.    86.961590: funcgraph_entry:        0.220 us   |                        __rcu_read_unlock(); (ret=0x0)
           cifsd-1726  [000] d..3.    86.961590: funcgraph_exit:         1.570 us   |                      } (ret=0x0)
           cifsd-1726  [000] d..3.    86.961591: funcgraph_entry:                   |                      atomic_notifier_call_chain() {
           cifsd-1726  [000] d..3.    86.961591: funcgraph_entry:        0.200 us   |                        __rcu_read_lock(); (ret=0x0)
           cifsd-1726  [000] d..3.    86.961591: funcgraph_entry:        0.210 us   |                        notifier_call_chain(); (ret=0x0)
           cifsd-1726  [000] d..3.    86.961592: funcgraph_entry:        0.210 us   |                        __rcu_read_unlock(); (ret=0x0)
           cifsd-1726  [000] d..3.    86.961592: funcgraph_exit:         1.560 us   |                      } (ret=0x0)
           cifsd-1726  [000] d..3.    86.961592: funcgraph_entry:                   |                      atomic_notifier_call_chain() {
           cifsd-1726  [000] d..3.    86.961593: funcgraph_entry:        0.200 us   |                        __rcu_read_lock(); (ret=0x0)
           cifsd-1726  [000] d..3.    86.961593: funcgraph_entry:        0.210 us   |                        notifier_call_chain(); (ret=0x0)
           cifsd-1726  [000] d..3.    86.961594: funcgraph_entry:        0.210 us   |                        __rcu_read_unlock(); (ret=0x0)
           cifsd-1726  [000] d..3.    86.961594: funcgraph_exit:         1.560 us   |                      } (ret=0x0)
           cifsd-1726  [000] d..3.    86.961594: funcgraph_entry:                   |                      atomic_notifier_call_chain() {
           cifsd-1726  [000] d..3.    86.961594: funcgraph_entry:        0.200 us   |                        __rcu_read_lock(); (ret=0x0)
           cifsd-1726  [000] d..3.    86.961595: funcgraph_entry:        0.220 us   |                        notifier_call_chain(); (ret=0x0)
           cifsd-1726  [000] d..3.    86.961595: funcgraph_entry:        0.210 us   |                        __rcu_read_unlock(); (ret=0x0)
           cifsd-1726  [000] d..3.    86.961596: funcgraph_exit:         1.560 us   |                      } (ret=0x0)
           cifsd-1726  [000] d..3.    86.961596: funcgraph_entry:                   |                      atomic_notifier_call_chain() {
           cifsd-1726  [000] d..3.    86.961596: funcgraph_entry:        0.200 us   |                        __rcu_read_lock(); (ret=0x0)
           cifsd-1726  [000] d..3.    86.961597: funcgraph_entry:        0.210 us   |                        notifier_call_chain(); (ret=0x0)
           cifsd-1726  [000] d..3.    86.961597: funcgraph_entry:        0.220 us   |                        __rcu_read_unlock(); (ret=0x0)
           cifsd-1726  [000] d..3.    86.961598: funcgraph_exit:         1.570 us   |                      } (ret=0x0)
           cifsd-1726  [000] d..3.    86.961598: funcgraph_entry:                   |                      atomic_notifier_call_chain() {
           cifsd-1726  [000] d..3.    86.961598: funcgraph_entry:        0.200 us   |                        __rcu_read_lock(); (ret=0x0)
           cifsd-1726  [000] d..3.    86.961598: funcgraph_entry:        0.210 us   |                        notifier_call_chain(); (ret=0x0)
           cifsd-1726  [000] d..3.    86.961599: funcgraph_entry:        0.210 us   |                        __rcu_read_unlock(); (ret=0x0)
           cifsd-1726  [000] d..3.    86.961599: funcgraph_exit:         1.570 us   |                      } (ret=0x0)
           cifsd-1726  [000] d..3.    86.961600: funcgraph_entry:                   |                      atomic_notifier_call_chain() {
           cifsd-1726  [000] d..3.    86.961600: funcgraph_entry:        0.210 us   |                        __rcu_read_lock(); (ret=0x0)
           cifsd-1726  [000] d..3.    86.961600: funcgraph_entry:        0.210 us   |                        notifier_call_chain(); (ret=0x0)
           cifsd-1726  [000] d..3.    86.961601: funcgraph_entry:        0.210 us   |                        __rcu_read_unlock(); (ret=0x0)
           cifsd-1726  [000] d..3.    86.961601: funcgraph_exit:         1.560 us   |                      } (ret=0x0)
           cifsd-1726  [000] d..3.    86.961601: funcgraph_entry:                   |                      atomic_notifier_call_chain() {
           cifsd-1726  [000] d..3.    86.961602: funcgraph_entry:        0.200 us   |                        __rcu_read_lock(); (ret=0x0)
           cifsd-1726  [000] d..3.    86.961602: funcgraph_entry:        0.220 us   |                        notifier_call_chain(); (ret=0x0)
           cifsd-1726  [000] d..3.    86.961603: funcgraph_entry:        0.210 us   |                        __rcu_read_unlock(); (ret=0x0)
           cifsd-1726  [000] d..3.    86.961603: funcgraph_exit:         1.560 us   |                      } (ret=0x0)
           cifsd-1726  [000] d..3.    86.961603: funcgraph_entry:                   |                      atomic_notifier_call_chain() {
           cifsd-1726  [000] d..3.    86.961603: funcgraph_entry:        0.200 us   |                        __rcu_read_lock(); (ret=0x0)
           cifsd-1726  [000] d..3.    86.961604: funcgraph_entry:        0.210 us   |                        notifier_call_chain(); (ret=0x0)
           cifsd-1726  [000] d..3.    86.961604: funcgraph_entry:        0.220 us   |                        __rcu_read_unlock(); (ret=0x0)
           cifsd-1726  [000] d..3.    86.961605: funcgraph_exit:         1.570 us   |                      } (ret=0x0)
           cifsd-1726  [000] d..3.    86.961605: funcgraph_entry:                   |                      atomic_notifier_call_chain() {
           cifsd-1726  [000] d..3.    86.961605: funcgraph_entry:        0.200 us   |                        __rcu_read_lock(); (ret=0x0)
           cifsd-1726  [000] d..3.    86.961606: funcgraph_entry:        0.210 us   |                        notifier_call_chain(); (ret=0x0)
           cifsd-1726  [000] d..3.    86.961606: funcgraph_entry:        0.210 us   |                        __rcu_read_unlock(); (ret=0x0)
           cifsd-1726  [000] d..3.    86.961607: funcgraph_exit:         1.570 us   |                      } (ret=0x0)
           cifsd-1726  [000] d..3.    86.961607: funcgraph_entry:                   |                      atomic_notifier_call_chain() {
           cifsd-1726  [000] d..3.    86.961607: funcgraph_entry:        0.210 us   |                        __rcu_read_lock(); (ret=0x0)
           cifsd-1726  [000] d..3.    86.961608: funcgraph_entry:        0.210 us   |                        notifier_call_chain(); (ret=0x0)
           cifsd-1726  [000] d..3.    86.961608: funcgraph_entry:        0.220 us   |                        __rcu_read_unlock(); (ret=0x0)
           cifsd-1726  [000] d..3.    86.961608: funcgraph_exit:         1.560 us   |                      } (ret=0x0)
           cifsd-1726  [000] d..3.    86.961609: funcgraph_entry:                   |                      atomic_notifier_call_chain() {
           cifsd-1726  [000] d..3.    86.961609: funcgraph_entry:        0.200 us   |                        __rcu_read_lock(); (ret=0x0)
           cifsd-1726  [000] d..3.    86.961609: funcgraph_entry:        0.210 us   |                        notifier_call_chain(); (ret=0x0)
           cifsd-1726  [000] d..3.    86.961610: funcgraph_entry:        0.390 us   |                        __rcu_read_unlock(); (ret=0x0)
           cifsd-1726  [000] d..3.    86.961610: funcgraph_exit:         1.740 us   |                      } (ret=0x0)
           cifsd-1726  [000] d..3.    86.961611: funcgraph_entry:                   |                      atomic_notifier_call_chain() {
           cifsd-1726  [000] d..3.    86.961611: funcgraph_entry:        0.200 us   |                        __rcu_read_lock(); (ret=0x0)
           cifsd-1726  [000] d..3.    86.961611: funcgraph_entry:        0.210 us   |                        notifier_call_chain(); (ret=0x0)
           cifsd-1726  [000] d..3.    86.961612: funcgraph_entry:        0.220 us   |                        __rcu_read_unlock(); (ret=0x0)
           cifsd-1726  [000] d..3.    86.961612: funcgraph_exit:         1.580 us   |                      } (ret=0x0)
           cifsd-1726  [000] d..3.    86.961612: funcgraph_entry:                   |                      atomic_notifier_call_chain() {
           cifsd-1726  [000] d..3.    86.961613: funcgraph_entry:        0.200 us   |                        __rcu_read_lock(); (ret=0x0)
           cifsd-1726  [000] d..3.    86.961613: funcgraph_entry:        0.210 us   |                        notifier_call_chain(); (ret=0x0)
           cifsd-1726  [000] d..3.    86.961614: funcgraph_entry:        0.210 us   |                        __rcu_read_unlock(); (ret=0x0)
           cifsd-1726  [000] d..3.    86.961614: funcgraph_exit:         1.570 us   |                      } (ret=0x0)
           cifsd-1726  [000] d..3.    86.961614: funcgraph_entry:                   |                      atomic_notifier_call_chain() {
           cifsd-1726  [000] d..3.    86.961615: funcgraph_entry:        0.200 us   |                        __rcu_read_lock(); (ret=0x0)
           cifsd-1726  [000] d..3.    86.961615: funcgraph_entry:        0.210 us   |                        notifier_call_chain(); (ret=0x0)
           cifsd-1726  [000] d..3.    86.961615: funcgraph_entry:        0.220 us   |                        __rcu_read_unlock(); (ret=0x0)
           cifsd-1726  [000] d..3.    86.961616: funcgraph_exit:         1.570 us   |                      } (ret=0x0)
           cifsd-1726  [000] d..3.    86.961616: funcgraph_entry:                   |                      atomic_notifier_call_chain() {
           cifsd-1726  [000] d..3.    86.961616: funcgraph_entry:        0.200 us   |                        __rcu_read_lock(); (ret=0x0)
           cifsd-1726  [000] d..3.    86.961617: funcgraph_entry:        0.210 us   |                        notifier_call_chain(); (ret=0x0)
           cifsd-1726  [000] d..3.    86.961617: funcgraph_entry:        0.220 us   |                        __rcu_read_unlock(); (ret=0x0)
           cifsd-1726  [000] d..3.    86.961618: funcgraph_exit:         1.570 us   |                      } (ret=0x0)
           cifsd-1726  [000] d..3.    86.961618: funcgraph_entry:                   |                      atomic_notifier_call_chain() {
           cifsd-1726  [000] d..3.    86.961618: funcgraph_entry:        0.210 us   |                        __rcu_read_lock(); (ret=0x0)
           cifsd-1726  [000] d..3.    86.961619: funcgraph_entry:        0.210 us   |                        notifier_call_chain(); (ret=0x0)
           cifsd-1726  [000] d..3.    86.961619: funcgraph_entry:        0.210 us   |                        __rcu_read_unlock(); (ret=0x0)
           cifsd-1726  [000] d..3.    86.961620: funcgraph_exit:         1.570 us   |                      } (ret=0x0)
           cifsd-1726  [000] d..3.    86.961620: funcgraph_entry:                   |                      atomic_notifier_call_chain() {
           cifsd-1726  [000] d..3.    86.961620: funcgraph_entry:        0.200 us   |                        __rcu_read_lock(); (ret=0x0)
           cifsd-1726  [000] d..3.    86.961620: funcgraph_entry:        0.210 us   |                        notifier_call_chain(); (ret=0x0)
           cifsd-1726  [000] d..3.    86.961621: funcgraph_entry:        0.220 us   |                        __rcu_read_unlock(); (ret=0x0)
           cifsd-1726  [000] d..3.    86.961621: funcgraph_exit:         1.570 us   |                      } (ret=0x0)
           cifsd-1726  [000] d..3.    86.961622: funcgraph_entry:                   |                      atomic_notifier_call_chain() {
           cifsd-1726  [000] d..3.    86.961622: funcgraph_entry:        0.200 us   |                        __rcu_read_lock(); (ret=0x0)
           cifsd-1726  [000] d..3.    86.961622: funcgraph_entry:        0.210 us   |                        notifier_call_chain(); (ret=0x0)
           cifsd-1726  [000] d..3.    86.961623: funcgraph_entry:        0.220 us   |                        __rcu_read_unlock(); (ret=0x0)
           cifsd-1726  [000] d..3.    86.961623: funcgraph_exit:         1.570 us   |                      } (ret=0x0)
           cifsd-1726  [000] d..3.    86.961623: funcgraph_entry:                   |                      atomic_notifier_call_chain() {
           cifsd-1726  [000] d..3.    86.961624: funcgraph_entry:        0.200 us   |                        __rcu_read_lock(); (ret=0x0)
           cifsd-1726  [000] d..3.    86.961624: funcgraph_entry:        0.210 us   |                        notifier_call_chain(); (ret=0x0)
           cifsd-1726  [000] d..3.    86.961624: funcgraph_entry:        0.210 us   |                        __rcu_read_unlock(); (ret=0x0)
           cifsd-1726  [000] d..3.    86.961625: funcgraph_exit:         1.570 us   |                      } (ret=0x0)
           cifsd-1726  [000] d..3.    86.961625: funcgraph_entry:                   |                      atomic_notifier_call_chain() {
           cifsd-1726  [000] d..3.    86.961625: funcgraph_entry:        0.200 us   |                        __rcu_read_lock(); (ret=0x0)
           cifsd-1726  [000] d..3.    86.961626: funcgraph_entry:        0.220 us   |                        notifier_call_chain(); (ret=0x0)
           cifsd-1726  [000] d..3.    86.961626: funcgraph_entry:        0.210 us   |                        __rcu_read_unlock(); (ret=0x0)
           cifsd-1726  [000] d..3.    86.961627: funcgraph_exit:         1.570 us   |                      } (ret=0x0)
           cifsd-1726  [000] d..3.    86.961627: funcgraph_entry:                   |                      atomic_notifier_call_chain() {
           cifsd-1726  [000] d..3.    86.961627: funcgraph_entry:        0.200 us   |                        __rcu_read_lock(); (ret=0x0)
           cifsd-1726  [000] d..3.    86.961628: funcgraph_entry:        0.220 us   |                        notifier_call_chain(); (ret=0x0)
           cifsd-1726  [000] d..3.    86.961628: funcgraph_entry:        0.210 us   |                        __rcu_read_unlock(); (ret=0x0)
           cifsd-1726  [000] d..3.    86.961629: funcgraph_exit:         1.570 us   |                      } (ret=0x0)
           cifsd-1726  [000] d..3.    86.961629: funcgraph_entry:                   |                      atomic_notifier_call_chain() {
           cifsd-1726  [000] d..3.    86.961629: funcgraph_entry:        0.200 us   |                        __rcu_read_lock(); (ret=0x0)
           cifsd-1726  [000] d..3.    86.961629: funcgraph_entry:        0.220 us   |                        notifier_call_chain(); (ret=0x0)
           cifsd-1726  [000] d..3.    86.961630: funcgraph_entry:        0.210 us   |                        __rcu_read_unlock(); (ret=0x0)
           cifsd-1726  [000] d..3.    86.961630: funcgraph_exit:         1.560 us   |                      } (ret=0x0)
           cifsd-1726  [000] d..3.    86.961631: funcgraph_entry:                   |                      atomic_notifier_call_chain() {
           cifsd-1726  [000] d..3.    86.961631: funcgraph_entry:        0.200 us   |                        __rcu_read_lock(); (ret=0x0)
           cifsd-1726  [000] d..3.    86.961631: funcgraph_entry:        0.210 us   |                        notifier_call_chain(); (ret=0x0)
           cifsd-1726  [000] d..3.    86.961632: funcgraph_entry:        0.210 us   |                        __rcu_read_unlock(); (ret=0x0)
           cifsd-1726  [000] d..3.    86.961632: funcgraph_exit:         1.560 us   |                      } (ret=0x0)
           cifsd-1726  [000] d..3.    86.961632: funcgraph_entry:                   |                      atomic_notifier_call_chain() {
           cifsd-1726  [000] d..3.    86.961633: funcgraph_entry:        0.210 us   |                        __rcu_read_lock(); (ret=0x0)
           cifsd-1726  [000] d..3.    86.961633: funcgraph_entry:        0.380 us   |                        notifier_call_chain(); (ret=0x0)
           cifsd-1726  [000] d..3.    86.961634: funcgraph_entry:        0.210 us   |                        __rcu_read_unlock(); (ret=0x0)
           cifsd-1726  [000] d..3.    86.961634: funcgraph_exit:         1.790 us   |                      } (ret=0x0)
           cifsd-1726  [000] d..3.    86.961634: funcgraph_entry:                   |                      atomic_notifier_call_chain() {
           cifsd-1726  [000] d..3.    86.961635: funcgraph_entry:        0.200 us   |                        __rcu_read_lock(); (ret=0x0)
           cifsd-1726  [000] d..3.    86.961635: funcgraph_entry:        0.220 us   |                        notifier_call_chain(); (ret=0x0)
           cifsd-1726  [000] d..3.    86.961636: funcgraph_entry:        0.210 us   |                        __rcu_read_unlock(); (ret=0x0)
           cifsd-1726  [000] d..3.    86.961636: funcgraph_exit:         1.570 us   |                      } (ret=0x0)
           cifsd-1726  [000] d..3.    86.961636: funcgraph_entry:                   |                      atomic_notifier_call_chain() {
           cifsd-1726  [000] d..3.    86.961636: funcgraph_entry:        0.200 us   |                        __rcu_read_lock(); (ret=0x0)
           cifsd-1726  [000] d..3.    86.961637: funcgraph_entry:        0.210 us   |                        notifier_call_chain(); (ret=0x0)
           cifsd-1726  [000] d..3.    86.961637: funcgraph_entry:        0.220 us   |                        __rcu_read_unlock(); (ret=0x0)
           cifsd-1726  [000] d..3.    86.961638: funcgraph_exit:         1.570 us   |                      } (ret=0x0)
           cifsd-1726  [000] d..3.    86.961638: funcgraph_entry:                   |                      atomic_notifier_call_chain() {
           cifsd-1726  [000] d..3.    86.961638: funcgraph_entry:        0.210 us   |                        __rcu_read_lock(); (ret=0x0)
           cifsd-1726  [000] d..3.    86.961639: funcgraph_entry:        0.210 us   |                        notifier_call_chain(); (ret=0x0)
           cifsd-1726  [000] d..3.    86.961639: funcgraph_entry:        0.210 us   |                        __rcu_read_unlock(); (ret=0x0)
           cifsd-1726  [000] d..3.    86.961640: funcgraph_exit:         1.560 us   |                      } (ret=0x0)
           cifsd-1726  [000] d..3.    86.961640: funcgraph_entry:                   |                      atomic_notifier_call_chain() {
           cifsd-1726  [000] d..3.    86.961640: funcgraph_entry:        0.200 us   |                        __rcu_read_lock(); (ret=0x0)
           cifsd-1726  [000] d..3.    86.961641: funcgraph_entry:        0.220 us   |                        notifier_call_chain(); (ret=0x0)
           cifsd-1726  [000] d..3.    86.961641: funcgraph_entry:        0.210 us   |                        __rcu_read_unlock(); (ret=0x0)
           cifsd-1726  [000] d..3.    86.961641: funcgraph_exit:         1.570 us   |                      } (ret=0x0)
           cifsd-1726  [000] d..3.    86.961642: funcgraph_entry:                   |                      atomic_notifier_call_chain() {
           cifsd-1726  [000] d..3.    86.961642: funcgraph_entry:        0.210 us   |                        __rcu_read_lock(); (ret=0x0)
           cifsd-1726  [000] d..3.    86.961642: funcgraph_entry:        0.210 us   |                        notifier_call_chain(); (ret=0x0)
           cifsd-1726  [000] d..3.    86.961643: funcgraph_entry:        0.210 us   |                        __rcu_read_unlock(); (ret=0x0)
           cifsd-1726  [000] d..3.    86.961643: funcgraph_exit:         1.570 us   |                      } (ret=0x0)
           cifsd-1726  [000] d..3.    86.961643: funcgraph_entry:                   |                      atomic_notifier_call_chain() {
           cifsd-1726  [000] d..3.    86.961644: funcgraph_entry:        0.200 us   |                        __rcu_read_lock(); (ret=0x0)
           cifsd-1726  [000] d..3.    86.961644: funcgraph_entry:        0.210 us   |                        notifier_call_chain(); (ret=0x0)
           cifsd-1726  [000] d..3.    86.961645: funcgraph_entry:        0.220 us   |                        __rcu_read_unlock(); (ret=0x0)
           cifsd-1726  [000] d..3.    86.961645: funcgraph_exit:         1.570 us   |                      } (ret=0x0)
           cifsd-1726  [000] d..3.    86.961645: funcgraph_entry:                   |                      atomic_notifier_call_chain() {
           cifsd-1726  [000] d..3.    86.961646: funcgraph_entry:        0.200 us   |                        __rcu_read_lock(); (ret=0x0)
           cifsd-1726  [000] d..3.    86.961646: funcgraph_entry:        0.210 us   |                        notifier_call_chain(); (ret=0x0)
           cifsd-1726  [000] d..3.    86.961646: funcgraph_entry:        0.220 us   |                        __rcu_read_unlock(); (ret=0x0)
           cifsd-1726  [000] d..3.    86.961647: funcgraph_exit:         1.570 us   |                      } (ret=0x0)
           cifsd-1726  [000] d..3.    86.961647: funcgraph_entry:                   |                      atomic_notifier_call_chain() {
           cifsd-1726  [000] d..3.    86.961647: funcgraph_entry:        0.200 us   |                        __rcu_read_lock(); (ret=0x0)
           cifsd-1726  [000] d..3.    86.961648: funcgraph_entry:        0.210 us   |                        notifier_call_chain(); (ret=0x0)
           cifsd-1726  [000] d..3.    86.961648: funcgraph_entry:        0.220 us   |                        __rcu_read_unlock(); (ret=0x0)
           cifsd-1726  [000] d..3.    86.961649: funcgraph_exit:         1.570 us   |                      } (ret=0x0)
           cifsd-1726  [000] d..3.    86.961649: funcgraph_entry:                   |                      atomic_notifier_call_chain() {
           cifsd-1726  [000] d..3.    86.961649: funcgraph_entry:        0.200 us   |                        __rcu_read_lock(); (ret=0x0)
           cifsd-1726  [000] d..3.    86.961650: funcgraph_entry:        0.210 us   |                        notifier_call_chain(); (ret=0x0)
           cifsd-1726  [000] d..3.    86.961650: funcgraph_entry:        0.220 us   |                        __rcu_read_unlock(); (ret=0x0)
           cifsd-1726  [000] d..3.    86.961650: funcgraph_exit:         1.570 us   |                      } (ret=0x0)
           cifsd-1726  [000] d..3.    86.961651: funcgraph_entry:                   |                      atomic_notifier_call_chain() {
           cifsd-1726  [000] d..3.    86.961651: funcgraph_entry:        0.200 us   |                        __rcu_read_lock(); (ret=0x0)
           cifsd-1726  [000] d..3.    86.961651: funcgraph_entry:        0.210 us   |                        notifier_call_chain(); (ret=0x0)
           cifsd-1726  [000] d..3.    86.961652: funcgraph_entry:        0.220 us   |                        __rcu_read_unlock(); (ret=0x0)
           cifsd-1726  [000] d..3.    86.961652: funcgraph_exit:         1.570 us   |                      } (ret=0x0)
           cifsd-1726  [000] d..3.    86.961653: funcgraph_entry:                   |                      atomic_notifier_call_chain() {
           cifsd-1726  [000] d..3.    86.961653: funcgraph_entry:        0.200 us   |                        __rcu_read_lock(); (ret=0x0)
           cifsd-1726  [000] d..3.    86.961653: funcgraph_entry:        0.210 us   |                        notifier_call_chain(); (ret=0x0)
           cifsd-1726  [000] d..3.    86.961654: funcgraph_entry:        0.210 us   |                        __rcu_read_unlock(); (ret=0x0)
           cifsd-1726  [000] d..3.    86.961654: funcgraph_exit:         1.570 us   |                      } (ret=0x0)
           cifsd-1726  [000] d..3.    86.961654: funcgraph_entry:                   |                      atomic_notifier_call_chain() {
           cifsd-1726  [000] d..3.    86.961655: funcgraph_entry:        0.200 us   |                        __rcu_read_lock(); (ret=0x0)
           cifsd-1726  [000] d..3.    86.961655: funcgraph_entry:        0.210 us   |                        notifier_call_chain(); (ret=0x0)
           cifsd-1726  [000] d..3.    86.961655: funcgraph_entry:        0.210 us   |                        __rcu_read_unlock(); (ret=0x0)
           cifsd-1726  [000] d..3.    86.961656: funcgraph_exit:         1.570 us   |                      } (ret=0x0)
           cifsd-1726  [000] d..3.    86.961656: funcgraph_entry:                   |                      atomic_notifier_call_chain() {
           cifsd-1726  [000] d..3.    86.961657: funcgraph_entry:        0.350 us   |                        __rcu_read_lock(); (ret=0x0)
           cifsd-1726  [000] d..3.    86.961657: funcgraph_entry:        0.220 us   |                        notifier_call_chain(); (ret=0x0)
           cifsd-1726  [000] d..3.    86.961657: funcgraph_entry:        0.210 us   |                        __rcu_read_unlock(); (ret=0x0)
           cifsd-1726  [000] d..3.    86.961658: funcgraph_exit:         1.710 us   |                      } (ret=0x0)
           cifsd-1726  [000] d..3.    86.961658: funcgraph_entry:                   |                      atomic_notifier_call_chain() {
           cifsd-1726  [000] d..3.    86.961658: funcgraph_entry:        0.210 us   |                        __rcu_read_lock(); (ret=0x0)
           cifsd-1726  [000] d..3.    86.961659: funcgraph_entry:        0.210 us   |                        notifier_call_chain(); (ret=0x0)
           cifsd-1726  [000] d..3.    86.961659: funcgraph_entry:        0.210 us   |                        __rcu_read_unlock(); (ret=0x0)
           cifsd-1726  [000] d..3.    86.961660: funcgraph_exit:         1.580 us   |                      } (ret=0x0)
           cifsd-1726  [000] d..3.    86.961660: funcgraph_entry:                   |                      atomic_notifier_call_chain() {
           cifsd-1726  [000] d..3.    86.961660: funcgraph_entry:        0.200 us   |                        __rcu_read_lock(); (ret=0x0)
           cifsd-1726  [000] d..3.    86.961661: funcgraph_entry:        0.220 us   |                        notifier_call_chain(); (ret=0x0)
           cifsd-1726  [000] d..3.    86.961661: funcgraph_entry:        0.210 us   |                        __rcu_read_unlock(); (ret=0x0)
           cifsd-1726  [000] d..3.    86.961662: funcgraph_exit:         1.570 us   |                      } (ret=0x0)
           cifsd-1726  [000] d..3.    86.961662: funcgraph_entry:                   |                      atomic_notifier_call_chain() {
           cifsd-1726  [000] d..3.    86.961662: funcgraph_entry:        0.210 us   |                        __rcu_read_lock(); (ret=0x0)
           cifsd-1726  [000] d..3.    86.961662: funcgraph_entry:        0.210 us   |                        notifier_call_chain(); (ret=0x0)
           cifsd-1726  [000] d..3.    86.961663: funcgraph_entry:        0.210 us   |                        __rcu_read_unlock(); (ret=0x0)
           cifsd-1726  [000] d..3.    86.961663: funcgraph_exit:         1.570 us   |                      } (ret=0x0)
           cifsd-1726  [000] d..3.    86.961664: funcgraph_entry:                   |                      atomic_notifier_call_chain() {
           cifsd-1726  [000] d..3.    86.961664: funcgraph_entry:        0.200 us   |                        __rcu_read_lock(); (ret=0x0)
           cifsd-1726  [000] d..3.    86.961664: funcgraph_entry:        0.220 us   |                        notifier_call_chain(); (ret=0x0)
           cifsd-1726  [000] d..3.    86.961665: funcgraph_entry:        0.210 us   |                        __rcu_read_unlock(); (ret=0x0)
           cifsd-1726  [000] d..3.    86.961665: funcgraph_exit:         1.570 us   |                      } (ret=0x0)
           cifsd-1726  [000] d..3.    86.961665: funcgraph_entry:                   |                      atomic_notifier_call_chain() {
           cifsd-1726  [000] d..3.    86.961666: funcgraph_entry:        0.210 us   |                        __rcu_read_lock(); (ret=0x0)
           cifsd-1726  [000] d..3.    86.961666: funcgraph_entry:        0.210 us   |                        notifier_call_chain(); (ret=0x0)
           cifsd-1726  [000] d..3.    86.961667: funcgraph_entry:        0.220 us   |                        __rcu_read_unlock(); (ret=0x0)
           cifsd-1726  [000] d..3.    86.961667: funcgraph_exit:         1.570 us   |                      } (ret=0x0)
           cifsd-1726  [000] d..3.    86.961667: funcgraph_entry:                   |                      atomic_notifier_call_chain() {
           cifsd-1726  [000] d..3.    86.961667: funcgraph_entry:        0.200 us   |                        __rcu_read_lock(); (ret=0x0)
           cifsd-1726  [000] d..3.    86.961668: funcgraph_entry:        0.220 us   |                        notifier_call_chain(); (ret=0x0)
           cifsd-1726  [000] d..3.    86.961668: funcgraph_entry:        0.210 us   |                        __rcu_read_unlock(); (ret=0x0)
           cifsd-1726  [000] d..3.    86.961669: funcgraph_exit:         1.570 us   |                      } (ret=0x0)
           cifsd-1726  [000] d..3.    86.961669: funcgraph_entry:                   |                      atomic_notifier_call_chain() {
           cifsd-1726  [000] d..3.    86.961669: funcgraph_entry:        0.210 us   |                        __rcu_read_lock(); (ret=0x0)
           cifsd-1726  [000] d..3.    86.961670: funcgraph_entry:        0.210 us   |                        notifier_call_chain(); (ret=0x0)
           cifsd-1726  [000] d..3.    86.961670: funcgraph_entry:        0.220 us   |                        __rcu_read_unlock(); (ret=0x0)
           cifsd-1726  [000] d..3.    86.961671: funcgraph_exit:         1.570 us   |                      } (ret=0x0)
           cifsd-1726  [000] d..3.    86.961671: funcgraph_entry:                   |                      atomic_notifier_call_chain() {
           cifsd-1726  [000] d..3.    86.961671: funcgraph_entry:        0.200 us   |                        __rcu_read_lock(); (ret=0x0)
           cifsd-1726  [000] d..3.    86.961671: funcgraph_entry:        0.220 us   |                        notifier_call_chain(); (ret=0x0)
           cifsd-1726  [000] d..3.    86.961672: funcgraph_entry:        0.210 us   |                        __rcu_read_unlock(); (ret=0x0)
           cifsd-1726  [000] d..3.    86.961672: funcgraph_exit:         1.570 us   |                      } (ret=0x0)
           cifsd-1726  [000] d..3.    86.961673: funcgraph_entry:                   |                      atomic_notifier_call_chain() {
           cifsd-1726  [000] d..3.    86.961673: funcgraph_entry:        0.210 us   |                        __rcu_read_lock(); (ret=0x0)
           cifsd-1726  [000] d..3.    86.961673: funcgraph_entry:        0.210 us   |                        notifier_call_chain(); (ret=0x0)
           cifsd-1726  [000] d..3.    86.961674: funcgraph_entry:        0.220 us   |                        __rcu_read_unlock(); (ret=0x0)
           cifsd-1726  [000] d..3.    86.961674: funcgraph_exit:         1.570 us   |                      } (ret=0x0)
           cifsd-1726  [000] d..3.    86.961674: funcgraph_entry:                   |                      atomic_notifier_call_chain() {
           cifsd-1726  [000] d..3.    86.961675: funcgraph_entry:        0.200 us   |                        __rcu_read_lock(); (ret=0x0)
           cifsd-1726  [000] d..3.    86.961675: funcgraph_entry:        0.220 us   |                        notifier_call_chain(); (ret=0x0)
           cifsd-1726  [000] d..3.    86.961676: funcgraph_entry:        0.210 us   |                        __rcu_read_unlock(); (ret=0x0)
           cifsd-1726  [000] d..3.    86.961676: funcgraph_exit:         1.570 us   |                      } (ret=0x0)
           cifsd-1726  [000] d..3.    86.961676: funcgraph_entry:                   |                      atomic_notifier_call_chain() {
           cifsd-1726  [000] d..3.    86.961676: funcgraph_entry:        0.200 us   |                        __rcu_read_lock(); (ret=0x0)
           cifsd-1726  [000] d..3.    86.961677: funcgraph_entry:        0.210 us   |                        notifier_call_chain(); (ret=0x0)
           cifsd-1726  [000] d..3.    86.961677: funcgraph_entry:        0.210 us   |                        __rcu_read_unlock(); (ret=0x0)
           cifsd-1726  [000] d..3.    86.961678: funcgraph_exit:         1.560 us   |                      } (ret=0x0)
           cifsd-1726  [000] d..3.    86.961678: funcgraph_entry:                   |                      atomic_notifier_call_chain() {
           cifsd-1726  [000] d..3.    86.961678: funcgraph_entry:        0.200 us   |                        __rcu_read_lock(); (ret=0x0)
           cifsd-1726  [000] d..3.    86.961679: funcgraph_entry:        0.210 us   |                        notifier_call_chain(); (ret=0x0)
           cifsd-1726  [000] d..3.    86.961679: funcgraph_entry:        0.210 us   |                        __rcu_read_unlock(); (ret=0x0)
           cifsd-1726  [000] d..3.    86.961680: funcgraph_exit:         1.560 us   |                      } (ret=0x0)
           cifsd-1726  [000] d..3.    86.961680: funcgraph_entry:                   |                      atomic_notifier_call_chain() {
           cifsd-1726  [000] d..3.    86.961680: funcgraph_entry:        0.210 us   |                        __rcu_read_lock(); (ret=0x0)
           cifsd-1726  [000] d..3.    86.961681: funcgraph_entry:        0.210 us   |                        notifier_call_chain(); (ret=0x0)
           cifsd-1726  [000] d..3.    86.961681: funcgraph_entry:        0.210 us   |                        __rcu_read_unlock(); (ret=0x0)
           cifsd-1726  [000] d..3.    86.961682: funcgraph_exit:         1.600 us   |                      } (ret=0x0)
           cifsd-1726  [000] d..3.    86.961682: funcgraph_entry:                   |                      atomic_notifier_call_chain() {
           cifsd-1726  [000] d..3.    86.961682: funcgraph_entry:        0.200 us   |                        __rcu_read_lock(); (ret=0x0)
           cifsd-1726  [000] d..3.    86.961683: funcgraph_entry:        0.210 us   |                        notifier_call_chain(); (ret=0x0)
           cifsd-1726  [000] d..3.    86.961683: funcgraph_entry:        0.210 us   |                        __rcu_read_unlock(); (ret=0x0)
           cifsd-1726  [000] d..3.    86.961683: funcgraph_exit:         1.560 us   |                      } (ret=0x0)
           cifsd-1726  [000] d..3.    86.961684: funcgraph_entry:                   |                      atomic_notifier_call_chain() {
           cifsd-1726  [000] d..3.    86.961684: funcgraph_entry:        0.210 us   |                        __rcu_read_lock(); (ret=0x0)
           cifsd-1726  [000] d..3.    86.961684: funcgraph_entry:        0.210 us   |                        notifier_call_chain(); (ret=0x0)
           cifsd-1726  [000] d..3.    86.961685: funcgraph_entry:        0.210 us   |                        __rcu_read_unlock(); (ret=0x0)
           cifsd-1726  [000] d..3.    86.961685: funcgraph_exit:         1.560 us   |                      } (ret=0x0)
           cifsd-1726  [000] d..3.    86.961686: funcgraph_entry:                   |                      atomic_notifier_call_chain() {
           cifsd-1726  [000] d..3.    86.961686: funcgraph_entry:        0.200 us   |                        __rcu_read_lock(); (ret=0x0)
           cifsd-1726  [000] d..3.    86.961686: funcgraph_entry:        0.210 us   |                        notifier_call_chain(); (ret=0x0)
           cifsd-1726  [000] d..3.    86.961687: funcgraph_entry:        0.210 us   |                        __rcu_read_unlock(); (ret=0x0)
           cifsd-1726  [000] d..3.    86.961687: funcgraph_exit:         1.550 us   |                      } (ret=0x0)
           cifsd-1726  [000] d..3.    86.961687: funcgraph_entry:                   |                      atomic_notifier_call_chain() {
           cifsd-1726  [000] d..3.    86.961688: funcgraph_entry:        0.200 us   |                        __rcu_read_lock(); (ret=0x0)
           cifsd-1726  [000] d..3.    86.961688: funcgraph_entry:        0.210 us   |                        notifier_call_chain(); (ret=0x0)
           cifsd-1726  [000] d..3.    86.961688: funcgraph_entry:        0.210 us   |                        __rcu_read_unlock(); (ret=0x0)
           cifsd-1726  [000] d..3.    86.961689: funcgraph_exit:         1.550 us   |                      } (ret=0x0)
           cifsd-1726  [000] d..3.    86.961689: funcgraph_entry:                   |                      atomic_notifier_call_chain() {
           cifsd-1726  [000] d..3.    86.961689: funcgraph_entry:        0.200 us   |                        __rcu_read_lock(); (ret=0x0)
           cifsd-1726  [000] d..3.    86.961690: funcgraph_entry:        0.210 us   |                        notifier_call_chain(); (ret=0x0)
           cifsd-1726  [000] d..3.    86.961690: funcgraph_entry:        0.210 us   |                        __rcu_read_unlock(); (ret=0x0)
           cifsd-1726  [000] d..3.    86.961691: funcgraph_exit:         1.560 us   |                      } (ret=0x0)
           cifsd-1726  [000] d..3.    86.961691: funcgraph_entry:                   |                      atomic_notifier_call_chain() {
           cifsd-1726  [000] d..3.    86.961691: funcgraph_entry:        0.200 us   |                        __rcu_read_lock(); (ret=0x0)
           cifsd-1726  [000] d..3.    86.961692: funcgraph_entry:        0.220 us   |                        notifier_call_chain(); (ret=0x0)
           cifsd-1726  [000] d..3.    86.961692: funcgraph_entry:        0.210 us   |                        __rcu_read_unlock(); (ret=0x0)
           cifsd-1726  [000] d..3.    86.961693: funcgraph_exit:         1.560 us   |                      } (ret=0x0)
           cifsd-1726  [000] d..3.    86.961693: funcgraph_entry:                   |                      atomic_notifier_call_chain() {
           cifsd-1726  [000] d..3.    86.961693: funcgraph_entry:        0.200 us   |                        __rcu_read_lock(); (ret=0x0)
           cifsd-1726  [000] d..3.    86.961693: funcgraph_entry:        0.210 us   |                        notifier_call_chain(); (ret=0x0)
           cifsd-1726  [000] d..3.    86.961694: funcgraph_entry:        0.210 us   |                        __rcu_read_unlock(); (ret=0x0)
           cifsd-1726  [000] d..3.    86.961694: funcgraph_exit:         1.560 us   |                      } (ret=0x0)
           cifsd-1726  [000] d..3.    86.961695: funcgraph_entry:                   |                      atomic_notifier_call_chain() {
           cifsd-1726  [000] d..3.    86.961695: funcgraph_entry:        0.200 us   |                        __rcu_read_lock(); (ret=0x0)
           cifsd-1726  [000] d..3.    86.961695: funcgraph_entry:        0.210 us   |                        notifier_call_chain(); (ret=0x0)
           cifsd-1726  [000] d..3.    86.961696: funcgraph_entry:        0.210 us   |                        __rcu_read_unlock(); (ret=0x0)
           cifsd-1726  [000] d..3.    86.961696: funcgraph_exit:         1.560 us   |                      } (ret=0x0)
           cifsd-1726  [000] d..3.    86.961696: funcgraph_entry:                   |                      atomic_notifier_call_chain() {
           cifsd-1726  [000] d..3.    86.961697: funcgraph_entry:        0.200 us   |                        __rcu_read_lock(); (ret=0x0)
           cifsd-1726  [000] d..3.    86.961697: funcgraph_entry:        0.220 us   |                        notifier_call_chain(); (ret=0x0)
           cifsd-1726  [000] d..3.    86.961697: funcgraph_entry:        0.210 us   |                        __rcu_read_unlock(); (ret=0x0)
           cifsd-1726  [000] d..3.    86.961698: funcgraph_exit:         1.560 us   |                      } (ret=0x0)
           cifsd-1726  [000] d..3.    86.961698: funcgraph_entry:                   |                      atomic_notifier_call_chain() {
           cifsd-1726  [000] d..3.    86.961698: funcgraph_entry:        0.210 us   |                        __rcu_read_lock(); (ret=0x0)
           cifsd-1726  [000] d..3.    86.961699: funcgraph_entry:        0.210 us   |                        notifier_call_chain(); (ret=0x0)
           cifsd-1726  [000] d..3.    86.961699: funcgraph_entry:        0.210 us   |                        __rcu_read_unlock(); (ret=0x0)
           cifsd-1726  [000] d..3.    86.961700: funcgraph_exit:         1.560 us   |                      } (ret=0x0)
           cifsd-1726  [000] d..3.    86.961700: funcgraph_entry:                   |                      atomic_notifier_call_chain() {
           cifsd-1726  [000] d..3.    86.961700: funcgraph_entry:        0.200 us   |                        __rcu_read_lock(); (ret=0x0)
           cifsd-1726  [000] d..3.    86.961701: funcgraph_entry:        0.210 us   |                        notifier_call_chain(); (ret=0x0)
           cifsd-1726  [000] d..3.    86.961701: funcgraph_entry:        0.210 us   |                        __rcu_read_unlock(); (ret=0x0)
           cifsd-1726  [000] d..3.    86.961702: funcgraph_exit:         1.560 us   |                      } (ret=0x0)
           cifsd-1726  [000] d..3.    86.961702: funcgraph_entry:                   |                      atomic_notifier_call_chain() {
           cifsd-1726  [000] d..3.    86.961702: funcgraph_entry:        0.200 us   |                        __rcu_read_lock(); (ret=0x0)
           cifsd-1726  [000] d..3.    86.961702: funcgraph_entry:        0.210 us   |                        notifier_call_chain(); (ret=0x0)
           cifsd-1726  [000] d..3.    86.961703: funcgraph_entry:        0.520 us   |                        __rcu_read_unlock(); (ret=0x0)
           cifsd-1726  [000] d..3.    86.961704: funcgraph_exit:         1.860 us   |                      } (ret=0x0)
           cifsd-1726  [000] d..3.    86.961704: funcgraph_entry:                   |                      atomic_notifier_call_chain() {
           cifsd-1726  [000] d..3.    86.961704: funcgraph_entry:        0.200 us   |                        __rcu_read_lock(); (ret=0x0)
           cifsd-1726  [000] d..3.    86.961705: funcgraph_entry:        0.210 us   |                        notifier_call_chain(); (ret=0x0)
           cifsd-1726  [000] d..3.    86.961705: funcgraph_entry:        0.210 us   |                        __rcu_read_unlock(); (ret=0x0)
           cifsd-1726  [000] d..3.    86.961705: funcgraph_exit:         1.560 us   |                      } (ret=0x0)
           cifsd-1726  [000] d..3.    86.961706: funcgraph_entry:                   |                      atomic_notifier_call_chain() {
           cifsd-1726  [000] d..3.    86.961706: funcgraph_entry:        0.200 us   |                        __rcu_read_lock(); (ret=0x0)
           cifsd-1726  [000] d..3.    86.961706: funcgraph_entry:        0.210 us   |                        notifier_call_chain(); (ret=0x0)
           cifsd-1726  [000] d..3.    86.961707: funcgraph_entry:        0.210 us   |                        __rcu_read_unlock(); (ret=0x0)
           cifsd-1726  [000] d..3.    86.961707: funcgraph_exit:         1.570 us   |                      } (ret=0x0)
           cifsd-1726  [000] d..3.    86.961707: funcgraph_entry:                   |                      atomic_notifier_call_chain() {
           cifsd-1726  [000] d..3.    86.961708: funcgraph_entry:        0.210 us   |                        __rcu_read_lock(); (ret=0x0)
           cifsd-1726  [000] d..3.    86.961708: funcgraph_entry:        0.220 us   |                        notifier_call_chain(); (ret=0x0)
           cifsd-1726  [000] d..3.    86.961709: funcgraph_entry:        0.210 us   |                        __rcu_read_unlock(); (ret=0x0)
           cifsd-1726  [000] d..3.    86.961709: funcgraph_exit:         1.560 us   |                      } (ret=0x0)
           cifsd-1726  [000] d..3.    86.961709: funcgraph_entry:                   |                      atomic_notifier_call_chain() {
           cifsd-1726  [000] d..3.    86.961710: funcgraph_entry:        0.200 us   |                        __rcu_read_lock(); (ret=0x0)
           cifsd-1726  [000] d..3.    86.961710: funcgraph_entry:        0.210 us   |                        notifier_call_chain(); (ret=0x0)
           cifsd-1726  [000] d..3.    86.961710: funcgraph_entry:        0.210 us   |                        __rcu_read_unlock(); (ret=0x0)
           cifsd-1726  [000] d..3.    86.961711: funcgraph_exit:         1.560 us   |                      } (ret=0x0)
           cifsd-1726  [000] d..3.    86.961711: funcgraph_entry:                   |                      atomic_notifier_call_chain() {
           cifsd-1726  [000] d..3.    86.961711: funcgraph_entry:        0.200 us   |                        __rcu_read_lock(); (ret=0x0)
           cifsd-1726  [000] d..3.    86.961712: funcgraph_entry:        0.210 us   |                        notifier_call_chain(); (ret=0x0)
           cifsd-1726  [000] d..3.    86.961712: funcgraph_entry:        0.220 us   |                        __rcu_read_unlock(); (ret=0x0)
           cifsd-1726  [000] d..3.    86.961713: funcgraph_exit:         1.560 us   |                      } (ret=0x0)
           cifsd-1726  [000] d..3.    86.961713: funcgraph_entry:                   |                      atomic_notifier_call_chain() {
           cifsd-1726  [000] d..3.    86.961713: funcgraph_entry:        0.210 us   |                        __rcu_read_lock(); (ret=0x0)
           cifsd-1726  [000] d..3.    86.961714: funcgraph_entry:        0.210 us   |                        notifier_call_chain(); (ret=0x0)
           cifsd-1726  [000] d..3.    86.961714: funcgraph_entry:        0.210 us   |                        __rcu_read_unlock(); (ret=0x0)
           cifsd-1726  [000] d..3.    86.961714: funcgraph_exit:         1.560 us   |                      } (ret=0x0)
           cifsd-1726  [000] d..3.    86.961715: funcgraph_entry:                   |                      atomic_notifier_call_chain() {
           cifsd-1726  [000] d..3.    86.961715: funcgraph_entry:        0.200 us   |                        __rcu_read_lock(); (ret=0x0)
           cifsd-1726  [000] d..3.    86.961715: funcgraph_entry:        0.210 us   |                        notifier_call_chain(); (ret=0x0)
           cifsd-1726  [000] d..3.    86.961716: funcgraph_entry:        0.210 us   |                        __rcu_read_unlock(); (ret=0x0)
           cifsd-1726  [000] d..3.    86.961716: funcgraph_exit:         1.560 us   |                      } (ret=0x0)
           cifsd-1726  [000] d..3.    86.961717: funcgraph_entry:                   |                      atomic_notifier_call_chain() {
           cifsd-1726  [000] d..3.    86.961717: funcgraph_entry:        0.200 us   |                        __rcu_read_lock(); (ret=0x0)
           cifsd-1726  [000] d..3.    86.961717: funcgraph_entry:        0.220 us   |                        notifier_call_chain(); (ret=0x0)
           cifsd-1726  [000] d..3.    86.961718: funcgraph_entry:        0.220 us   |                        __rcu_read_unlock(); (ret=0x0)
           cifsd-1726  [000] d..3.    86.961718: funcgraph_exit:         1.560 us   |                      } (ret=0x0)
           cifsd-1726  [000] d..3.    86.961718: funcgraph_entry:                   |                      atomic_notifier_call_chain() {
           cifsd-1726  [000] d..3.    86.961719: funcgraph_entry:        0.200 us   |                        __rcu_read_lock(); (ret=0x0)
           cifsd-1726  [000] d..3.    86.961719: funcgraph_entry:        0.210 us   |                        notifier_call_chain(); (ret=0x0)
           cifsd-1726  [000] d..3.    86.961719: funcgraph_entry:        0.210 us   |                        __rcu_read_unlock(); (ret=0x0)
           cifsd-1726  [000] d..3.    86.961720: funcgraph_exit:         1.560 us   |                      } (ret=0x0)
           cifsd-1726  [000] d..3.    86.961720: funcgraph_entry:                   |                      atomic_notifier_call_chain() {
           cifsd-1726  [000] d..3.    86.961720: funcgraph_entry:        0.200 us   |                        __rcu_read_lock(); (ret=0x0)
           cifsd-1726  [000] d..3.    86.961721: funcgraph_entry:        0.210 us   |                        notifier_call_chain(); (ret=0x0)
           cifsd-1726  [000] d..3.    86.961721: funcgraph_entry:        0.210 us   |                        __rcu_read_unlock(); (ret=0x0)
           cifsd-1726  [000] d..3.    86.961722: funcgraph_exit:         1.560 us   |                      } (ret=0x0)
           cifsd-1726  [000] d..3.    86.961722: funcgraph_entry:                   |                      atomic_notifier_call_chain() {
           cifsd-1726  [000] d..3.    86.961722: funcgraph_entry:        0.200 us   |                        __rcu_read_lock(); (ret=0x0)
           cifsd-1726  [000] d..3.    86.961723: funcgraph_entry:        0.220 us   |                        notifier_call_chain(); (ret=0x0)
           cifsd-1726  [000] d..3.    86.961723: funcgraph_entry:        0.220 us   |                        __rcu_read_unlock(); (ret=0x0)
           cifsd-1726  [000] d..3.    86.961723: funcgraph_exit:         1.560 us   |                      } (ret=0x0)
           cifsd-1726  [000] d..3.    86.961724: funcgraph_entry:                   |                      atomic_notifier_call_chain() {
           cifsd-1726  [000] d..3.    86.961724: funcgraph_entry:        0.200 us   |                        __rcu_read_lock(); (ret=0x0)
           cifsd-1726  [000] d..3.    86.961724: funcgraph_entry:        0.210 us   |                        notifier_call_chain(); (ret=0x0)
           cifsd-1726  [000] d..3.    86.961725: funcgraph_entry:        0.210 us   |                        __rcu_read_unlock(); (ret=0x0)
           cifsd-1726  [000] d..3.    86.961725: funcgraph_exit:         1.560 us   |                      } (ret=0x0)
           cifsd-1726  [000] d..3.    86.961726: funcgraph_entry:                   |                      atomic_notifier_call_chain() {
           cifsd-1726  [000] d..3.    86.961726: funcgraph_entry:        0.200 us   |                        __rcu_read_lock(); (ret=0x0)
           cifsd-1726  [000] d..3.    86.961727: funcgraph_entry:        0.580 us   |                        notifier_call_chain(); (ret=0x0)
           cifsd-1726  [000] d..3.    86.961727: funcgraph_entry:        0.220 us   |                        __rcu_read_unlock(); (ret=0x0)
           cifsd-1726  [000] d..3.    86.961728: funcgraph_exit:         1.970 us   |                      } (ret=0x0)
           cifsd-1726  [000] d..3.    86.961728: funcgraph_entry:                   |                      atomic_notifier_call_chain() {
           cifsd-1726  [000] d..3.    86.961728: funcgraph_entry:        0.210 us   |                        __rcu_read_lock(); (ret=0x0)
           cifsd-1726  [000] d..3.    86.961728: funcgraph_entry:        0.210 us   |                        notifier_call_chain(); (ret=0x0)
           cifsd-1726  [000] d..3.    86.961729: funcgraph_entry:        0.210 us   |                        __rcu_read_unlock(); (ret=0x0)
           cifsd-1726  [000] d..3.    86.961729: funcgraph_exit:         1.560 us   |                      } (ret=0x0)
           cifsd-1726  [000] d..3.    86.961730: funcgraph_entry:                   |                      atomic_notifier_call_chain() {
           cifsd-1726  [000] d..3.    86.961730: funcgraph_entry:        0.210 us   |                        __rcu_read_lock(); (ret=0x0)
           cifsd-1726  [000] d..3.    86.961730: funcgraph_entry:        0.210 us   |                        notifier_call_chain(); (ret=0x0)
           cifsd-1726  [000] d..3.    86.961731: funcgraph_entry:        0.210 us   |                        __rcu_read_unlock(); (ret=0x0)
           cifsd-1726  [000] d..3.    86.961731: funcgraph_exit:         1.570 us   |                      } (ret=0x0)
           cifsd-1726  [000] d..3.    86.961731: funcgraph_entry:                   |                      atomic_notifier_call_chain() {
           cifsd-1726  [000] d..3.    86.961732: funcgraph_entry:        0.210 us   |                        __rcu_read_lock(); (ret=0x0)
           cifsd-1726  [000] d..3.    86.961732: funcgraph_entry:        0.210 us   |                        notifier_call_chain(); (ret=0x0)
           cifsd-1726  [000] d..3.    86.961732: funcgraph_entry:        0.210 us   |                        __rcu_read_unlock(); (ret=0x0)
           cifsd-1726  [000] d..3.    86.961733: funcgraph_exit:         1.570 us   |                      } (ret=0x0)
           cifsd-1726  [000] d..3.    86.961733: funcgraph_entry:                   |                      atomic_notifier_call_chain() {
           cifsd-1726  [000] d..3.    86.961733: funcgraph_entry:        0.200 us   |                        __rcu_read_lock(); (ret=0x0)
           cifsd-1726  [000] d..3.    86.961734: funcgraph_entry:        0.220 us   |                        notifier_call_chain(); (ret=0x0)
           cifsd-1726  [000] d..3.    86.961734: funcgraph_entry:        0.210 us   |                        __rcu_read_unlock(); (ret=0x0)
           cifsd-1726  [000] d..3.    86.961735: funcgraph_exit:         1.560 us   |                      } (ret=0x0)
           cifsd-1726  [000] d..3.    86.961735: funcgraph_entry:                   |                      atomic_notifier_call_chain() {
           cifsd-1726  [000] d..3.    86.961735: funcgraph_entry:        0.200 us   |                        __rcu_read_lock(); (ret=0x0)
           cifsd-1726  [000] d..3.    86.961736: funcgraph_entry:        0.220 us   |                        notifier_call_chain(); (ret=0x0)
           cifsd-1726  [000] d..3.    86.961736: funcgraph_entry:        0.210 us   |                        __rcu_read_unlock(); (ret=0x0)
           cifsd-1726  [000] d..3.    86.961737: funcgraph_exit:         1.560 us   |                      } (ret=0x0)
           cifsd-1726  [000] d..3.    86.961737: funcgraph_entry:                   |                      atomic_notifier_call_chain() {
           cifsd-1726  [000] d..3.    86.961737: funcgraph_entry:        0.210 us   |                        __rcu_read_lock(); (ret=0x0)
           cifsd-1726  [000] d..3.    86.961737: funcgraph_entry:        0.210 us   |                        notifier_call_chain(); (ret=0x0)
           cifsd-1726  [000] d..3.    86.961738: funcgraph_entry:        0.210 us   |                        __rcu_read_unlock(); (ret=0x0)
           cifsd-1726  [000] d..3.    86.961738: funcgraph_exit:         1.570 us   |                      } (ret=0x0)
           cifsd-1726  [000] d..3.    86.961739: funcgraph_entry:                   |                      atomic_notifier_call_chain() {
           cifsd-1726  [000] d..3.    86.961739: funcgraph_entry:        0.210 us   |                        __rcu_read_lock(); (ret=0x0)
           cifsd-1726  [000] d..3.    86.961739: funcgraph_entry:        0.210 us   |                        notifier_call_chain(); (ret=0x0)
           cifsd-1726  [000] d..3.    86.961740: funcgraph_entry:        0.210 us   |                        __rcu_read_unlock(); (ret=0x0)
           cifsd-1726  [000] d..3.    86.961740: funcgraph_exit:         1.570 us   |                      } (ret=0x0)
           cifsd-1726  [000] d..3.    86.961740: funcgraph_entry:                   |                      atomic_notifier_call_chain() {
           cifsd-1726  [000] d..3.    86.961741: funcgraph_entry:        0.210 us   |                        __rcu_read_lock(); (ret=0x0)
           cifsd-1726  [000] d..3.    86.961741: funcgraph_entry:        0.210 us   |                        notifier_call_chain(); (ret=0x0)
           cifsd-1726  [000] d..3.    86.961742: funcgraph_entry:        0.210 us   |                        __rcu_read_unlock(); (ret=0x0)
           cifsd-1726  [000] d..3.    86.961742: funcgraph_exit:         1.570 us   |                      } (ret=0x0)
           cifsd-1726  [000] d..3.    86.961742: funcgraph_entry:                   |                      atomic_notifier_call_chain() {
           cifsd-1726  [000] d..3.    86.961742: funcgraph_entry:        0.210 us   |                        __rcu_read_lock(); (ret=0x0)
           cifsd-1726  [000] d..3.    86.961743: funcgraph_entry:        0.210 us   |                        notifier_call_chain(); (ret=0x0)
           cifsd-1726  [000] d..3.    86.961743: funcgraph_entry:        0.210 us   |                        __rcu_read_unlock(); (ret=0x0)
           cifsd-1726  [000] d..3.    86.961744: funcgraph_exit:         1.570 us   |                      } (ret=0x0)
           cifsd-1726  [000] d..3.    86.961744: funcgraph_entry:                   |                      atomic_notifier_call_chain() {
           cifsd-1726  [000] d..3.    86.961744: funcgraph_entry:        0.210 us   |                        __rcu_read_lock(); (ret=0x0)
           cifsd-1726  [000] d..3.    86.961745: funcgraph_entry:        0.210 us   |                        notifier_call_chain(); (ret=0x0)
           cifsd-1726  [000] d..3.    86.961745: funcgraph_entry:        0.210 us   |                        __rcu_read_unlock(); (ret=0x0)
           cifsd-1726  [000] d..3.    86.961746: funcgraph_exit:         1.560 us   |                      } (ret=0x0)
           cifsd-1726  [000] d..3.    86.961746: funcgraph_entry:        0.220 us   |                      is_console_locked(); (ret=0x1)
           cifsd-1726  [000] d..3.    86.961746: funcgraph_entry:                   |                      fbcon_putcs() {
           cifsd-1726  [000] d..3.    86.961747: funcgraph_entry:        0.210 us   |                        is_console_locked(); (ret=0x1)
           cifsd-1726  [000] d..3.    86.961747: funcgraph_entry:        0.210 us   |                        panic_in_progress(); (ret=0xffffff00)
           cifsd-1726  [000] d..3.    86.961748: funcgraph_entry:                   |                        get_color() {
           cifsd-1726  [000] d..3.    86.961748: funcgraph_entry:        0.230 us   |                          fb_get_color_depth(); (ret=0x18)
           cifsd-1726  [000] d..3.    86.961748: funcgraph_exit:         0.700 us   |                        } (ret=0x0)
           cifsd-1726  [000] d..3.    86.961749: funcgraph_entry:                   |                        get_color() {
           cifsd-1726  [000] d..3.    86.961749: funcgraph_entry:        0.210 us   |                          fb_get_color_depth(); (ret=0x18)
           cifsd-1726  [000] d..3.    86.961749: funcgraph_exit:         0.670 us   |                        } (ret=0x7)
           cifsd-1726  [000] d..3.    86.961749: funcgraph_entry:                   |                        bit_putcs() {
           cifsd-1726  [000] d..3.    86.961750: funcgraph_entry:        0.210 us   |                          fb_get_color_depth(); (ret=0x18)
           cifsd-1726  [000] d..3.    86.961750: funcgraph_entry:        0.230 us   |                          fb_get_buffer_offset(); (ret=0xffff8c6fc74daf40)
           cifsd-1726  [000] d..3.    86.961754: funcgraph_entry:                   |                          drm_fbdev_shmem_defio_imageblit() {
           cifsd-1726  [000] d..3.    86.961755: funcgraph_entry:        2.870 us   |                            sys_imageblit(); (ret=0x0)
           cifsd-1726  [000] d..3.    86.961758: funcgraph_entry:                   |                            drm_fb_helper_damage_area() {
           cifsd-1726  [000] d..3.    86.961758: funcgraph_entry:                   |                              drm_fb_helper_damage.part.0() {
           cifsd-1726  [000] d..3.    86.961758: funcgraph_entry:        0.220 us   |                                _raw_spin_lock_irqsave(); (ret=0x82)
           cifsd-1726  [000] d..4.    86.961759: funcgraph_entry:        0.230 us   |                                _raw_spin_unlock_irqrestore(); (ret=0x0)
           cifsd-1726  [000] d..3.    86.961759: funcgraph_entry:        0.230 us   |                                queue_work_on(); (ret=0x0)
           cifsd-1726  [000] d..3.    86.961760: funcgraph_exit:         1.640 us   |                              } (ret=0x0)
           cifsd-1726  [000] d..3.    86.961760: funcgraph_exit:         2.130 us   |                            } (ret=0x0)
           cifsd-1726  [000] d..3.    86.961760: funcgraph_exit:         5.820 us   |                          } (ret=0x0)
           cifsd-1726  [000] d..3.    86.961761: funcgraph_exit:       + 11.040 us  |                        } (ret=0x0)
           cifsd-1726  [000] d..3.    86.961761: funcgraph_exit:       + 14.370 us  |                      } (ret=0x0)
           cifsd-1726  [000] d..3.    86.961761: funcgraph_entry:                   |                      lf() {
           cifsd-1726  [000] d..3.    86.961761: funcgraph_entry:                   |                        atomic_notifier_call_chain() {
           cifsd-1726  [000] d..3.    86.961761: funcgraph_entry:        0.200 us   |                          __rcu_read_lock(); (ret=0x0)
           cifsd-1726  [000] d..3.    86.961762: funcgraph_entry:        0.210 us   |                          notifier_call_chain(); (ret=0x0)
           cifsd-1726  [000] d..3.    86.961762: funcgraph_entry:        0.220 us   |                          __rcu_read_unlock(); (ret=0x0)
           cifsd-1726  [000] d..3.    86.961763: funcgraph_exit:         1.570 us   |                        } (ret=0x0)
           cifsd-1726  [000] d..3.    86.961763: funcgraph_exit:         2.060 us   |                      } (ret=0x0)
           cifsd-1726  [000] d..3.    86.961763: funcgraph_entry:                   |                      atomic_notifier_call_chain() {
           cifsd-1726  [000] d..3.    86.961764: funcgraph_entry:        0.200 us   |                        __rcu_read_lock(); (ret=0x0)
           cifsd-1726  [000] d..3.    86.961764: funcgraph_entry:        0.210 us   |                        notifier_call_chain(); (ret=0x0)
           cifsd-1726  [000] d..3.    86.961764: funcgraph_entry:        0.210 us   |                        __rcu_read_unlock(); (ret=0x0)
           cifsd-1726  [000] d..3.    86.961765: funcgraph_exit:         1.560 us   |                      } (ret=0x0)
           cifsd-1726  [000] d..3.    86.961765: funcgraph_entry:                   |                      set_cursor() {
           cifsd-1726  [000] d..3.    86.961765: funcgraph_entry:        0.210 us   |                        vc_is_sel(); (ret=0x0)
           cifsd-1726  [000] d..3.    86.961766: funcgraph_entry:        7.400 us   |                        add_softcursor(); (ret=0x0)
           cifsd-1726  [000] d..3.    86.961774: funcgraph_entry:                   |                        fbcon_cursor() {
           cifsd-1726  [000] d..3.    86.961774: funcgraph_entry:        0.210 us   |                          is_console_locked(); (ret=0x1)
           cifsd-1726  [000] d..3.    86.961774: funcgraph_entry:        0.220 us   |                          __msecs_to_jiffies(); (ret=0xc8)
           cifsd-1726  [000] d..3.    86.961775: funcgraph_entry:        0.220 us   |                          panic_in_progress(); (ret=0xffffff00)
           cifsd-1726  [000] d..3.    86.961775: funcgraph_entry:        0.230 us   |                          queue_delayed_work_on(); (ret=0x0)
           cifsd-1726  [000] d..3.    86.961776: funcgraph_entry:                   |                          get_color() {
           cifsd-1726  [000] d..3.    86.961776: funcgraph_entry:        0.210 us   |                            fb_get_color_depth(); (ret=0x18)
           cifsd-1726  [000] d..3.    86.961776: funcgraph_exit:         0.670 us   |                          } (ret=0x0)
           cifsd-1726  [000] d..3.    86.961777: funcgraph_entry:                   |                          get_color() {
           cifsd-1726  [000] d..3.    86.961777: funcgraph_entry:        0.200 us   |                            fb_get_color_depth(); (ret=0x18)
           cifsd-1726  [000] d..3.    86.961777: funcgraph_exit:         0.660 us   |                          } (ret=0x7)
           cifsd-1726  [000] d..3.    86.961778: funcgraph_entry:                   |                          bit_cursor() {
           cifsd-1726  [000] d..3.    86.961778: funcgraph_entry:        0.210 us   |                            fb_get_color_depth(); (ret=0x18)
           cifsd-1726  [000] d..3.    86.961778: funcgraph_entry:                   |                            soft_cursor() {
           cifsd-1726  [000] d..3.    86.961779: funcgraph_entry:        0.210 us   |                              fb_get_buffer_offset(); (ret=0xffff8c6fc74db560)
           cifsd-1726  [000] d..3.    86.961779: funcgraph_entry:        0.240 us   |                              fb_pad_aligned_buffer(); (ret=0x0)
           cifsd-1726  [000] d..3.    86.961780: funcgraph_entry:                   |                              drm_fbdev_shmem_defio_imageblit() {
           cifsd-1726  [000] d..3.    86.961780: funcgraph_entry:        0.280 us   |                                sys_imageblit(); (ret=0x0)
           cifsd-1726  [000] d..3.    86.961781: funcgraph_entry:                   |                                drm_fb_helper_damage_area() {
           cifsd-1726  [000] d..3.    86.961781: funcgraph_entry:                   |                                  drm_fb_helper_damage.part.0() {
           cifsd-1726  [000] d..3.    86.961781: funcgraph_entry:        0.210 us   |                                    _raw_spin_lock_irqsave(); (ret=0x82)
           cifsd-1726  [000] d..4.    86.961781: funcgraph_entry:        0.220 us   |                                    _raw_spin_unlock_irqrestore(); (ret=0x0)
           cifsd-1726  [000] d..3.    86.961782: funcgraph_entry:        0.220 us   |                                    queue_work_on(); (ret=0x0)
           cifsd-1726  [000] d..3.    86.961782: funcgraph_exit:         1.590 us   |                                  } (ret=0x0)
           cifsd-1726  [000] d..3.    86.961783: funcgraph_exit:         2.050 us   |                                } (ret=0x0)
           cifsd-1726  [000] d..3.    86.961783: funcgraph_exit:         3.120 us   |                              } (ret=0x0)
           cifsd-1726  [000] d..3.    86.961783: funcgraph_exit:         4.600 us   |                            } (ret=0x0)
           cifsd-1726  [000] d..3.    86.961783: funcgraph_exit:         5.640 us   |                          } (ret=0x0)
           cifsd-1726  [000] d..3.    86.961784: funcgraph_exit:         9.890 us   |                        } (ret=0x0)
           cifsd-1726  [000] d..3.    86.961784: funcgraph_exit:       + 18.620 us  |                      } (ret=0x0)
           cifsd-1726  [000] d..3.    86.961784: funcgraph_entry:                   |                      atomic_notifier_call_chain() {
           cifsd-1726  [000] d..3.    86.961784: funcgraph_entry:        0.210 us   |                        __rcu_read_lock(); (ret=0x0)
           cifsd-1726  [000] d..3.    86.961785: funcgraph_entry:        0.220 us   |                        notifier_call_chain(); (ret=0x0)
           cifsd-1726  [000] d..3.    86.961785: funcgraph_entry:        0.210 us   |                        __rcu_read_unlock(); (ret=0x0)
           cifsd-1726  [000] d..3.    86.961786: funcgraph_exit:         1.590 us   |                      } (ret=0x0)
           cifsd-1726  [000] d..3.    86.961786: funcgraph_entry:        0.230 us   |                      _raw_spin_unlock(); (ret=0x0)
           cifsd-1726  [000] d..2.    86.961786: funcgraph_exit:       ! 236.670 us |                    } (ret=0x0)
           cifsd-1726  [000] d..2.    86.961787: funcgraph_entry:                   |                    console_lock_spinning_disable_and_check() {
           cifsd-1726  [000] d..2.    86.961787: funcgraph_entry:        0.200 us   |                      panic_in_progress(); (ret=0xffffff00)
           cifsd-1726  [000] d..2.    86.961787: funcgraph_entry:        0.210 us   |                      _raw_spin_lock(); (ret=0x0)
           cifsd-1726  [000] d..3.    86.961788: funcgraph_entry:        0.780 us   |                      _raw_spin_unlock(); (ret=0x0)
           cifsd-1726  [000] d..2.    86.961789: funcgraph_exit:         2.180 us   |                    } (ret=0x0)
           cifsd-1726  [000] d..2.    86.961789: funcgraph_entry:        0.230 us   |                    __printk_safe_exit(); (ret=0x0)
           cifsd-1726  [000] d..2.    86.961791: funcgraph_entry:        0.290 us   |                    irq_enter_rcu(); (ret=0x0)
           cifsd-1726  [000] d.h2.    86.961792: funcgraph_entry:                   |                    __sysvec_call_function_single() {
           cifsd-1726  [000] d.h2.    86.961792: funcgraph_entry:                   |                      generic_smp_call_function_single_interrupt() {
           cifsd-1726  [000] d.h2.    86.961792: funcgraph_entry:                   |                        __flush_smp_call_function_queue() {
           cifsd-1726  [000] d.h2.    86.961793: funcgraph_entry:                   |                          sched_ttwu_pending() {
           cifsd-1726  [000] d.h2.    86.961793: funcgraph_entry:                   |                            raw_spin_rq_lock_nested.constprop.0() {
           cifsd-1726  [000] d.h3.    86.961793: funcgraph_entry:        0.230 us   |                              _raw_spin_lock(); (ret=0x0)
           cifsd-1726  [000] d.h3.    86.961794: funcgraph_exit:         0.690 us   |                            } (ret=0x0)
           cifsd-1726  [000] d.h3.    86.961794: funcgraph_entry:                   |                            update_rq_clock() {
           cifsd-1726  [000] d.h3.    86.961794: funcgraph_entry:        0.210 us   |                              arch_scale_cpu_capacity(); (ret=0x400)
           cifsd-1726  [000] d.h3.    86.961795: funcgraph_exit:         0.740 us   |                            } (ret=0x0)
           cifsd-1726  [000] d.h3.    86.961795: funcgraph_entry:                   |                            ttwu_do_activate() {
           cifsd-1726  [000] d.h3.    86.961795: funcgraph_entry:                   |                              enqueue_task() {
           cifsd-1726  [000] d.h3.    86.961796: funcgraph_entry:                   |                                enqueue_task_fair() {
           cifsd-1726  [000] d.h3.    86.961796: funcgraph_entry:                   |                                  update_curr() {
           cifsd-1726  [000] d.h3.    86.961796: funcgraph_entry:                   |                                    update_se() {
           cifsd-1726  [000] d.h3.    86.961796: funcgraph_entry:        0.250 us   |                                      cpuacct_charge(); (ret=0x0)
           cifsd-1726  [000] d.h3.    86.961797: funcgraph_exit:         0.770 us   |                                    } (ret=0x45c72)
           cifsd-1726  [000] d.h3.    86.961797: funcgraph_entry:                   |                                    dl_server_update() {
           cifsd-1726  [000] d.h3.    86.961797: funcgraph_entry:        0.240 us   |                                      update_curr_dl_se(); (ret=0x0)
           cifsd-1726  [000] d.h3.    86.961798: funcgraph_exit:         0.730 us   |                                    } (ret=0x0)
           cifsd-1726  [000] d.h3.    86.961798: funcgraph_exit:         2.270 us   |                                  } (ret=0x0)
           cifsd-1726  [000] d.h3.    86.961798: funcgraph_entry:                   |                                  update_curr() {
           cifsd-1726  [000] d.h3.    86.961799: funcgraph_entry:        0.220 us   |                                    update_se(); (ret=0x0)
           cifsd-1726  [000] d.h3.    86.961799: funcgraph_exit:         0.680 us   |                                  } (ret=0x0)
           cifsd-1726  [000] d.h3.    86.961799: funcgraph_entry:        0.260 us   |                                  __update_load_avg_se(); (ret=0x1)
           cifsd-1726  [000] d.h3.    86.961800: funcgraph_entry:        0.250 us   |                                  __update_load_avg_cfs_rq(); (ret=0x1)
           cifsd-1726  [000] d.h3.    86.961800: funcgraph_entry:        0.240 us   |                                  account_llc_enqueue(); (ret=0x0)
           cifsd-1726  [000] d.h3.    86.961801: funcgraph_entry:        0.240 us   |                                  reweight_eevdf(); (ret=0x0)
           cifsd-1726  [000] d.h3.    86.961801: funcgraph_entry:                   |                                  place_entity() {
           cifsd-1726  [000] d.h3.    86.961802: funcgraph_entry:        0.230 us   |                                    avg_vruntime(); (ret=0x2acadd6e6)
           cifsd-1726  [000] d.h3.    86.961802: funcgraph_exit:         0.720 us   |                                  } (ret=0x0)
           cifsd-1726  [000] d.h3.    86.961802: funcgraph_entry:        0.340 us   |                                  __enqueue_entity(); (ret=0x0)
           cifsd-1726  [000] d.h3.    86.961803: funcgraph_entry:        0.250 us   |                                  hrtimer_active(); (ret=0x1)
           cifsd-1726  [000] d.h3.    86.961804: funcgraph_exit:         8.000 us   |                                } (ret=0x0)
           cifsd-1726  [000] d.h3.    86.961804: funcgraph_entry:                   |                                psi_task_change() {
           cifsd-1726  [000] d.h3.    86.961804: funcgraph_entry:        0.220 us   |                                  psi_flags_change(); (ret=0x0)
           cifsd-1726  [000] d.h3.    86.961805: funcgraph_entry:                   |                                  psi_group_change() {
           cifsd-1726  [000] d.h3.    86.961805: funcgraph_entry:        0.220 us   |                                    record_times(); (ret=0x0)
           cifsd-1726  [000] d.h3.    86.961805: funcgraph_exit:         0.740 us   |                                  } (ret=0x0)
           cifsd-1726  [000] d.h3.    86.961806: funcgraph_exit:         1.790 us   |                                } (ret=0x0)
           cifsd-1726  [000] d.h3.    86.961806: funcgraph_exit:       + 10.570 us  |                              } (ret=0x0)
           cifsd-1726  [000] d.h3.    86.961806: funcgraph_entry:                   |                              wakeup_preempt() {
           cifsd-1726  [000] d.h3.    86.961806: funcgraph_entry:                   |                                wakeup_preempt_fair() {
           cifsd-1726  [000] d.h3.    86.961807: funcgraph_entry:                   |                                  update_curr() {
           cifsd-1726  [000] d.h3.    86.961807: funcgraph_entry:        0.210 us   |                                    update_se(); (ret=0x0)
           cifsd-1726  [000] d.h3.    86.961807: funcgraph_exit:         0.670 us   |                                  } (ret=0x0)
           cifsd-1726  [000] d.h3.    86.961808: funcgraph_entry:                   |                                  pick_eevdf() {
           cifsd-1726  [000] d.h3.    86.961808: funcgraph_entry:        0.230 us   |                                    vruntime_eligible(); (ret=0x0)
           cifsd-1726  [000] d.h3.    86.961808: funcgraph_entry:        0.220 us   |                                    vruntime_eligible(); (ret=0x0)
           cifsd-1726  [000] d.h3.    86.961809: funcgraph_entry:        0.210 us   |                                    vruntime_eligible(); (ret=0x1)
           cifsd-1726  [000] d.h3.    86.961809: funcgraph_exit:         1.670 us   |                                  } (ret=0xffff8c6fc203abc0)
           cifsd-1726  [000] d.h3.    86.961810: funcgraph_entry:                   |                                  resched_curr_lazy() {
           cifsd-1726  [000] d.h3.    86.961810: funcgraph_entry:        0.240 us   |                                    __resched_curr(); (ret=0x0)
           cifsd-1726  [000] dLh3.    86.961810: funcgraph_exit:         0.720 us   |                                  } (ret=0x0)
           cifsd-1726  [000] dLh3.    86.961810: funcgraph_exit:         4.060 us   |                                } (ret=0x0)
           cifsd-1726  [000] dLh3.    86.961811: funcgraph_exit:         4.580 us   |                              } (ret=0x0)
           cifsd-1726  [000] dLh3.    86.961811: funcgraph_exit:       + 16.270 us  |                            } (ret=0x0)
           cifsd-1726  [000] dLh3.    86.961812: funcgraph_entry:        0.230 us   |                            _raw_spin_unlock(); (ret=0x0)
           cifsd-1726  [000] dLh2.    86.961812: funcgraph_exit:       + 19.190 us  |                          } (ret=0x0)
           cifsd-1726  [000] dLh2.    86.961812: funcgraph_exit:       + 19.770 us  |                        } (ret=0x0)
           cifsd-1726  [000] dLh2.    86.961812: funcgraph_exit:       + 20.240 us  |                      } (ret=0x0)
           cifsd-1726  [000] dLh2.    86.961813: funcgraph_exit:       + 20.720 us  |                    } (ret=0x0)
           cifsd-1726  [000] dLh2.    86.961813: funcgraph_entry:                   |                    irq_exit_rcu() {
           cifsd-1726  [000] dL.2.    86.961813: funcgraph_entry:        0.210 us   |                      sched_core_idle_cpu(); (ret=0x0)
           cifsd-1726  [000] dL.2.    86.961814: funcgraph_exit:         0.710 us   |                    } (ret=0x0)
           cifsd-1726  [000] dL.2.    86.961814: funcgraph_entry:        0.230 us   |                    raw_irqentry_exit_cond_resched(); (ret=0x0)
           cifsd-1726  [000] .L.2.    86.961815: funcgraph_entry:        0.230 us   |                    panic_on_other_cpu(); (ret=0x0)
           cifsd-1726  [000] .L.2.    86.961815: funcgraph_entry:        0.230 us   |                    __srcu_read_unlock(); (ret=0x0)
           cifsd-1726  [000] .L.2.    86.961815: funcgraph_exit:       ! 276.220 us |                  } (ret=0x1)
           cifsd-1726  [000] .L.2.    86.961816: funcgraph_entry:                   |                  console_flush_one_record() {
           cifsd-1726  [000] .L.2.    86.961816: funcgraph_entry:                   |                    nbcon_get_default_prio() {
           cifsd-1726  [000] .L.2.    86.961817: funcgraph_entry:        0.590 us   |                      panic_on_this_cpu(); (ret=0xffffff00)
           cifsd-1726  [000] .L.2.    86.961817: funcgraph_entry:                   |                      nbcon_get_cpu_emergency_nesting() {
           cifsd-1726  [000] .L.2.    86.961817: funcgraph_entry:        0.210 us   |                        printk_percpu_data_ready(); (ret=0x1)
           cifsd-1726  [000] .L.2.    86.961818: funcgraph_exit:         0.680 us   |                      } (ret=0xffff8c703bc1d484)
           cifsd-1726  [000] .L.2.    86.961818: funcgraph_exit:         1.980 us   |                    } (ret=0x1)
           cifsd-1726  [000] .L.2.    86.961818: funcgraph_entry:                   |                    is_printk_legacy_deferred() {
           cifsd-1726  [000] .L.2.    86.961818: funcgraph_entry:        0.210 us   |                      is_printk_cpu_sync_owner(); (ret=0xffffff00)
           cifsd-1726  [000] .L.2.    86.961819: funcgraph_exit:         0.700 us   |                    } (ret=0xffffff00)
           cifsd-1726  [000] .L.2.    86.961819: funcgraph_entry:        0.220 us   |                    __srcu_read_lock(); (ret=0x0)
           cifsd-1726  [000] .L.2.    86.961820: funcgraph_entry:                   |                    printk_get_next_message() {
           cifsd-1726  [000] .L.2.    86.961820: funcgraph_entry:                   |                      prb_read_valid() {
           cifsd-1726  [000] .L.2.    86.961820: funcgraph_entry:                   |                        _prb_read_valid() {
           cifsd-1726  [000] .L.2.    86.961820: funcgraph_entry:                   |                          desc_read_finalized_seq() {
           cifsd-1726  [000] .L.2.    86.961821: funcgraph_entry:        0.240 us   |                            desc_read(); (ret=0xffffffff)
           cifsd-1726  [000] .L.2.    86.961821: funcgraph_exit:         0.710 us   |                          } (ret=0xffffffea)
           cifsd-1726  [000] .L.2.    86.961821: funcgraph_entry:        0.220 us   |                          desc_read(); (ret=0x3)
           cifsd-1726  [000] .L.2.    86.961822: funcgraph_entry:        0.220 us   |                          panic_on_this_cpu(); (ret=0xffffff00)
           cifsd-1726  [000] .L.2.    86.961822: funcgraph_exit:         2.120 us   |                        } (ret=0x0)
           cifsd-1726  [000] .L.2.    86.961823: funcgraph_exit:         2.600 us   |                      } (ret=0x0)
           cifsd-1726  [000] .L.2.    86.961823: funcgraph_exit:         3.080 us   |                    } (ret=0x0)
           cifsd-1726  [000] .L.2.    86.961823: funcgraph_entry:        0.220 us   |                    __srcu_read_unlock(); (ret=0x0)
           cifsd-1726  [000] .L.2.    86.961823: funcgraph_exit:         7.760 us   |                  } (ret=0x1)
           cifsd-1726  [000] .L.2.    86.961824: funcgraph_entry:                   |                  __up_console_sem.isra.0() {
           cifsd-1726  [000] dL.2.    86.961824: funcgraph_entry:        0.210 us   |                    __printk_safe_enter(); (ret=0x282)
           cifsd-1726  [000] dL.2.    86.961824: funcgraph_entry:                   |                    up() {
           cifsd-1726  [000] dL.2.    86.961825: funcgraph_entry:        0.220 us   |                      _raw_spin_lock_irqsave(); (ret=0x92)
           cifsd-1726  [000] dL.3.    86.961825: funcgraph_entry:        0.220 us   |                      _raw_spin_unlock_irqrestore(); (ret=0x0)
           cifsd-1726  [000] dL.2.    86.961826: funcgraph_exit:         1.160 us   |                    } (ret=0x0)
           cifsd-1726  [000] dL.2.    86.961826: funcgraph_entry:        0.210 us   |                    __printk_safe_exit(); (ret=0x0)
           cifsd-1726  [000] .L.2.    86.961826: funcgraph_exit:         2.570 us   |                  } (ret=0x0)
           cifsd-1726  [000] .L.2.    86.961827: funcgraph_entry:                   |                  prb_read_valid() {
           cifsd-1726  [000] .L.2.    86.961827: funcgraph_entry:                   |                    _prb_read_valid() {
           cifsd-1726  [000] .L.2.    86.961827: funcgraph_entry:                   |                      desc_read_finalized_seq() {
           cifsd-1726  [000] .L.2.    86.961827: funcgraph_entry:        0.220 us   |                        desc_read(); (ret=0xffffffff)
           cifsd-1726  [000] .L.2.    86.961828: funcgraph_exit:         0.660 us   |                      } (ret=0xffffffea)
           cifsd-1726  [000] .L.2.    86.961828: funcgraph_entry:        0.220 us   |                      desc_read(); (ret=0x3)
           cifsd-1726  [000] .L.2.    86.961828: funcgraph_entry:        0.210 us   |                      panic_on_this_cpu(); (ret=0xffffff00)
           cifsd-1726  [000] .L.2.    86.961829: funcgraph_exit:         2.030 us   |                    } (ret=0x0)
           cifsd-1726  [000] .L.2.    86.961829: funcgraph_exit:         2.500 us   |                  } (ret=0x0)
           cifsd-1726  [000] .L.2.    86.961829: funcgraph_exit:       ! 655.490 us |                } (ret=0x0)
           cifsd-1726  [000] .L.1.    86.961830: funcgraph_entry:                   |                __wake_up_klogd() {
           cifsd-1726  [000] .L.3.    86.961830: funcgraph_entry:        0.210 us   |                  tick_nohz_tick_stopped(); (ret=0x0)
           cifsd-1726  [000] .L.1.    86.961830: funcgraph_exit:         0.750 us   |                } (ret=0x0)
           cifsd-1726  [000] .L.1.    86.961831: funcgraph_exit:       ! 679.310 us |              } (ret=0x53)
           cifsd-1726  [000] .L.1.    86.961831: funcgraph_exit:       ! 679.760 us |            } (ret=0x53)
           cifsd-1726  [000] .L.1.    86.961831: funcgraph_exit:       ! 680.220 us |          } (ret=0x53)
           cifsd-1726  [000] .L.1.    86.961831: funcgraph_exit:       ! 680.690 us |        } (ret=0x53)
           cifsd-1726  [000] .L.1.    86.961832: funcgraph_exit:       ! 682.140 us |      } (ret=0x0)
           cifsd-1726  [000] .L.1.    86.961832: funcgraph_exit:       ! 682.630 us |    } (ret=0x0)
           cifsd-1726  [000] .L.1.    86.961832: funcgraph_entry:                   |    disable_work_sync() {
           cifsd-1726  [000] .L.1.    86.961832: funcgraph_entry:                   |      __cancel_work() {
           cifsd-1726  [000] .L.1.    86.961833: funcgraph_entry:        0.220 us   |        try_to_grab_pending(); (ret=0x0)
           cifsd-1726  [000] .L.1.    86.961833: funcgraph_exit:         0.700 us   |      } (ret=0x0)
           cifsd-1726  [000] .L.1.    86.961833: funcgraph_entry:                   |      __flush_work() {
           cifsd-1726  [000] .L.1.    86.961834: funcgraph_entry:        0.210 us   |        __rcu_read_lock(); (ret=0x0)
           cifsd-1726  [000] .L.1.    86.961834: funcgraph_entry:        0.220 us   |        _raw_spin_lock_irq(); (ret=0x0)
           cifsd-1726  [000] dL.2.    86.961835: funcgraph_entry:        0.230 us   |        _raw_spin_unlock_irq(); (ret=0x0)
           cifsd-1726  [000] .L.1.    86.961835: funcgraph_entry:        0.220 us   |        __rcu_read_unlock(); (ret=0x0)
           cifsd-1726  [000] .L.1.    86.961836: funcgraph_exit:         2.240 us   |      } (ret=0x0)
           cifsd-1726  [000] .L.1.    86.961836: funcgraph_exit:         3.820 us   |    } (ret=0x0)
           cifsd-1726  [000] .L.1.    86.961836: funcgraph_entry:        0.210 us   |    smbd_logging_needed(); (ret=0x1)
           cifsd-1726  [000] .L.1.    86.961837: funcgraph_entry:                   |    __smbdirect_log_printf.constprop.0() {
           cifsd-1726  [000] .L.1.    86.961837: funcgraph_entry:                   |      smbd_logging_vaprintf() {
           cifsd-1726  [000] dL.1.    86.961837: funcgraph_entry:        0.210 us   |        _raw_spin_trylock(); (ret=0x1)
           cifsd-1726  [000] dL.2.    86.961838: funcgraph_entry:        0.230 us   |        _raw_spin_unlock_irqrestore(); (ret=0x0)
           cifsd-1726  [000] .L.1.    86.961838: funcgraph_entry:                   |        _printk() {
           cifsd-1726  [000] .L.1.    86.961838: funcgraph_entry:                   |          vprintk() {
           cifsd-1726  [000] .L.1.    86.961839: funcgraph_entry:                   |            vprintk_default() {
           cifsd-1726  [000] .L.1.    86.961839: funcgraph_entry:                   |              vprintk_emit() {
           cifsd-1726  [000] .L.1.    86.961839: funcgraph_entry:        0.210 us   |                panic_on_other_cpu(); (ret=0x0)
           cifsd-1726  [000] .L.1.    86.961840: funcgraph_entry:                   |                nbcon_get_default_prio() {
           cifsd-1726  [000] .L.1.    86.961840: funcgraph_entry:        0.210 us   |                  panic_on_this_cpu(); (ret=0xffffff00)
           cifsd-1726  [000] .L.1.    86.961840: funcgraph_entry:                   |                  nbcon_get_cpu_emergency_nesting() {
           cifsd-1726  [000] .L.1.    86.961840: funcgraph_entry:        0.210 us   |                    printk_percpu_data_ready(); (ret=0x1)
           cifsd-1726  [000] .L.1.    86.961841: funcgraph_exit:         0.660 us   |                  } (ret=0xffff8c703bc1d484)
           cifsd-1726  [000] .L.1.    86.961841: funcgraph_exit:         1.850 us   |                } (ret=0x1)
           cifsd-1726  [000] .L.1.    86.961842: funcgraph_entry:                   |                is_printk_legacy_deferred() {
           cifsd-1726  [000] .L.1.    86.961842: funcgraph_entry:        0.200 us   |                  is_printk_cpu_sync_owner(); (ret=0xffffff00)
           cifsd-1726  [000] .L.1.    86.961842: funcgraph_exit:         0.680 us   |                } (ret=0xffffff00)
           cifsd-1726  [000] .L.1.    86.961843: funcgraph_entry:        0.220 us   |                is_printk_force_console(); (ret=0x0)
           cifsd-1726  [000] .L.1.    86.961843: funcgraph_entry:                   |                vprintk_store() {
           cifsd-1726  [000] dL.1.    86.961843: funcgraph_entry:        0.260 us   |                  local_clock(); (ret=0x143b919759)
           cifsd-1726  [000] dL.1.    86.961845: funcgraph_entry:        0.260 us   |                  printk_parse_prefix(); (ret=0x2)
           cifsd-1726  [000] dL.1.    86.961845: funcgraph_entry:        0.220 us   |                  is_printk_force_console(); (ret=0x0)
           cifsd-1726  [000] dL.1.    86.961846: funcgraph_entry:                   |                  prb_reserve() {
           cifsd-1726  [000] dL.1.    86.961846: funcgraph_entry:                   |                    data_alloc() {
           cifsd-1726  [000] dL.1.    86.961846: funcgraph_entry:        0.210 us   |                      data_push_tail(); (ret=0x1)
           cifsd-1726  [000] dL.1.    86.961847: funcgraph_exit:         0.690 us   |                    } (ret=0xffffffff9aac7758)
           cifsd-1726  [000] dL.1.    86.961847: funcgraph_entry:        0.230 us   |                    space_used(); (ret=0x50)
           cifsd-1726  [000] dL.1.    86.961847: funcgraph_exit:         1.690 us   |                  } (ret=0xffffc401)
           cifsd-1726  [000] dL.1.    86.961848: funcgraph_entry:                   |                  printk_sprint() {
           cifsd-1726  [000] dL.1.    86.961848: funcgraph_entry:        0.230 us   |                    printk_parse_prefix(); (ret=0x2)
           cifsd-1726  [000] dL.1.    86.961849: funcgraph_exit:         1.170 us   |                  } (ret=0x44)
           cifsd-1726  [000] dL.1.    86.961849: funcgraph_entry:                   |                  prb_final_commit() {
           cifsd-1726  [000] dL.1.    86.961849: funcgraph_entry:        0.220 us   |                    _prb_commit(); (ret=0x0)
           cifsd-1726  [000] dL.1.    86.961850: funcgraph_entry:                   |                    desc_update_last_finalized() {
           cifsd-1726  [000] dL.1.    86.961850: funcgraph_entry:                   |                      _prb_read_valid() {
           cifsd-1726  [000] dL.1.    86.961850: funcgraph_entry:                   |                        desc_read_finalized_seq() {
           cifsd-1726  [000] dL.1.    86.961851: funcgraph_entry:        0.210 us   |                          desc_read(); (ret=0x2)
           cifsd-1726  [000] dL.1.    86.961851: funcgraph_exit:         0.660 us   |                        } (ret=0x0)
           cifsd-1726  [000] dL.1.    86.961851: funcgraph_exit:         1.130 us   |                      } (ret=0x1)
           cifsd-1726  [000] dL.1.    86.961852: funcgraph_entry:                   |                      _prb_read_valid() {
           cifsd-1726  [000] dL.1.    86.961852: funcgraph_entry:                   |                        desc_read_finalized_seq() {
           cifsd-1726  [000] dL.1.    86.961852: funcgraph_entry:        0.210 us   |                          desc_read(); (ret=0xffffffff)
           cifsd-1726  [000] dL.1.    86.961852: funcgraph_exit:         0.660 us   |                        } (ret=0xffffffea)
           cifsd-1726  [000] dL.1.    86.961853: funcgraph_entry:        0.220 us   |                        desc_read(); (ret=0x3)
           cifsd-1726  [000] dL.1.    86.961853: funcgraph_entry:        0.210 us   |                        panic_on_this_cpu(); (ret=0xffffff00)
           cifsd-1726  [000] dL.1.    86.961854: funcgraph_exit:         2.030 us   |                      } (ret=0x0)
           cifsd-1726  [000] dL.1.    86.961854: funcgraph_exit:         3.890 us   |                    } (ret=0x0)
           cifsd-1726  [000] dL.1.    86.961854: funcgraph_exit:         4.830 us   |                  } (ret=0x0)
           cifsd-1726  [000] .L.1.    86.961854: funcgraph_exit:       + 11.140 us  |                } (ret=0x44)
           cifsd-1726  [000] .L.2.    86.961855: funcgraph_entry:        0.220 us   |                panic_on_other_cpu(); (ret=0x0)
           cifsd-1726  [000] .L.2.    86.961855: funcgraph_entry:                   |                __down_trylock_console_sem.isra.0() {
           cifsd-1726  [000] dL.2.    86.961855: funcgraph_entry:        0.210 us   |                  __printk_safe_enter(); (ret=0x282)
           cifsd-1726  [000] dL.2.    86.961856: funcgraph_entry:                   |                  down_trylock() {
           cifsd-1726  [000] dL.2.    86.961856: funcgraph_entry:        0.220 us   |                    _raw_spin_lock_irqsave(); (ret=0x92)
           cifsd-1726  [000] dL.3.    86.961856: funcgraph_entry:        0.230 us   |                    _raw_spin_unlock_irqrestore(); (ret=0x0)
           cifsd-1726  [000] dL.2.    86.961857: funcgraph_exit:         1.170 us   |                  } (ret=0x0)
           cifsd-1726  [000] dL.2.    86.961857: funcgraph_entry:        0.220 us   |                  __printk_safe_exit(); (ret=0x0)
           cifsd-1726  [000] .L.2.    86.961858: funcgraph_exit:         2.580 us   |                } (ret=0x0)
           cifsd-1726  [000] .L.2.    86.961858: funcgraph_entry:                   |                console_unlock() {
           cifsd-1726  [000] .L.2.    86.961858: funcgraph_entry:                   |                  nbcon_get_default_prio() {
           cifsd-1726  [000] .L.2.    86.961858: funcgraph_entry:        0.200 us   |                    panic_on_this_cpu(); (ret=0xffffff00)
           cifsd-1726  [000] .L.2.    86.961859: funcgraph_entry:                   |                    nbcon_get_cpu_emergency_nesting() {
           cifsd-1726  [000] .L.2.    86.961859: funcgraph_entry:        0.200 us   |                      printk_percpu_data_ready(); (ret=0x1)
           cifsd-1726  [000] .L.2.    86.961859: funcgraph_exit:         0.660 us   |                    } (ret=0xffff8c703bc1d484)
           cifsd-1726  [000] .L.2.    86.961860: funcgraph_exit:         1.550 us   |                  } (ret=0x1)
           cifsd-1726  [000] .L.2.    86.961860: funcgraph_entry:                   |                  is_printk_legacy_deferred() {
           cifsd-1726  [000] .L.2.    86.961860: funcgraph_entry:        0.200 us   |                    is_printk_cpu_sync_owner(); (ret=0xffffff00)
           cifsd-1726  [000] .L.2.    86.961861: funcgraph_exit:         0.650 us   |                  } (ret=0xffffff00)
           cifsd-1726  [000] .L.2.    86.961861: funcgraph_entry:                   |                  console_flush_one_record() {
           cifsd-1726  [000] .L.2.    86.961861: funcgraph_entry:                   |                    nbcon_get_default_prio() {
           cifsd-1726  [000] .L.2.    86.961861: funcgraph_entry:        0.200 us   |                      panic_on_this_cpu(); (ret=0xffffff00)
           cifsd-1726  [000] .L.2.    86.961862: funcgraph_entry:                   |                      nbcon_get_cpu_emergency_nesting() {
           cifsd-1726  [000] .L.2.    86.961862: funcgraph_entry:        0.210 us   |                        printk_percpu_data_ready(); (ret=0x1)
           cifsd-1726  [000] .L.2.    86.961862: funcgraph_exit:         0.660 us   |                      } (ret=0xffff8c703bc1d484)
           cifsd-1726  [000] .L.2.    86.961863: funcgraph_exit:         1.540 us   |                    } (ret=0x1)
           cifsd-1726  [000] .L.2.    86.961863: funcgraph_entry:                   |                    is_printk_legacy_deferred() {
           cifsd-1726  [000] .L.2.    86.961863: funcgraph_entry:        0.200 us   |                      is_printk_cpu_sync_owner(); (ret=0xffffff00)
           cifsd-1726  [000] .L.2.    86.961863: funcgraph_exit:         0.650 us   |                    } (ret=0xffffff00)
           cifsd-1726  [000] .L.2.    86.961864: funcgraph_entry:        0.220 us   |                    __srcu_read_lock(); (ret=0x0)
           cifsd-1726  [000] .L.2.    86.961864: funcgraph_entry:                   |                    printk_get_next_message() {
           cifsd-1726  [000] .L.2.    86.961864: funcgraph_entry:                   |                      prb_read_valid() {
           cifsd-1726  [000] .L.2.    86.961865: funcgraph_entry:                   |                        _prb_read_valid() {
           cifsd-1726  [000] .L.2.    86.961865: funcgraph_entry:                   |                          desc_read_finalized_seq() {
           cifsd-1726  [000] .L.2.    86.961865: funcgraph_entry:        0.210 us   |                            desc_read(); (ret=0x2)
           cifsd-1726  [000] .L.2.    86.961866: funcgraph_exit:         0.660 us   |                          } (ret=0x0)
           cifsd-1726  [000] .L.2.    86.961866: funcgraph_entry:        0.240 us   |                          get_data(); (ret=0xffffffff9aac7758)
           cifsd-1726  [000] .L.2.    86.961866: funcgraph_entry:                   |                          desc_read_finalized_seq() {
           cifsd-1726  [000] .L.2.    86.961866: funcgraph_entry:        0.200 us   |                            desc_read(); (ret=0x2)
           cifsd-1726  [000] .L.2.    86.961867: funcgraph_exit:         0.810 us   |                          } (ret=0x0)
           cifsd-1726  [000] .L.2.    86.961867: funcgraph_exit:         2.680 us   |                        } (ret=0x1)
           cifsd-1726  [000] .L.2.    86.961868: funcgraph_exit:         3.180 us   |                      } (ret=0x1)
           cifsd-1726  [000] .L.2.    86.961868: funcgraph_entry:                   |                      record_print_text() {
           cifsd-1726  [000] .L.2.    86.961868: funcgraph_entry:        0.580 us   |                        info_print_prefix(); (ret=0xf)
           cifsd-1726  [000] .L.2.    86.961869: funcgraph_exit:         1.200 us   |                      } (ret=0x54)
           cifsd-1726  [000] .L.2.    86.961869: funcgraph_exit:         5.150 us   |                    } (ret=0x1)
           cifsd-1726  [000] dL.2.    86.961870: funcgraph_entry:        0.220 us   |                    __printk_safe_enter(); (ret=0x246)
           cifsd-1726  [000] dL.2.    86.961870: funcgraph_entry:        0.210 us   |                    panic_in_progress(); (ret=0xffffff00)
           cifsd-1726  [000] dL.2.    86.961870: funcgraph_entry:        0.210 us   |                    _raw_spin_lock(); (ret=0x0)
           cifsd-1726  [000] dL.3.    86.961871: funcgraph_entry:        0.230 us   |                    _raw_spin_unlock(); (ret=0x0)
           cifsd-1726  [000] dL.2.    86.961871: funcgraph_entry:                   |                    vt_console_print() {
           cifsd-1726  [000] dL.2.    86.961872: funcgraph_entry:        0.200 us   |                      is_console_locked(); (ret=0x1)
           cifsd-1726  [000] dL.2.    86.961872: funcgraph_entry:        0.220 us   |                      _raw_spin_trylock(); (ret=0x1)
           cifsd-1726  [000] dL.3.    86.961873: funcgraph_entry:                   |                      hide_cursor() {
           cifsd-1726  [000] dL.3.    86.961873: funcgraph_entry:        0.200 us   |                        vc_is_sel(); (ret=0x0)
           cifsd-1726  [000] dL.3.    86.961873: funcgraph_entry:                   |                        fbcon_cursor() {
           cifsd-1726  [000] dL.3.    86.961874: funcgraph_entry:        0.200 us   |                          is_console_locked(); (ret=0x1)
           cifsd-1726  [000] dL.3.    86.961874: funcgraph_entry:        0.210 us   |                          __msecs_to_jiffies(); (ret=0xc8)
           cifsd-1726  [000] dL.3.    86.961874: funcgraph_entry:        0.210 us   |                          panic_in_progress(); (ret=0xffffff00)
           cifsd-1726  [000] dL.3.    86.961875: funcgraph_entry:        0.220 us   |                          queue_delayed_work_on(); (ret=0x0)
           cifsd-1726  [000] dL.3.    86.961875: funcgraph_entry:                   |                          get_color() {
           cifsd-1726  [000] dL.3.    86.961876: funcgraph_entry:        0.210 us   |                            fb_get_color_depth(); (ret=0x18)
           cifsd-1726  [000] dL.3.    86.961876: funcgraph_exit:         0.670 us   |                          } (ret=0x0)
           cifsd-1726  [000] dL.3.    86.961876: funcgraph_entry:                   |                          get_color() {
           cifsd-1726  [000] dL.3.    86.961877: funcgraph_entry:        0.210 us   |                            fb_get_color_depth(); (ret=0x18)
           cifsd-1726  [000] dL.3.    86.961877: funcgraph_exit:         0.660 us   |                          } (ret=0x7)
           cifsd-1726  [000] dL.3.    86.961877: funcgraph_entry:                   |                          bit_cursor() {
           cifsd-1726  [000] dL.3.    86.961877: funcgraph_entry:        0.200 us   |                            fb_get_color_depth(); (ret=0x18)
           cifsd-1726  [000] dL.3.    86.961878: funcgraph_entry:                   |                            soft_cursor() {
           cifsd-1726  [000] dL.3.    86.961878: funcgraph_entry:        0.210 us   |                              fb_get_buffer_offset(); (ret=0xffff8c6fc74db570)
           cifsd-1726  [000] dL.3.    86.961879: funcgraph_entry:        0.230 us   |                              fb_pad_aligned_buffer(); (ret=0x0)
           cifsd-1726  [000] dL.3.    86.961879: funcgraph_entry:                   |                              drm_fbdev_shmem_defio_imageblit() {
           cifsd-1726  [000] dL.3.    86.961879: funcgraph_entry:        0.260 us   |                                sys_imageblit(); (ret=0x0)
           cifsd-1726  [000] dL.3.    86.961880: funcgraph_entry:                   |                                drm_fb_helper_damage_area() {
           cifsd-1726  [000] dL.3.    86.961880: funcgraph_entry:                   |                                  drm_fb_helper_damage.part.0() {
           cifsd-1726  [000] dL.3.    86.961880: funcgraph_entry:        0.210 us   |                                    _raw_spin_lock_irqsave(); (ret=0x82)
           cifsd-1726  [000] dL.4.    86.961881: funcgraph_entry:        0.220 us   |                                    _raw_spin_unlock_irqrestore(); (ret=0x0)
           cifsd-1726  [000] dL.3.    86.961881: funcgraph_entry:        0.210 us   |                                    queue_work_on(); (ret=0x0)
           cifsd-1726  [000] dL.3.    86.961882: funcgraph_exit:         1.590 us   |                                  } (ret=0x0)
           cifsd-1726  [000] dL.3.    86.961882: funcgraph_exit:         2.040 us   |                                } (ret=0x0)
           cifsd-1726  [000] dL.3.    86.961882: funcgraph_exit:         2.990 us   |                              } (ret=0x0)
           cifsd-1726  [000] dL.3.    86.961882: funcgraph_exit:         4.410 us   |                            } (ret=0x0)
           cifsd-1726  [000] dL.3.    86.961883: funcgraph_exit:         5.360 us   |                          } (ret=0x0)
           cifsd-1726  [000] dL.3.    86.961883: funcgraph_exit:         9.480 us   |                        } (ret=0x0)
           cifsd-1726  [000] dL.3.    86.961883: funcgraph_exit:       + 10.410 us  |                      } (ret=0x0)
           cifsd-1726  [000] dL.3.    86.961883: funcgraph_entry:                   |                      atomic_notifier_call_chain() {
           cifsd-1726  [000] dL.3.    86.961884: funcgraph_entry:        0.200 us   |                        __rcu_read_lock(); (ret=0x0)
           cifsd-1726  [000] dL.3.    86.961884: funcgraph_entry:        0.210 us   |                        notifier_call_chain(); (ret=0x0)
           cifsd-1726  [000] dL.3.    86.961884: funcgraph_entry:        0.220 us   |                        __rcu_read_unlock(); (ret=0x0)
           cifsd-1726  [000] dL.3.    86.961885: funcgraph_exit:         1.580 us   |                      } (ret=0x0)
           cifsd-1726  [000] dL.3.    86.961885: funcgraph_entry:                   |                      atomic_notifier_call_chain() {
           cifsd-1726  [000] dL.3.    86.961885: funcgraph_entry:        0.200 us   |                        __rcu_read_lock(); (ret=0x0)
           cifsd-1726  [000] dL.3.    86.961886: funcgraph_entry:        0.210 us   |                        notifier_call_chain(); (ret=0x0)
           cifsd-1726  [000] dL.3.    86.961886: funcgraph_entry:        0.210 us   |                        __rcu_read_unlock(); (ret=0x0)
           cifsd-1726  [000] dL.3.    86.961887: funcgraph_exit:         1.560 us   |                      } (ret=0x0)
           cifsd-1726  [000] dL.3.    86.961887: funcgraph_entry:                   |                      atomic_notifier_call_chain() {
           cifsd-1726  [000] dL.3.    86.961887: funcgraph_entry:        0.200 us   |                        __rcu_read_lock(); (ret=0x0)
           cifsd-1726  [000] dL.3.    86.961888: funcgraph_entry:        0.210 us   |                        notifier_call_chain(); (ret=0x0)
           cifsd-1726  [000] dL.3.    86.961888: funcgraph_entry:        0.220 us   |                        __rcu_read_unlock(); (ret=0x0)
           cifsd-1726  [000] dL.3.    86.961889: funcgraph_exit:         1.560 us   |                      } (ret=0x0)
           cifsd-1726  [000] dL.3.    86.961889: funcgraph_entry:                   |                      atomic_notifier_call_chain() {
           cifsd-1726  [000] dL.3.    86.961889: funcgraph_entry:        0.200 us   |                        __rcu_read_lock(); (ret=0x0)
           cifsd-1726  [000] dL.3.    86.961889: funcgraph_entry:        0.210 us   |                        notifier_call_chain(); (ret=0x0)
           cifsd-1726  [000] dL.3.    86.961890: funcgraph_entry:        0.220 us   |                        __rcu_read_unlock(); (ret=0x0)
           cifsd-1726  [000] dL.3.    86.961890: funcgraph_exit:         1.560 us   |                      } (ret=0x0)
           cifsd-1726  [000] dL.3.    86.961891: funcgraph_entry:                   |                      atomic_notifier_call_chain() {
           cifsd-1726  [000] dL.3.    86.961891: funcgraph_entry:        0.380 us   |                        __rcu_read_lock(); (ret=0x0)
           cifsd-1726  [000] dL.3.    86.961891: funcgraph_entry:        0.230 us   |                        notifier_call_chain(); (ret=0x0)
           cifsd-1726  [000] dL.3.    86.961892: funcgraph_entry:        0.210 us   |                        __rcu_read_unlock(); (ret=0x0)
           cifsd-1726  [000] dL.3.    86.961892: funcgraph_exit:         1.760 us   |                      } (ret=0x0)
           cifsd-1726  [000] dL.3.    86.961893: funcgraph_entry:                   |                      atomic_notifier_call_chain() {
           cifsd-1726  [000] dL.3.    86.961893: funcgraph_entry:        0.210 us   |                        __rcu_read_lock(); (ret=0x0)
           cifsd-1726  [000] dL.3.    86.961893: funcgraph_entry:        0.210 us   |                        notifier_call_chain(); (ret=0x0)
           cifsd-1726  [000] dL.3.    86.961894: funcgraph_entry:        0.210 us   |                        __rcu_read_unlock(); (ret=0x0)
           cifsd-1726  [000] dL.3.    86.961894: funcgraph_exit:         1.560 us   |                      } (ret=0x0)
           cifsd-1726  [000] dL.3.    86.961894: funcgraph_entry:                   |                      atomic_notifier_call_chain() {
           cifsd-1726  [000] dL.3.    86.961895: funcgraph_entry:        0.200 us   |                        __rcu_read_lock(); (ret=0x0)
           cifsd-1726  [000] dL.3.    86.961895: funcgraph_entry:        0.210 us   |                        notifier_call_chain(); (ret=0x0)
           cifsd-1726  [000] dL.3.    86.961895: funcgraph_entry:        0.220 us   |                        __rcu_read_unlock(); (ret=0x0)
           cifsd-1726  [000] dL.3.    86.961896: funcgraph_exit:         1.570 us   |                      } (ret=0x0)
           cifsd-1726  [000] dL.3.    86.961896: funcgraph_entry:                   |                      atomic_notifier_call_chain() {
           cifsd-1726  [000] dL.3.    86.961896: funcgraph_entry:        0.200 us   |                        __rcu_read_lock(); (ret=0x0)
           cifsd-1726  [000] dL.3.    86.961897: funcgraph_entry:        0.220 us   |                        notifier_call_chain(); (ret=0x0)
           cifsd-1726  [000] dL.3.    86.961897: funcgraph_entry:        0.210 us   |                        __rcu_read_unlock(); (ret=0x0)
           cifsd-1726  [000] dL.3.    86.961898: funcgraph_exit:         1.560 us   |                      } (ret=0x0)
           cifsd-1726  [000] dL.3.    86.961898: funcgraph_entry:                   |                      atomic_notifier_call_chain() {
           cifsd-1726  [000] dL.3.    86.961898: funcgraph_entry:        0.200 us   |                        __rcu_read_lock(); (ret=0x0)
           cifsd-1726  [000] dL.3.    86.961899: funcgraph_entry:        0.210 us   |                        notifier_call_chain(); (ret=0x0)
           cifsd-1726  [000] dL.3.    86.961899: funcgraph_entry:        0.210 us   |                        __rcu_read_unlock(); (ret=0x0)
           cifsd-1726  [000] dL.3.    86.961900: funcgraph_exit:         1.560 us   |                      } (ret=0x0)
           cifsd-1726  [000] dL.3.    86.961900: funcgraph_entry:                   |                      atomic_notifier_call_chain() {
           cifsd-1726  [000] dL.3.    86.961900: funcgraph_entry:        0.200 us   |                        __rcu_read_lock(); (ret=0x0)
           cifsd-1726  [000] dL.3.    86.961900: funcgraph_entry:        0.210 us   |                        notifier_call_chain(); (ret=0x0)
           cifsd-1726  [000] dL.3.    86.961901: funcgraph_entry:        0.210 us   |                        __rcu_read_unlock(); (ret=0x0)
           cifsd-1726  [000] dL.3.    86.961901: funcgraph_exit:         1.550 us   |                      } (ret=0x0)
           cifsd-1726  [000] dL.3.    86.961902: funcgraph_entry:                   |                      atomic_notifier_call_chain() {
           cifsd-1726  [000] dL.3.    86.961902: funcgraph_entry:        0.200 us   |                        __rcu_read_lock(); (ret=0x0)
           cifsd-1726  [000] dL.3.    86.961902: funcgraph_entry:        0.210 us   |                        notifier_call_chain(); (ret=0x0)
           cifsd-1726  [000] dL.3.    86.961903: funcgraph_entry:        0.220 us   |                        __rcu_read_unlock(); (ret=0x0)
           cifsd-1726  [000] dL.3.    86.961903: funcgraph_exit:         1.560 us   |                      } (ret=0x0)
           cifsd-1726  [000] dL.3.    86.961903: funcgraph_entry:                   |                      atomic_notifier_call_chain() {
           cifsd-1726  [000] dL.3.    86.961904: funcgraph_entry:        0.210 us   |                        __rcu_read_lock(); (ret=0x0)
           cifsd-1726  [000] dL.3.    86.961904: funcgraph_entry:        0.210 us   |                        notifier_call_chain(); (ret=0x0)
           cifsd-1726  [000] dL.3.    86.961904: funcgraph_entry:        0.210 us   |                        __rcu_read_unlock(); (ret=0x0)
           cifsd-1726  [000] dL.3.    86.961905: funcgraph_exit:         1.560 us   |                      } (ret=0x0)
           cifsd-1726  [000] dL.3.    86.961905: funcgraph_entry:                   |                      atomic_notifier_call_chain() {
           cifsd-1726  [000] dL.3.    86.961905: funcgraph_entry:        0.200 us   |                        __rcu_read_lock(); (ret=0x0)
           cifsd-1726  [000] dL.3.    86.961906: funcgraph_entry:        0.210 us   |                        notifier_call_chain(); (ret=0x0)
           cifsd-1726  [000] dL.3.    86.961906: funcgraph_entry:        0.220 us   |                        __rcu_read_unlock(); (ret=0x0)
           cifsd-1726  [000] dL.3.    86.961907: funcgraph_exit:         1.560 us   |                      } (ret=0x0)
           cifsd-1726  [000] dL.3.    86.961907: funcgraph_entry:                   |                      atomic_notifier_call_chain() {
           cifsd-1726  [000] dL.3.    86.961907: funcgraph_entry:        0.210 us   |                        __rcu_read_lock(); (ret=0x0)
           cifsd-1726  [000] dL.3.    86.961908: funcgraph_entry:        0.210 us   |                        notifier_call_chain(); (ret=0x0)
           cifsd-1726  [000] dL.3.    86.961908: funcgraph_entry:        0.210 us   |                        __rcu_read_unlock(); (ret=0x0)
           cifsd-1726  [000] dL.3.    86.961909: funcgraph_exit:         1.560 us   |                      } (ret=0x0)
           cifsd-1726  [000] dL.3.    86.961909: funcgraph_entry:                   |                      atomic_notifier_call_chain() {
           cifsd-1726  [000] dL.3.    86.961909: funcgraph_entry:        0.200 us   |                        __rcu_read_lock(); (ret=0x0)
           cifsd-1726  [000] dL.3.    86.961909: funcgraph_entry:        0.210 us   |                        notifier_call_chain(); (ret=0x0)
           cifsd-1726  [000] dL.3.    86.961910: funcgraph_entry:        0.220 us   |                        __rcu_read_unlock(); (ret=0x0)
           cifsd-1726  [000] dL.3.    86.961910: funcgraph_exit:         1.560 us   |                      } (ret=0x0)
           cifsd-1726  [000] dL.3.    86.961911: funcgraph_entry:                   |                      atomic_notifier_call_chain() {
           cifsd-1726  [000] dL.3.    86.961911: funcgraph_entry:        0.210 us   |                        __rcu_read_lock(); (ret=0x0)
           cifsd-1726  [000] dL.3.    86.961911: funcgraph_entry:        0.210 us   |                        notifier_call_chain(); (ret=0x0)
           cifsd-1726  [000] dL.3.    86.961912: funcgraph_entry:        0.210 us   |                        __rcu_read_unlock(); (ret=0x0)
           cifsd-1726  [000] dL.3.    86.961912: funcgraph_exit:         1.560 us   |                      } (ret=0x0)
           cifsd-1726  [000] dL.3.    86.961912: funcgraph_entry:                   |                      atomic_notifier_call_chain() {
           cifsd-1726  [000] dL.3.    86.961913: funcgraph_entry:        0.210 us   |                        __rcu_read_lock(); (ret=0x0)
           cifsd-1726  [000] dL.3.    86.961913: funcgraph_entry:        0.210 us   |                        notifier_call_chain(); (ret=0x0)
           cifsd-1726  [000] dL.3.    86.961914: funcgraph_entry:        0.210 us   |                        __rcu_read_unlock(); (ret=0x0)
           cifsd-1726  [000] dL.3.    86.961914: funcgraph_exit:         1.560 us   |                      } (ret=0x0)
           cifsd-1726  [000] dL.3.    86.961915: funcgraph_entry:                   |                      atomic_notifier_call_chain() {
           cifsd-1726  [000] dL.3.    86.961915: funcgraph_entry:        0.200 us   |                        __rcu_read_lock(); (ret=0x0)
           cifsd-1726  [000] dL.3.    86.961915: funcgraph_entry:        0.210 us   |                        notifier_call_chain(); (ret=0x0)
           cifsd-1726  [000] dL.3.    86.961916: funcgraph_entry:        0.210 us   |                        __rcu_read_unlock(); (ret=0x0)
           cifsd-1726  [000] dL.3.    86.961916: funcgraph_exit:         1.560 us   |                      } (ret=0x0)
           cifsd-1726  [000] dL.3.    86.961916: funcgraph_entry:                   |                      atomic_notifier_call_chain() {
           cifsd-1726  [000] dL.3.    86.961917: funcgraph_entry:        0.210 us   |                        __rcu_read_lock(); (ret=0x0)
           cifsd-1726  [000] dL.3.    86.961917: funcgraph_entry:        0.210 us   |                        notifier_call_chain(); (ret=0x0)
           cifsd-1726  [000] dL.3.    86.961917: funcgraph_entry:        0.210 us   |                        __rcu_read_unlock(); (ret=0x0)
           cifsd-1726  [000] dL.3.    86.961918: funcgraph_exit:         1.560 us   |                      } (ret=0x0)
           cifsd-1726  [000] dL.3.    86.961918: funcgraph_entry:                   |                      atomic_notifier_call_chain() {
           cifsd-1726  [000] dL.3.    86.961918: funcgraph_entry:        0.210 us   |                        __rcu_read_lock(); (ret=0x0)
           cifsd-1726  [000] dL.3.    86.961919: funcgraph_entry:        0.210 us   |                        notifier_call_chain(); (ret=0x0)
           cifsd-1726  [000] dL.3.    86.961919: funcgraph_entry:        0.210 us   |                        __rcu_read_unlock(); (ret=0x0)
           cifsd-1726  [000] dL.3.    86.961920: funcgraph_exit:         1.560 us   |                      } (ret=0x0)
           cifsd-1726  [000] dL.3.    86.961920: funcgraph_entry:                   |                      atomic_notifier_call_chain() {
           cifsd-1726  [000] dL.3.    86.961920: funcgraph_entry:        0.200 us   |                        __rcu_read_lock(); (ret=0x0)
           cifsd-1726  [000] dL.3.    86.961921: funcgraph_entry:        0.210 us   |                        notifier_call_chain(); (ret=0x0)
           cifsd-1726  [000] dL.3.    86.961921: funcgraph_entry:        0.220 us   |                        __rcu_read_unlock(); (ret=0x0)
           cifsd-1726  [000] dL.3.    86.961922: funcgraph_exit:         1.550 us   |                      } (ret=0x0)
           cifsd-1726  [000] dL.3.    86.961922: funcgraph_entry:                   |                      atomic_notifier_call_chain() {
           cifsd-1726  [000] dL.3.    86.961922: funcgraph_entry:        0.200 us   |                        __rcu_read_lock(); (ret=0x0)
           cifsd-1726  [000] dL.3.    86.961922: funcgraph_entry:        0.210 us   |                        notifier_call_chain(); (ret=0x0)
           cifsd-1726  [000] dL.3.    86.961923: funcgraph_entry:        0.210 us   |                        __rcu_read_unlock(); (ret=0x0)
           cifsd-1726  [000] dL.3.    86.961923: funcgraph_exit:         1.550 us   |                      } (ret=0x0)
           cifsd-1726  [000] dL.3.    86.961924: funcgraph_entry:                   |                      atomic_notifier_call_chain() {
           cifsd-1726  [000] dL.3.    86.961924: funcgraph_entry:        0.210 us   |                        __rcu_read_lock(); (ret=0x0)
           cifsd-1726  [000] dL.3.    86.961924: funcgraph_entry:        0.200 us   |                        notifier_call_chain(); (ret=0x0)
           cifsd-1726  [000] dL.3.    86.961925: funcgraph_entry:        0.210 us   |                        __rcu_read_unlock(); (ret=0x0)
           cifsd-1726  [000] dL.3.    86.961925: funcgraph_exit:         1.550 us   |                      } (ret=0x0)
           cifsd-1726  [000] dL.3.    86.961925: funcgraph_entry:                   |                      atomic_notifier_call_chain() {
           cifsd-1726  [000] dL.3.    86.961926: funcgraph_entry:        0.200 us   |                        __rcu_read_lock(); (ret=0x0)
           cifsd-1726  [000] dL.3.    86.961926: funcgraph_entry:        0.210 us   |                        notifier_call_chain(); (ret=0x0)
           cifsd-1726  [000] dL.3.    86.961926: funcgraph_entry:        0.210 us   |                        __rcu_read_unlock(); (ret=0x0)
           cifsd-1726  [000] dL.3.    86.961927: funcgraph_exit:         1.560 us   |                      } (ret=0x0)
           cifsd-1726  [000] dL.3.    86.961927: funcgraph_entry:                   |                      atomic_notifier_call_chain() {
           cifsd-1726  [000] dL.3.    86.961927: funcgraph_entry:        0.200 us   |                        __rcu_read_lock(); (ret=0x0)
           cifsd-1726  [000] dL.3.    86.961928: funcgraph_entry:        0.210 us   |                        notifier_call_chain(); (ret=0x0)
           cifsd-1726  [000] dL.3.    86.961928: funcgraph_entry:        0.220 us   |                        __rcu_read_unlock(); (ret=0x0)
           cifsd-1726  [000] dL.3.    86.961929: funcgraph_exit:         1.560 us   |                      } (ret=0x0)
           cifsd-1726  [000] dL.3.    86.961929: funcgraph_entry:                   |                      atomic_notifier_call_chain() {
           cifsd-1726  [000] dL.3.    86.961929: funcgraph_entry:        0.200 us   |                        __rcu_read_lock(); (ret=0x0)
           cifsd-1726  [000] dL.3.    86.961930: funcgraph_entry:        0.210 us   |                        notifier_call_chain(); (ret=0x0)
           cifsd-1726  [000] dL.3.    86.961930: funcgraph_entry:        0.210 us   |                        __rcu_read_unlock(); (ret=0x0)
           cifsd-1726  [000] dL.3.    86.961931: funcgraph_exit:         1.560 us   |                      } (ret=0x0)
           cifsd-1726  [000] dL.3.    86.961931: funcgraph_entry:                   |                      atomic_notifier_call_chain() {
           cifsd-1726  [000] dL.3.    86.961931: funcgraph_entry:        0.200 us   |                        __rcu_read_lock(); (ret=0x0)
           cifsd-1726  [000] dL.3.    86.961931: funcgraph_entry:        0.210 us   |                        notifier_call_chain(); (ret=0x0)
           cifsd-1726  [000] dL.3.    86.961932: funcgraph_entry:        0.220 us   |                        __rcu_read_unlock(); (ret=0x0)
           cifsd-1726  [000] dL.3.    86.961932: funcgraph_exit:         1.560 us   |                      } (ret=0x0)
           cifsd-1726  [000] dL.3.    86.961933: funcgraph_entry:                   |                      atomic_notifier_call_chain() {
           cifsd-1726  [000] dL.3.    86.961933: funcgraph_entry:        0.200 us   |                        __rcu_read_lock(); (ret=0x0)
           cifsd-1726  [000] dL.3.    86.961933: funcgraph_entry:        0.210 us   |                        notifier_call_chain(); (ret=0x0)
           cifsd-1726  [000] dL.3.    86.961934: funcgraph_entry:        0.210 us   |                        __rcu_read_unlock(); (ret=0x0)
           cifsd-1726  [000] dL.3.    86.961934: funcgraph_exit:         1.560 us   |                      } (ret=0x0)
           cifsd-1726  [000] dL.3.    86.961934: funcgraph_entry:                   |                      atomic_notifier_call_chain() {
           cifsd-1726  [000] dL.3.    86.961935: funcgraph_entry:        0.200 us   |                        __rcu_read_lock(); (ret=0x0)
           cifsd-1726  [000] dL.3.    86.961935: funcgraph_entry:        0.210 us   |                        notifier_call_chain(); (ret=0x0)
           cifsd-1726  [000] dL.3.    86.961935: funcgraph_entry:        0.210 us   |                        __rcu_read_unlock(); (ret=0x0)
           cifsd-1726  [000] dL.3.    86.961936: funcgraph_exit:         1.550 us   |                      } (ret=0x0)
           cifsd-1726  [000] dL.3.    86.961936: funcgraph_entry:                   |                      atomic_notifier_call_chain() {
           cifsd-1726  [000] dL.3.    86.961936: funcgraph_entry:        0.200 us   |                        __rcu_read_lock(); (ret=0x0)
           cifsd-1726  [000] dL.3.    86.961937: funcgraph_entry:        0.200 us   |                        notifier_call_chain(); (ret=0x0)
           cifsd-1726  [000] dL.3.    86.961937: funcgraph_entry:        0.460 us   |                        __rcu_read_unlock(); (ret=0x0)
           cifsd-1726  [000] dL.3.    86.961938: funcgraph_exit:         1.800 us   |                      } (ret=0x0)
           cifsd-1726  [000] dL.3.    86.961938: funcgraph_entry:                   |                      atomic_notifier_call_chain() {
           cifsd-1726  [000] dL.3.    86.961938: funcgraph_entry:        0.200 us   |                        __rcu_read_lock(); (ret=0x0)
           cifsd-1726  [000] dL.3.    86.961939: funcgraph_entry:        0.210 us   |                        notifier_call_chain(); (ret=0x0)
           cifsd-1726  [000] dL.3.    86.961939: funcgraph_entry:        0.210 us   |                        __rcu_read_unlock(); (ret=0x0)
           cifsd-1726  [000] dL.3.    86.961940: funcgraph_exit:         1.560 us   |                      } (ret=0x0)
           cifsd-1726  [000] dL.3.    86.961940: funcgraph_entry:                   |                      atomic_notifier_call_chain() {
           cifsd-1726  [000] dL.3.    86.961940: funcgraph_entry:        0.200 us   |                        __rcu_read_lock(); (ret=0x0)
           cifsd-1726  [000] dL.3.    86.961941: funcgraph_entry:        0.210 us   |                        notifier_call_chain(); (ret=0x0)
           cifsd-1726  [000] dL.3.    86.961941: funcgraph_entry:        0.210 us   |                        __rcu_read_unlock(); (ret=0x0)
           cifsd-1726  [000] dL.3.    86.961942: funcgraph_exit:         1.560 us   |                      } (ret=0x0)
           cifsd-1726  [000] dL.3.    86.961942: funcgraph_entry:                   |                      atomic_notifier_call_chain() {
           cifsd-1726  [000] dL.3.    86.961942: funcgraph_entry:        0.200 us   |                        __rcu_read_lock(); (ret=0x0)
           cifsd-1726  [000] dL.3.    86.961942: funcgraph_entry:        0.210 us   |                        notifier_call_chain(); (ret=0x0)
           cifsd-1726  [000] dL.3.    86.961943: funcgraph_entry:        0.210 us   |                        __rcu_read_unlock(); (ret=0x0)
           cifsd-1726  [000] dL.3.    86.961943: funcgraph_exit:         1.560 us   |                      } (ret=0x0)
           cifsd-1726  [000] dL.3.    86.961944: funcgraph_entry:                   |                      atomic_notifier_call_chain() {
           cifsd-1726  [000] dL.3.    86.961944: funcgraph_entry:        0.200 us   |                        __rcu_read_lock(); (ret=0x0)
           cifsd-1726  [000] dL.3.    86.961944: funcgraph_entry:        0.210 us   |                        notifier_call_chain(); (ret=0x0)
           cifsd-1726  [000] dL.3.    86.961945: funcgraph_entry:        0.210 us   |                        __rcu_read_unlock(); (ret=0x0)
           cifsd-1726  [000] dL.3.    86.961945: funcgraph_exit:         1.550 us   |                      } (ret=0x0)
           cifsd-1726  [000] dL.3.    86.961945: funcgraph_entry:                   |                      atomic_notifier_call_chain() {
           cifsd-1726  [000] dL.3.    86.961946: funcgraph_entry:        0.200 us   |                        __rcu_read_lock(); (ret=0x0)
           cifsd-1726  [000] dL.3.    86.961946: funcgraph_entry:        0.210 us   |                        notifier_call_chain(); (ret=0x0)
           cifsd-1726  [000] dL.3.    86.961947: funcgraph_entry:        0.210 us   |                        __rcu_read_unlock(); (ret=0x0)
           cifsd-1726  [000] dL.3.    86.961947: funcgraph_exit:         1.550 us   |                      } (ret=0x0)
           cifsd-1726  [000] dL.3.    86.961947: funcgraph_entry:                   |                      atomic_notifier_call_chain() {
           cifsd-1726  [000] dL.3.    86.961947: funcgraph_entry:        0.200 us   |                        __rcu_read_lock(); (ret=0x0)
           cifsd-1726  [000] dL.3.    86.961948: funcgraph_entry:        0.210 us   |                        notifier_call_chain(); (ret=0x0)
           cifsd-1726  [000] dL.3.    86.961948: funcgraph_entry:        0.210 us   |                        __rcu_read_unlock(); (ret=0x0)
           cifsd-1726  [000] dL.3.    86.961949: funcgraph_exit:         1.560 us   |                      } (ret=0x0)
           cifsd-1726  [000] dL.3.    86.961949: funcgraph_entry:                   |                      atomic_notifier_call_chain() {
           cifsd-1726  [000] dL.3.    86.961949: funcgraph_entry:        0.200 us   |                        __rcu_read_lock(); (ret=0x0)
           cifsd-1726  [000] dL.3.    86.961950: funcgraph_entry:        0.210 us   |                        notifier_call_chain(); (ret=0x0)
           cifsd-1726  [000] dL.3.    86.961950: funcgraph_entry:        0.210 us   |                        __rcu_read_unlock(); (ret=0x0)
           cifsd-1726  [000] dL.3.    86.961951: funcgraph_exit:         1.550 us   |                      } (ret=0x0)
           cifsd-1726  [000] dL.3.    86.961951: funcgraph_entry:                   |                      atomic_notifier_call_chain() {
           cifsd-1726  [000] dL.3.    86.961951: funcgraph_entry:        0.200 us   |                        __rcu_read_lock(); (ret=0x0)
           cifsd-1726  [000] dL.3.    86.961951: funcgraph_entry:        0.210 us   |                        notifier_call_chain(); (ret=0x0)
           cifsd-1726  [000] dL.3.    86.961952: funcgraph_entry:        0.210 us   |                        __rcu_read_unlock(); (ret=0x0)
           cifsd-1726  [000] dL.3.    86.961952: funcgraph_exit:         1.560 us   |                      } (ret=0x0)
           cifsd-1726  [000] dL.3.    86.961953: funcgraph_entry:                   |                      atomic_notifier_call_chain() {
           cifsd-1726  [000] dL.3.    86.961953: funcgraph_entry:        0.200 us   |                        __rcu_read_lock(); (ret=0x0)
           cifsd-1726  [000] dL.3.    86.961953: funcgraph_entry:        0.210 us   |                        notifier_call_chain(); (ret=0x0)
           cifsd-1726  [000] dL.3.    86.961954: funcgraph_entry:        0.210 us   |                        __rcu_read_unlock(); (ret=0x0)
           cifsd-1726  [000] dL.3.    86.961954: funcgraph_exit:         1.560 us   |                      } (ret=0x0)
           cifsd-1726  [000] dL.3.    86.961954: funcgraph_entry:                   |                      atomic_notifier_call_chain() {
           cifsd-1726  [000] dL.3.    86.961955: funcgraph_entry:        0.200 us   |                        __rcu_read_lock(); (ret=0x0)
           cifsd-1726  [000] dL.3.    86.961955: funcgraph_entry:        0.210 us   |                        notifier_call_chain(); (ret=0x0)
           cifsd-1726  [000] dL.3.    86.961956: funcgraph_entry:        0.210 us   |                        __rcu_read_unlock(); (ret=0x0)
           cifsd-1726  [000] dL.3.    86.961956: funcgraph_exit:         1.560 us   |                      } (ret=0x0)
           cifsd-1726  [000] dL.3.    86.961956: funcgraph_entry:                   |                      atomic_notifier_call_chain() {
           cifsd-1726  [000] dL.3.    86.961956: funcgraph_entry:        0.200 us   |                        __rcu_read_lock(); (ret=0x0)
           cifsd-1726  [000] dL.3.    86.961957: funcgraph_entry:        0.210 us   |                        notifier_call_chain(); (ret=0x0)
           cifsd-1726  [000] dL.3.    86.961957: funcgraph_entry:        0.210 us   |                        __rcu_read_unlock(); (ret=0x0)
           cifsd-1726  [000] dL.3.    86.961958: funcgraph_exit:         1.550 us   |                      } (ret=0x0)
           cifsd-1726  [000] dL.3.    86.961958: funcgraph_entry:                   |                      atomic_notifier_call_chain() {
           cifsd-1726  [000] dL.3.    86.961958: funcgraph_entry:        0.210 us   |                        __rcu_read_lock(); (ret=0x0)
           cifsd-1726  [000] dL.3.    86.961959: funcgraph_entry:        0.210 us   |                        notifier_call_chain(); (ret=0x0)
           cifsd-1726  [000] dL.3.    86.961959: funcgraph_entry:        0.210 us   |                        __rcu_read_unlock(); (ret=0x0)
           cifsd-1726  [000] dL.3.    86.961960: funcgraph_exit:         1.560 us   |                      } (ret=0x0)
           cifsd-1726  [000] dL.3.    86.961960: funcgraph_entry:                   |                      atomic_notifier_call_chain() {
           cifsd-1726  [000] dL.3.    86.961960: funcgraph_entry:        0.200 us   |                        __rcu_read_lock(); (ret=0x0)
           cifsd-1726  [000] dL.3.    86.961961: funcgraph_entry:        0.450 us   |                        notifier_call_chain(); (ret=0x0)
           cifsd-1726  [000] dL.3.    86.961961: funcgraph_entry:        0.220 us   |                        __rcu_read_unlock(); (ret=0x0)
           cifsd-1726  [000] dL.3.    86.961962: funcgraph_exit:         1.800 us   |                      } (ret=0x0)
           cifsd-1726  [000] dL.3.    86.961962: funcgraph_entry:                   |                      atomic_notifier_call_chain() {
           cifsd-1726  [000] dL.3.    86.961962: funcgraph_entry:        0.210 us   |                        __rcu_read_lock(); (ret=0x0)
           cifsd-1726  [000] dL.3.    86.961962: funcgraph_entry:        0.220 us   |                        notifier_call_chain(); (ret=0x0)
           cifsd-1726  [000] dL.3.    86.961963: funcgraph_entry:        0.220 us   |                        __rcu_read_unlock(); (ret=0x0)
           cifsd-1726  [000] dL.3.    86.961963: funcgraph_exit:         1.560 us   |                      } (ret=0x0)
           cifsd-1726  [000] dL.3.    86.961964: funcgraph_entry:                   |                      atomic_notifier_call_chain() {
           cifsd-1726  [000] dL.3.    86.961964: funcgraph_entry:        0.210 us   |                        __rcu_read_lock(); (ret=0x0)
           cifsd-1726  [000] dL.3.    86.961964: funcgraph_entry:        0.220 us   |                        notifier_call_chain(); (ret=0x0)
           cifsd-1726  [000] dL.3.    86.961965: funcgraph_entry:        0.210 us   |                        __rcu_read_unlock(); (ret=0x0)
           cifsd-1726  [000] dL.3.    86.961965: funcgraph_exit:         1.560 us   |                      } (ret=0x0)
           cifsd-1726  [000] dL.3.    86.961965: funcgraph_entry:                   |                      atomic_notifier_call_chain() {
           cifsd-1726  [000] dL.3.    86.961966: funcgraph_entry:        0.210 us   |                        __rcu_read_lock(); (ret=0x0)
           cifsd-1726  [000] dL.3.    86.961966: funcgraph_entry:        0.210 us   |                        notifier_call_chain(); (ret=0x0)
           cifsd-1726  [000] dL.3.    86.961967: funcgraph_entry:        0.210 us   |                        __rcu_read_unlock(); (ret=0x0)
           cifsd-1726  [000] dL.3.    86.961967: funcgraph_exit:         1.560 us   |                      } (ret=0x0)
           cifsd-1726  [000] dL.3.    86.961967: funcgraph_entry:                   |                      atomic_notifier_call_chain() {
           cifsd-1726  [000] dL.3.    86.961967: funcgraph_entry:        0.210 us   |                        __rcu_read_lock(); (ret=0x0)
           cifsd-1726  [000] dL.3.    86.961968: funcgraph_entry:        0.210 us   |                        notifier_call_chain(); (ret=0x0)
           cifsd-1726  [000] dL.3.    86.961968: funcgraph_entry:        0.210 us   |                        __rcu_read_unlock(); (ret=0x0)
           cifsd-1726  [000] dL.3.    86.961969: funcgraph_exit:         1.560 us   |                      } (ret=0x0)
           cifsd-1726  [000] dL.3.    86.961969: funcgraph_entry:                   |                      atomic_notifier_call_chain() {
           cifsd-1726  [000] dL.3.    86.961969: funcgraph_entry:        0.200 us   |                        __rcu_read_lock(); (ret=0x0)
           cifsd-1726  [000] dL.3.    86.961970: funcgraph_entry:        0.210 us   |                        notifier_call_chain(); (ret=0x0)
           cifsd-1726  [000] dL.3.    86.961970: funcgraph_entry:        0.220 us   |                        __rcu_read_unlock(); (ret=0x0)
           cifsd-1726  [000] dL.3.    86.961971: funcgraph_exit:         1.570 us   |                      } (ret=0x0)
           cifsd-1726  [000] dL.3.    86.961971: funcgraph_entry:                   |                      atomic_notifier_call_chain() {
           cifsd-1726  [000] dL.3.    86.961971: funcgraph_entry:        0.200 us   |                        __rcu_read_lock(); (ret=0x0)
           cifsd-1726  [000] dL.3.    86.961972: funcgraph_entry:        0.210 us   |                        notifier_call_chain(); (ret=0x0)
           cifsd-1726  [000] dL.3.    86.961972: funcgraph_entry:        0.220 us   |                        __rcu_read_unlock(); (ret=0x0)
           cifsd-1726  [000] dL.3.    86.961972: funcgraph_exit:         1.570 us   |                      } (ret=0x0)
           cifsd-1726  [000] dL.3.    86.961973: funcgraph_entry:                   |                      atomic_notifier_call_chain() {
           cifsd-1726  [000] dL.3.    86.961973: funcgraph_entry:        0.210 us   |                        __rcu_read_lock(); (ret=0x0)
           cifsd-1726  [000] dL.3.    86.961973: funcgraph_entry:        0.210 us   |                        notifier_call_chain(); (ret=0x0)
           cifsd-1726  [000] dL.3.    86.961974: funcgraph_entry:        0.210 us   |                        __rcu_read_unlock(); (ret=0x0)
           cifsd-1726  [000] dL.3.    86.961974: funcgraph_exit:         1.560 us   |                      } (ret=0x0)
           cifsd-1726  [000] dL.3.    86.961974: funcgraph_entry:                   |                      atomic_notifier_call_chain() {
           cifsd-1726  [000] dL.3.    86.961975: funcgraph_entry:        0.200 us   |                        __rcu_read_lock(); (ret=0x0)
           cifsd-1726  [000] dL.3.    86.961975: funcgraph_entry:        0.210 us   |                        notifier_call_chain(); (ret=0x0)
           cifsd-1726  [000] dL.3.    86.961976: funcgraph_entry:        0.220 us   |                        __rcu_read_unlock(); (ret=0x0)
           cifsd-1726  [000] dL.3.    86.961976: funcgraph_exit:         1.560 us   |                      } (ret=0x0)
           cifsd-1726  [000] dL.3.    86.961976: funcgraph_entry:                   |                      atomic_notifier_call_chain() {
           cifsd-1726  [000] dL.3.    86.961976: funcgraph_entry:        0.210 us   |                        __rcu_read_lock(); (ret=0x0)
           cifsd-1726  [000] dL.3.    86.961977: funcgraph_entry:        0.210 us   |                        notifier_call_chain(); (ret=0x0)
           cifsd-1726  [000] dL.3.    86.961977: funcgraph_entry:        0.210 us   |                        __rcu_read_unlock(); (ret=0x0)
           cifsd-1726  [000] dL.3.    86.961978: funcgraph_exit:         1.560 us   |                      } (ret=0x0)
           cifsd-1726  [000] dL.3.    86.961978: funcgraph_entry:                   |                      atomic_notifier_call_chain() {
           cifsd-1726  [000] dL.3.    86.961978: funcgraph_entry:        0.200 us   |                        __rcu_read_lock(); (ret=0x0)
           cifsd-1726  [000] dL.3.    86.961979: funcgraph_entry:        0.220 us   |                        notifier_call_chain(); (ret=0x0)
           cifsd-1726  [000] dL.3.    86.961979: funcgraph_entry:        0.220 us   |                        __rcu_read_unlock(); (ret=0x0)
           cifsd-1726  [000] dL.3.    86.961980: funcgraph_exit:         1.560 us   |                      } (ret=0x0)
           cifsd-1726  [000] dL.3.    86.961980: funcgraph_entry:                   |                      atomic_notifier_call_chain() {
           cifsd-1726  [000] dL.3.    86.961980: funcgraph_entry:        0.210 us   |                        __rcu_read_lock(); (ret=0x0)
           cifsd-1726  [000] dL.3.    86.961981: funcgraph_entry:        0.210 us   |                        notifier_call_chain(); (ret=0x0)
           cifsd-1726  [000] dL.3.    86.961981: funcgraph_entry:        0.210 us   |                        __rcu_read_unlock(); (ret=0x0)
           cifsd-1726  [000] dL.3.    86.961981: funcgraph_exit:         1.560 us   |                      } (ret=0x0)
           cifsd-1726  [000] dL.3.    86.961982: funcgraph_entry:                   |                      atomic_notifier_call_chain() {
           cifsd-1726  [000] dL.3.    86.961982: funcgraph_entry:        0.200 us   |                        __rcu_read_lock(); (ret=0x0)
           cifsd-1726  [000] dL.3.    86.961982: funcgraph_entry:        0.220 us   |                        notifier_call_chain(); (ret=0x0)
           cifsd-1726  [000] dL.3.    86.961983: funcgraph_entry:        0.210 us   |                        __rcu_read_unlock(); (ret=0x0)
           cifsd-1726  [000] dL.3.    86.961983: funcgraph_exit:         1.560 us   |                      } (ret=0x0)
           cifsd-1726  [000] dL.3.    86.961983: funcgraph_entry:                   |                      atomic_notifier_call_chain() {
           cifsd-1726  [000] dL.3.    86.961984: funcgraph_entry:        0.570 us   |                        __rcu_read_lock(); (ret=0x0)
           cifsd-1726  [000] dL.3.    86.961985: funcgraph_entry:        0.220 us   |                        notifier_call_chain(); (ret=0x0)
           cifsd-1726  [000] dL.3.    86.961985: funcgraph_entry:        0.210 us   |                        __rcu_read_unlock(); (ret=0x0)
           cifsd-1726  [000] dL.3.    86.961985: funcgraph_exit:         1.930 us   |                      } (ret=0x0)
           cifsd-1726  [000] dL.3.    86.961986: funcgraph_entry:                   |                      atomic_notifier_call_chain() {
           cifsd-1726  [000] dL.3.    86.961986: funcgraph_entry:        0.200 us   |                        __rcu_read_lock(); (ret=0x0)
           cifsd-1726  [000] dL.3.    86.961986: funcgraph_entry:        0.210 us   |                        notifier_call_chain(); (ret=0x0)
           cifsd-1726  [000] dL.3.    86.961987: funcgraph_entry:        0.210 us   |                        __rcu_read_unlock(); (ret=0x0)
           cifsd-1726  [000] dL.3.    86.961987: funcgraph_exit:         1.560 us   |                      } (ret=0x0)
           cifsd-1726  [000] dL.3.    86.961987: funcgraph_entry:                   |                      atomic_notifier_call_chain() {
           cifsd-1726  [000] dL.3.    86.961988: funcgraph_entry:        0.200 us   |                        __rcu_read_lock(); (ret=0x0)
           cifsd-1726  [000] dL.3.    86.961988: funcgraph_entry:        0.210 us   |                        notifier_call_chain(); (ret=0x0)
           cifsd-1726  [000] dL.3.    86.961989: funcgraph_entry:        0.210 us   |                        __rcu_read_unlock(); (ret=0x0)
           cifsd-1726  [000] dL.3.    86.961989: funcgraph_exit:         1.560 us   |                      } (ret=0x0)
           cifsd-1726  [000] dL.3.    86.961989: funcgraph_entry:                   |                      atomic_notifier_call_chain() {
           cifsd-1726  [000] dL.3.    86.961989: funcgraph_entry:        0.210 us   |                        __rcu_read_lock(); (ret=0x0)
           cifsd-1726  [000] dL.3.    86.961990: funcgraph_entry:        0.210 us   |                        notifier_call_chain(); (ret=0x0)
           cifsd-1726  [000] dL.3.    86.961990: funcgraph_entry:        0.210 us   |                        __rcu_read_unlock(); (ret=0x0)
           cifsd-1726  [000] dL.3.    86.961991: funcgraph_exit:         1.560 us   |                      } (ret=0x0)
           cifsd-1726  [000] dL.3.    86.961991: funcgraph_entry:                   |                      atomic_notifier_call_chain() {
           cifsd-1726  [000] dL.3.    86.961991: funcgraph_entry:        0.210 us   |                        __rcu_read_lock(); (ret=0x0)
           cifsd-1726  [000] dL.3.    86.961992: funcgraph_entry:        0.210 us   |                        notifier_call_chain(); (ret=0x0)
           cifsd-1726  [000] dL.3.    86.961992: funcgraph_entry:        0.210 us   |                        __rcu_read_unlock(); (ret=0x0)
           cifsd-1726  [000] dL.3.    86.961993: funcgraph_exit:         1.560 us   |                      } (ret=0x0)
           cifsd-1726  [000] dL.3.    86.961993: funcgraph_entry:                   |                      atomic_notifier_call_chain() {
           cifsd-1726  [000] dL.3.    86.961993: funcgraph_entry:        0.200 us   |                        __rcu_read_lock(); (ret=0x0)
           cifsd-1726  [000] dL.3.    86.961994: funcgraph_entry:        0.210 us   |                        notifier_call_chain(); (ret=0x0)
           cifsd-1726  [000] dL.3.    86.961994: funcgraph_entry:        0.210 us   |                        __rcu_read_unlock(); (ret=0x0)
           cifsd-1726  [000] dL.3.    86.961994: funcgraph_exit:         1.550 us   |                      } (ret=0x0)
           cifsd-1726  [000] dL.3.    86.961995: funcgraph_entry:                   |                      atomic_notifier_call_chain() {
           cifsd-1726  [000] dL.3.    86.961995: funcgraph_entry:        0.200 us   |                        __rcu_read_lock(); (ret=0x0)
           cifsd-1726  [000] dL.3.    86.961995: funcgraph_entry:        0.210 us   |                        notifier_call_chain(); (ret=0x0)
           cifsd-1726  [000] dL.3.    86.961996: funcgraph_entry:        0.210 us   |                        __rcu_read_unlock(); (ret=0x0)
           cifsd-1726  [000] dL.3.    86.961996: funcgraph_exit:         1.570 us   |                      } (ret=0x0)
           cifsd-1726  [000] dL.3.    86.961996: funcgraph_entry:                   |                      atomic_notifier_call_chain() {
           cifsd-1726  [000] dL.3.    86.961997: funcgraph_entry:        0.200 us   |                        __rcu_read_lock(); (ret=0x0)
           cifsd-1726  [000] dL.3.    86.961997: funcgraph_entry:        0.220 us   |                        notifier_call_chain(); (ret=0x0)
           cifsd-1726  [000] dL.3.    86.961998: funcgraph_entry:        0.220 us   |                        __rcu_read_unlock(); (ret=0x0)
           cifsd-1726  [000] dL.3.    86.961998: funcgraph_exit:         1.560 us   |                      } (ret=0x0)
           cifsd-1726  [000] dL.3.    86.961998: funcgraph_entry:                   |                      atomic_notifier_call_chain() {
           cifsd-1726  [000] dL.3.    86.961998: funcgraph_entry:        0.210 us   |                        __rcu_read_lock(); (ret=0x0)
           cifsd-1726  [000] dL.3.    86.961999: funcgraph_entry:        0.210 us   |                        notifier_call_chain(); (ret=0x0)
           cifsd-1726  [000] dL.3.    86.961999: funcgraph_entry:        0.210 us   |                        __rcu_read_unlock(); (ret=0x0)
           cifsd-1726  [000] dL.3.    86.962000: funcgraph_exit:         1.560 us   |                      } (ret=0x0)
           cifsd-1726  [000] dL.3.    86.962000: funcgraph_entry:                   |                      atomic_notifier_call_chain() {
           cifsd-1726  [000] dL.3.    86.962000: funcgraph_entry:        0.200 us   |                        __rcu_read_lock(); (ret=0x0)
           cifsd-1726  [000] dL.3.    86.962001: funcgraph_entry:        0.210 us   |                        notifier_call_chain(); (ret=0x0)
           cifsd-1726  [000] dL.3.    86.962001: funcgraph_entry:        0.220 us   |                        __rcu_read_unlock(); (ret=0x0)
           cifsd-1726  [000] dL.3.    86.962002: funcgraph_exit:         1.560 us   |                      } (ret=0x0)
           cifsd-1726  [000] dL.3.    86.962002: funcgraph_entry:                   |                      atomic_notifier_call_chain() {
           cifsd-1726  [000] dL.3.    86.962002: funcgraph_entry:        0.210 us   |                        __rcu_read_lock(); (ret=0x0)
           cifsd-1726  [000] dL.3.    86.962003: funcgraph_entry:        0.220 us   |                        notifier_call_chain(); (ret=0x0)
           cifsd-1726  [000] dL.3.    86.962003: funcgraph_entry:        0.210 us   |                        __rcu_read_unlock(); (ret=0x0)
           cifsd-1726  [000] dL.3.    86.962003: funcgraph_exit:         1.560 us   |                      } (ret=0x0)
           cifsd-1726  [000] dL.3.    86.962004: funcgraph_entry:                   |                      atomic_notifier_call_chain() {
           cifsd-1726  [000] dL.3.    86.962004: funcgraph_entry:        0.200 us   |                        __rcu_read_lock(); (ret=0x0)
           cifsd-1726  [000] dL.3.    86.962004: funcgraph_entry:        0.210 us   |                        notifier_call_chain(); (ret=0x0)
           cifsd-1726  [000] dL.3.    86.962005: funcgraph_entry:        0.210 us   |                        __rcu_read_unlock(); (ret=0x0)
           cifsd-1726  [000] dL.3.    86.962005: funcgraph_exit:         1.560 us   |                      } (ret=0x0)
           cifsd-1726  [000] dL.3.    86.962005: funcgraph_entry:                   |                      atomic_notifier_call_chain() {
           cifsd-1726  [000] dL.3.    86.962006: funcgraph_entry:        0.200 us   |                        __rcu_read_lock(); (ret=0x0)
           cifsd-1726  [000] dL.3.    86.962006: funcgraph_entry:        0.210 us   |                        notifier_call_chain(); (ret=0x0)
           cifsd-1726  [000] dL.3.    86.962007: funcgraph_entry:        0.220 us   |                        __rcu_read_unlock(); (ret=0x0)
           cifsd-1726  [000] dL.3.    86.962007: funcgraph_exit:         1.560 us   |                      } (ret=0x0)
           cifsd-1726  [000] dL.3.    86.962007: funcgraph_entry:                   |                      atomic_notifier_call_chain() {
           cifsd-1726  [000] dL.3.    86.962008: funcgraph_entry:        0.210 us   |                        __rcu_read_lock(); (ret=0x0)
           cifsd-1726  [000] dL.3.    86.962008: funcgraph_entry:        0.210 us   |                        notifier_call_chain(); (ret=0x0)
           cifsd-1726  [000] dL.3.    86.962009: funcgraph_entry:        0.220 us   |                        __rcu_read_unlock(); (ret=0x0)
           cifsd-1726  [000] dL.3.    86.962009: funcgraph_exit:         1.560 us   |                      } (ret=0x0)
           cifsd-1726  [000] dL.3.    86.962009: funcgraph_entry:                   |                      atomic_notifier_call_chain() {
           cifsd-1726  [000] dL.3.    86.962009: funcgraph_entry:        0.210 us   |                        __rcu_read_lock(); (ret=0x0)
           cifsd-1726  [000] dL.3.    86.962010: funcgraph_entry:        0.200 us   |                        notifier_call_chain(); (ret=0x0)
           cifsd-1726  [000] dL.3.    86.962010: funcgraph_entry:        0.210 us   |                        __rcu_read_unlock(); (ret=0x0)
           cifsd-1726  [000] dL.3.    86.962011: funcgraph_exit:         1.560 us   |                      } (ret=0x0)
           cifsd-1726  [000] dL.3.    86.962011: funcgraph_entry:                   |                      atomic_notifier_call_chain() {
           cifsd-1726  [000] dL.3.    86.962011: funcgraph_entry:        0.200 us   |                        __rcu_read_lock(); (ret=0x0)
           cifsd-1726  [000] dL.3.    86.962012: funcgraph_entry:        0.210 us   |                        notifier_call_chain(); (ret=0x0)
           cifsd-1726  [000] dL.3.    86.962012: funcgraph_entry:        0.210 us   |                        __rcu_read_unlock(); (ret=0x0)
           cifsd-1726  [000] dL.3.    86.962013: funcgraph_exit:         1.550 us   |                      } (ret=0x0)
           cifsd-1726  [000] dL.3.    86.962013: funcgraph_entry:                   |                      atomic_notifier_call_chain() {
           cifsd-1726  [000] dL.3.    86.962013: funcgraph_entry:        0.210 us   |                        __rcu_read_lock(); (ret=0x0)
           cifsd-1726  [000] dL.3.    86.962014: funcgraph_entry:        0.200 us   |                        notifier_call_chain(); (ret=0x0)
           cifsd-1726  [000] dL.3.    86.962014: funcgraph_entry:        0.210 us   |                        __rcu_read_unlock(); (ret=0x0)
           cifsd-1726  [000] dL.3.    86.962014: funcgraph_exit:         1.560 us   |                      } (ret=0x0)
           cifsd-1726  [000] dL.3.    86.962015: funcgraph_entry:                   |                      atomic_notifier_call_chain() {
           cifsd-1726  [000] dL.3.    86.962015: funcgraph_entry:        0.200 us   |                        __rcu_read_lock(); (ret=0x0)
           cifsd-1726  [000] dL.3.    86.962015: funcgraph_entry:        0.210 us   |                        notifier_call_chain(); (ret=0x0)
           cifsd-1726  [000] dL.3.    86.962016: funcgraph_entry:        0.210 us   |                        __rcu_read_unlock(); (ret=0x0)
           cifsd-1726  [000] dL.3.    86.962016: funcgraph_exit:         1.550 us   |                      } (ret=0x0)
           cifsd-1726  [000] dL.3.    86.962016: funcgraph_entry:                   |                      atomic_notifier_call_chain() {
           cifsd-1726  [000] dL.3.    86.962017: funcgraph_entry:        0.200 us   |                        __rcu_read_lock(); (ret=0x0)
           cifsd-1726  [000] dL.3.    86.962017: funcgraph_entry:        0.200 us   |                        notifier_call_chain(); (ret=0x0)
           cifsd-1726  [000] dL.3.    86.962018: funcgraph_entry:        0.220 us   |                        __rcu_read_unlock(); (ret=0x0)
           cifsd-1726  [000] dL.3.    86.962018: funcgraph_exit:         1.560 us   |                      } (ret=0x0)
           cifsd-1726  [000] dL.3.    86.962018: funcgraph_entry:                   |                      atomic_notifier_call_chain() {
           cifsd-1726  [000] dL.3.    86.962018: funcgraph_entry:        0.210 us   |                        __rcu_read_lock(); (ret=0x0)
           cifsd-1726  [000] dL.3.    86.962019: funcgraph_entry:        0.220 us   |                        notifier_call_chain(); (ret=0x0)
           cifsd-1726  [000] dL.3.    86.962019: funcgraph_entry:        0.210 us   |                        __rcu_read_unlock(); (ret=0x0)
           cifsd-1726  [000] dL.3.    86.962020: funcgraph_exit:         1.560 us   |                      } (ret=0x0)
           cifsd-1726  [000] dL.3.    86.962020: funcgraph_entry:                   |                      atomic_notifier_call_chain() {
           cifsd-1726  [000] dL.3.    86.962020: funcgraph_entry:        0.210 us   |                        __rcu_read_lock(); (ret=0x0)
           cifsd-1726  [000] dL.3.    86.962021: funcgraph_entry:        0.220 us   |                        notifier_call_chain(); (ret=0x0)
           cifsd-1726  [000] dL.3.    86.962021: funcgraph_entry:        0.210 us   |                        __rcu_read_unlock(); (ret=0x0)
           cifsd-1726  [000] dL.3.    86.962022: funcgraph_exit:         1.560 us   |                      } (ret=0x0)
           cifsd-1726  [000] dL.3.    86.962022: funcgraph_entry:                   |                      atomic_notifier_call_chain() {
           cifsd-1726  [000] dL.3.    86.962022: funcgraph_entry:        0.210 us   |                        __rcu_read_lock(); (ret=0x0)
           cifsd-1726  [000] dL.3.    86.962023: funcgraph_entry:        0.210 us   |                        notifier_call_chain(); (ret=0x0)
           cifsd-1726  [000] dL.3.    86.962023: funcgraph_entry:        0.210 us   |                        __rcu_read_unlock(); (ret=0x0)
           cifsd-1726  [000] dL.3.    86.962023: funcgraph_exit:         1.560 us   |                      } (ret=0x0)
           cifsd-1726  [000] dL.3.    86.962024: funcgraph_entry:                   |                      atomic_notifier_call_chain() {
           cifsd-1726  [000] dL.3.    86.962024: funcgraph_entry:        0.210 us   |                        __rcu_read_lock(); (ret=0x0)
           cifsd-1726  [000] dL.3.    86.962024: funcgraph_entry:        0.210 us   |                        notifier_call_chain(); (ret=0x0)
           cifsd-1726  [000] dL.3.    86.962025: funcgraph_entry:        0.210 us   |                        __rcu_read_unlock(); (ret=0x0)
           cifsd-1726  [000] dL.3.    86.962025: funcgraph_exit:         1.560 us   |                      } (ret=0x0)
           cifsd-1726  [000] dL.3.    86.962025: funcgraph_entry:                   |                      atomic_notifier_call_chain() {
           cifsd-1726  [000] dL.3.    86.962026: funcgraph_entry:        0.210 us   |                        __rcu_read_lock(); (ret=0x0)
           cifsd-1726  [000] dL.3.    86.962026: funcgraph_entry:        0.210 us   |                        notifier_call_chain(); (ret=0x0)
           cifsd-1726  [000] dL.3.    86.962027: funcgraph_entry:        0.210 us   |                        __rcu_read_unlock(); (ret=0x0)
           cifsd-1726  [000] dL.3.    86.962027: funcgraph_exit:         1.560 us   |                      } (ret=0x0)
           cifsd-1726  [000] dL.3.    86.962027: funcgraph_entry:                   |                      atomic_notifier_call_chain() {
           cifsd-1726  [000] dL.3.    86.962027: funcgraph_entry:        0.210 us   |                        __rcu_read_lock(); (ret=0x0)
           cifsd-1726  [000] dL.3.    86.962028: funcgraph_entry:        0.200 us   |                        notifier_call_chain(); (ret=0x0)
           cifsd-1726  [000] dL.3.    86.962028: funcgraph_entry:        0.210 us   |                        __rcu_read_unlock(); (ret=0x0)
           cifsd-1726  [000] dL.3.    86.962029: funcgraph_exit:         1.560 us   |                      } (ret=0x0)
           cifsd-1726  [000] dL.3.    86.962029: funcgraph_entry:                   |                      atomic_notifier_call_chain() {
           cifsd-1726  [000] dL.3.    86.962029: funcgraph_entry:        0.200 us   |                        __rcu_read_lock(); (ret=0x0)
           cifsd-1726  [000] dL.3.    86.962030: funcgraph_entry:        0.210 us   |                        notifier_call_chain(); (ret=0x0)
           cifsd-1726  [000] dL.3.    86.962030: funcgraph_entry:        0.440 us   |                        __rcu_read_unlock(); (ret=0x0)
           cifsd-1726  [000] dL.3.    86.962031: funcgraph_exit:         1.790 us   |                      } (ret=0x0)
           cifsd-1726  [000] dL.3.    86.962031: funcgraph_entry:                   |                      atomic_notifier_call_chain() {
           cifsd-1726  [000] dL.3.    86.962031: funcgraph_entry:        0.210 us   |                        __rcu_read_lock(); (ret=0x0)
           cifsd-1726  [000] dL.3.    86.962032: funcgraph_entry:        0.210 us   |                        notifier_call_chain(); (ret=0x0)
           cifsd-1726  [000] dL.3.    86.962032: funcgraph_entry:        0.210 us   |                        __rcu_read_unlock(); (ret=0x0)
           cifsd-1726  [000] dL.3.    86.962033: funcgraph_exit:         1.560 us   |                      } (ret=0x0)
           cifsd-1726  [000] dL.3.    86.962033: funcgraph_entry:                   |                      atomic_notifier_call_chain() {
           cifsd-1726  [000] dL.3.    86.962033: funcgraph_entry:        0.200 us   |                        __rcu_read_lock(); (ret=0x0)
           cifsd-1726  [000] dL.3.    86.962034: funcgraph_entry:        0.210 us   |                        notifier_call_chain(); (ret=0x0)
           cifsd-1726  [000] dL.3.    86.962034: funcgraph_entry:        0.210 us   |                        __rcu_read_unlock(); (ret=0x0)
           cifsd-1726  [000] dL.3.    86.962034: funcgraph_exit:         1.560 us   |                      } (ret=0x0)
           cifsd-1726  [000] dL.3.    86.962035: funcgraph_entry:        0.220 us   |                      is_console_locked(); (ret=0x1)
           cifsd-1726  [000] dL.3.    86.962035: funcgraph_entry:                   |                      fbcon_putcs() {
           cifsd-1726  [000] dL.3.    86.962035: funcgraph_entry:        0.210 us   |                        is_console_locked(); (ret=0x1)
           cifsd-1726  [000] dL.3.    86.962036: funcgraph_entry:        0.210 us   |                        panic_in_progress(); (ret=0xffffff00)
           cifsd-1726  [000] dL.3.    86.962036: funcgraph_entry:                   |                        get_color() {
           cifsd-1726  [000] dL.3.    86.962037: funcgraph_entry:        0.200 us   |                          fb_get_color_depth(); (ret=0x18)
           cifsd-1726  [000] dL.3.    86.962037: funcgraph_exit:         0.660 us   |                        } (ret=0x0)
           cifsd-1726  [000] dL.3.    86.962037: funcgraph_entry:                   |                        get_color() {
           cifsd-1726  [000] dL.3.    86.962037: funcgraph_entry:        0.200 us   |                          fb_get_color_depth(); (ret=0x18)
           cifsd-1726  [000] dL.3.    86.962038: funcgraph_exit:         0.660 us   |                        } (ret=0x7)
           cifsd-1726  [000] dL.3.    86.962038: funcgraph_entry:                   |                        bit_putcs() {
           cifsd-1726  [000] dL.3.    86.962038: funcgraph_entry:        0.210 us   |                          fb_get_color_depth(); (ret=0x18)
           cifsd-1726  [000] dL.3.    86.962039: funcgraph_entry:        0.220 us   |                          fb_get_buffer_offset(); (ret=0xffff8c6fc74db580)
           cifsd-1726  [000] dL.3.    86.962040: funcgraph_entry:                   |                          drm_fbdev_shmem_defio_imageblit() {
           cifsd-1726  [000] dL.3.    86.962040: funcgraph_entry:        2.770 us   |                            sys_imageblit(); (ret=0x0)
           cifsd-1726  [000] dL.3.    86.962043: funcgraph_entry:                   |                            drm_fb_helper_damage_area() {
           cifsd-1726  [000] dL.3.    86.962043: funcgraph_entry:                   |                              drm_fb_helper_damage.part.0() {
           cifsd-1726  [000] dL.3.    86.962044: funcgraph_entry:        0.220 us   |                                _raw_spin_lock_irqsave(); (ret=0x82)
           cifsd-1726  [000] dL.4.    86.962044: funcgraph_entry:        0.220 us   |                                _raw_spin_unlock_irqrestore(); (ret=0x0)
           cifsd-1726  [000] dL.3.    86.962045: funcgraph_entry:        0.210 us   |                                queue_work_on(); (ret=0x0)
           cifsd-1726  [000] dL.3.    86.962045: funcgraph_exit:         1.600 us   |                              } (ret=0x0)
           cifsd-1726  [000] dL.3.    86.962045: funcgraph_exit:         2.060 us   |                            } (ret=0x0)
           cifsd-1726  [000] dL.3.    86.962045: funcgraph_exit:         5.580 us   |                          } (ret=0x0)
           cifsd-1726  [000] dL.3.    86.962046: funcgraph_exit:         7.540 us   |                        } (ret=0x0)
           cifsd-1726  [000] dL.3.    86.962046: funcgraph_exit:       + 10.740 us  |                      } (ret=0x0)
           cifsd-1726  [000] dL.3.    86.962046: funcgraph_entry:                   |                      lf() {
           cifsd-1726  [000] dL.3.    86.962046: funcgraph_entry:                   |                        atomic_notifier_call_chain() {
           cifsd-1726  [000] dL.3.    86.962047: funcgraph_entry:        0.200 us   |                          __rcu_read_lock(); (ret=0x0)
           cifsd-1726  [000] dL.3.    86.962047: funcgraph_entry:        0.210 us   |                          notifier_call_chain(); (ret=0x0)
           cifsd-1726  [000] dL.3.    86.962047: funcgraph_entry:        0.220 us   |                          __rcu_read_unlock(); (ret=0x0)
           cifsd-1726  [000] dL.3.    86.962048: funcgraph_exit:         1.560 us   |                        } (ret=0x0)
           cifsd-1726  [000] dL.3.    86.962048: funcgraph_exit:         2.010 us   |                      } (ret=0x0)
           cifsd-1726  [000] dL.3.    86.962048: funcgraph_entry:                   |                      atomic_notifier_call_chain() {
           cifsd-1726  [000] dL.3.    86.962049: funcgraph_entry:        0.200 us   |                        __rcu_read_lock(); (ret=0x0)
           cifsd-1726  [000] dL.3.    86.962049: funcgraph_entry:        0.210 us   |                        notifier_call_chain(); (ret=0x0)
           cifsd-1726  [000] dL.3.    86.962050: funcgraph_entry:        0.210 us   |                        __rcu_read_unlock(); (ret=0x0)
           cifsd-1726  [000] dL.3.    86.962050: funcgraph_exit:         1.550 us   |                      } (ret=0x0)
           cifsd-1726  [000] dL.3.    86.962050: funcgraph_entry:                   |                      set_cursor() {
           cifsd-1726  [000] dL.3.    86.962050: funcgraph_entry:        0.210 us   |                        vc_is_sel(); (ret=0x0)
           cifsd-1726  [000] dL.3.    86.962051: funcgraph_entry:        0.220 us   |                        add_softcursor(); (ret=0x0)
           cifsd-1726  [000] dL.3.    86.962051: funcgraph_entry:                   |                        fbcon_cursor() {
           cifsd-1726  [000] dL.3.    86.962052: funcgraph_entry:        0.210 us   |                          is_console_locked(); (ret=0x1)
           cifsd-1726  [000] dL.3.    86.962052: funcgraph_entry:        0.220 us   |                          __msecs_to_jiffies(); (ret=0xc8)
           cifsd-1726  [000] dL.3.    86.962053: funcgraph_entry:        0.220 us   |                          panic_in_progress(); (ret=0xffffff00)
           cifsd-1726  [000] dL.3.    86.962053: funcgraph_entry:        0.220 us   |                          queue_delayed_work_on(); (ret=0x0)
           cifsd-1726  [000] dL.3.    86.962053: funcgraph_entry:                   |                          get_color() {
           cifsd-1726  [000] dL.3.    86.962054: funcgraph_entry:        0.210 us   |                            fb_get_color_depth(); (ret=0x18)
           cifsd-1726  [000] dL.3.    86.962054: funcgraph_exit:         0.660 us   |                          } (ret=0x0)
           cifsd-1726  [000] dL.3.    86.962054: funcgraph_entry:                   |                          get_color() {
           cifsd-1726  [000] dL.3.    86.962055: funcgraph_entry:        0.210 us   |                            fb_get_color_depth(); (ret=0x18)
           cifsd-1726  [000] dL.3.    86.962055: funcgraph_exit:         0.650 us   |                          } (ret=0x7)
           cifsd-1726  [000] dL.3.    86.962055: funcgraph_entry:                   |                          bit_cursor() {
           cifsd-1726  [000] dL.3.    86.962055: funcgraph_entry:        0.200 us   |                            fb_get_color_depth(); (ret=0x18)
           cifsd-1726  [000] dL.3.    86.962056: funcgraph_entry:                   |                            soft_cursor() {
           cifsd-1726  [000] dL.3.    86.962056: funcgraph_entry:        0.210 us   |                              fb_get_buffer_offset(); (ret=0xffff8c6fc74dbab0)
           cifsd-1726  [000] dL.3.    86.962057: funcgraph_entry:        0.220 us   |                              fb_pad_aligned_buffer(); (ret=0x0)
           cifsd-1726  [000] dL.3.    86.962057: funcgraph_entry:                   |                              drm_fbdev_shmem_defio_imageblit() {
           cifsd-1726  [000] dL.3.    86.962058: funcgraph_entry:        0.260 us   |                                sys_imageblit(); (ret=0x0)
           cifsd-1726  [000] dL.3.    86.962058: funcgraph_entry:                   |                                drm_fb_helper_damage_area() {
           cifsd-1726  [000] dL.3.    86.962058: funcgraph_entry:                   |                                  drm_fb_helper_damage.part.0() {
           cifsd-1726  [000] dL.3.    86.962059: funcgraph_entry:        0.210 us   |                                    _raw_spin_lock_irqsave(); (ret=0x82)
           cifsd-1726  [000] dL.4.    86.962059: funcgraph_entry:        0.220 us   |                                    _raw_spin_unlock_irqrestore(); (ret=0x0)
           cifsd-1726  [000] dL.3.    86.962060: funcgraph_entry:        0.210 us   |                                    queue_work_on(); (ret=0x0)
           cifsd-1726  [000] dL.3.    86.962060: funcgraph_exit:         1.590 us   |                                  } (ret=0x0)
           cifsd-1726  [000] dL.3.    86.962060: funcgraph_exit:         2.060 us   |                                } (ret=0x0)
           cifsd-1726  [000] dL.3.    86.962060: funcgraph_exit:         3.010 us   |                              } (ret=0x0)
           cifsd-1726  [000] dL.3.    86.962061: funcgraph_exit:         4.680 us   |                            } (ret=0x0)
           cifsd-1726  [000] dL.3.    86.962061: funcgraph_exit:         5.620 us   |                          } (ret=0x0)
           cifsd-1726  [000] dL.3.    86.962061: funcgraph_exit:         9.710 us   |                        } (ret=0x0)
           cifsd-1726  [000] dL.3.    86.962061: funcgraph_exit:       + 11.090 us  |                      } (ret=0x0)
           cifsd-1726  [000] dL.3.    86.962062: funcgraph_entry:                   |                      atomic_notifier_call_chain() {
           cifsd-1726  [000] dL.3.    86.962062: funcgraph_entry:        0.200 us   |                        __rcu_read_lock(); (ret=0x0)
           cifsd-1726  [000] dL.3.    86.962062: funcgraph_entry:        0.220 us   |                        notifier_call_chain(); (ret=0x0)
           cifsd-1726  [000] dL.3.    86.962063: funcgraph_entry:        0.220 us   |                        __rcu_read_unlock(); (ret=0x0)
           cifsd-1726  [000] dL.3.    86.962063: funcgraph_exit:         1.560 us   |                      } (ret=0x0)
           cifsd-1726  [000] dL.3.    86.962063: funcgraph_entry:        0.220 us   |                      _raw_spin_unlock(); (ret=0x0)
           cifsd-1726  [000] dL.2.    86.962064: funcgraph_exit:       ! 192.360 us |                    } (ret=0x0)
           cifsd-1726  [000] dL.2.    86.962064: funcgraph_entry:                   |                    console_lock_spinning_disable_and_check() {
           cifsd-1726  [000] dL.2.    86.962064: funcgraph_entry:        0.210 us   |                      panic_in_progress(); (ret=0xffffff00)
           cifsd-1726  [000] dL.2.    86.962065: funcgraph_entry:        0.220 us   |                      _raw_spin_lock(); (ret=0x0)
           cifsd-1726  [000] dL.3.    86.962065: funcgraph_entry:        0.220 us   |                      _raw_spin_unlock(); (ret=0x0)
           cifsd-1726  [000] dL.2.    86.962066: funcgraph_exit:         1.580 us   |                    } (ret=0x0)
           cifsd-1726  [000] dL.2.    86.962066: funcgraph_entry:        0.210 us   |                    __printk_safe_exit(); (ret=0x0)
           cifsd-1726  [000] .L.2.    86.962066: funcgraph_entry:        0.210 us   |                    panic_on_other_cpu(); (ret=0x0)
           cifsd-1726  [000] .L.2.    86.962067: funcgraph_entry:        0.230 us   |                    __srcu_read_unlock(); (ret=0x0)
           cifsd-1726  [000] .L.2.    86.962067: funcgraph_exit:       ! 206.480 us |                  } (ret=0x1)
           cifsd-1726  [000] .L.2.    86.962067: funcgraph_entry:                   |                  console_flush_one_record() {
           cifsd-1726  [000] .L.2.    86.962068: funcgraph_entry:                   |                    nbcon_get_default_prio() {
           cifsd-1726  [000] .L.2.    86.962068: funcgraph_entry:        0.210 us   |                      panic_on_this_cpu(); (ret=0xffffff00)
           cifsd-1726  [000] .L.2.    86.962068: funcgraph_entry:                   |                      nbcon_get_cpu_emergency_nesting() {
           cifsd-1726  [000] .L.2.    86.962069: funcgraph_entry:        0.210 us   |                        printk_percpu_data_ready(); (ret=0x1)
           cifsd-1726  [000] .L.2.    86.962069: funcgraph_exit:         0.660 us   |                      } (ret=0xffff8c703bc1d484)
           cifsd-1726  [000] .L.2.    86.962069: funcgraph_exit:         1.560 us   |                    } (ret=0x1)
           cifsd-1726  [000] .L.2.    86.962070: funcgraph_entry:                   |                    is_printk_legacy_deferred() {
           cifsd-1726  [000] .L.2.    86.962070: funcgraph_entry:        0.200 us   |                      is_printk_cpu_sync_owner(); (ret=0xffffff00)
           cifsd-1726  [000] .L.2.    86.962070: funcgraph_exit:         0.670 us   |                    } (ret=0xffffff00)
           cifsd-1726  [000] .L.2.    86.962070: funcgraph_entry:        0.220 us   |                    __srcu_read_lock(); (ret=0x0)
           cifsd-1726  [000] .L.2.    86.962071: funcgraph_entry:                   |                    printk_get_next_message() {
           cifsd-1726  [000] .L.2.    86.962071: funcgraph_entry:                   |                      prb_read_valid() {
           cifsd-1726  [000] .L.2.    86.962071: funcgraph_entry:                   |                        _prb_read_valid() {
           cifsd-1726  [000] .L.2.    86.962072: funcgraph_entry:                   |                          desc_read_finalized_seq() {
           cifsd-1726  [000] .L.2.    86.962072: funcgraph_entry:        0.220 us   |                            desc_read(); (ret=0xffffffff)
           cifsd-1726  [000] .L.2.    86.962072: funcgraph_exit:         0.670 us   |                          } (ret=0xffffffea)
           cifsd-1726  [000] .L.2.    86.962073: funcgraph_entry:        0.220 us   |                          desc_read(); (ret=0x3)
           cifsd-1726  [000] .L.2.    86.962073: funcgraph_entry:        0.220 us   |                          panic_on_this_cpu(); (ret=0xffffff00)
           cifsd-1726  [000] .L.2.    86.962073: funcgraph_exit:         2.060 us   |                        } (ret=0x0)
           cifsd-1726  [000] .L.2.    86.962074: funcgraph_exit:         2.510 us   |                      } (ret=0x0)
           cifsd-1726  [000] .L.2.    86.962074: funcgraph_exit:         2.980 us   |                    } (ret=0x0)
           cifsd-1726  [000] .L.2.    86.962074: funcgraph_entry:        0.220 us   |                    __srcu_read_unlock(); (ret=0x0)
           cifsd-1726  [000] .L.2.    86.962075: funcgraph_exit:         7.100 us   |                  } (ret=0x1)
           cifsd-1726  [000] .L.2.    86.962075: funcgraph_entry:                   |                  __up_console_sem.isra.0() {
           cifsd-1726  [000] dL.2.    86.962075: funcgraph_entry:        0.210 us   |                    __printk_safe_enter(); (ret=0x282)
           cifsd-1726  [000] dL.2.    86.962076: funcgraph_entry:                   |                    up() {
           cifsd-1726  [000] dL.2.    86.962076: funcgraph_entry:        0.210 us   |                      _raw_spin_lock_irqsave(); (ret=0x92)
           cifsd-1726  [000] dL.3.    86.962076: funcgraph_entry:        0.230 us   |                      _raw_spin_unlock_irqrestore(); (ret=0x0)
           cifsd-1726  [000] dL.2.    86.962077: funcgraph_exit:         1.140 us   |                    } (ret=0x0)
           cifsd-1726  [000] dL.2.    86.962077: funcgraph_entry:        0.210 us   |                    __printk_safe_exit(); (ret=0x0)
           cifsd-1726  [000] .L.2.    86.962077: funcgraph_exit:         2.510 us   |                  } (ret=0x0)
           cifsd-1726  [000] .L.2.    86.962078: funcgraph_entry:                   |                  prb_read_valid() {
           cifsd-1726  [000] .L.2.    86.962078: funcgraph_entry:                   |                    _prb_read_valid() {
           cifsd-1726  [000] .L.2.    86.962078: funcgraph_entry:                   |                      desc_read_finalized_seq() {
           cifsd-1726  [000] .L.2.    86.962078: funcgraph_entry:        0.210 us   |                        desc_read(); (ret=0xffffffff)
           cifsd-1726  [000] .L.2.    86.962079: funcgraph_exit:         0.650 us   |                      } (ret=0xffffffea)
           cifsd-1726  [000] .L.2.    86.962079: funcgraph_entry:        0.220 us   |                      desc_read(); (ret=0x3)
           cifsd-1726  [000] .L.2.    86.962079: funcgraph_entry:        0.210 us   |                      panic_on_this_cpu(); (ret=0xffffff00)
           cifsd-1726  [000] .L.2.    86.962080: funcgraph_exit:         2.010 us   |                    } (ret=0x0)
           cifsd-1726  [000] .L.2.    86.962080: funcgraph_exit:         2.470 us   |                  } (ret=0x0)
           cifsd-1726  [000] .L.2.    86.962080: funcgraph_exit:       ! 222.630 us |                } (ret=0x0)
           cifsd-1726  [000] .L.1.    86.962081: funcgraph_entry:        0.250 us   |                __wake_up_klogd(); (ret=0x0)
           cifsd-1726  [000] .L.1.    86.962081: funcgraph_exit:       ! 242.310 us |              } (ret=0x44)
           cifsd-1726  [000] .L.1.    86.962081: funcgraph_exit:       ! 242.780 us |            } (ret=0x44)
           cifsd-1726  [000] .L.1.    86.962082: funcgraph_exit:       ! 243.230 us |          } (ret=0x44)
           cifsd-1726  [000] .L.1.    86.962082: funcgraph_exit:       ! 243.700 us |        } (ret=0x44)
           cifsd-1726  [000] .L.1.    86.962082: funcgraph_exit:       ! 245.190 us |      } (ret=0x0)
           cifsd-1726  [000] .L.1.    86.962082: funcgraph_exit:       ! 245.670 us |    } (ret=0x0)
           cifsd-1726  [000] .L.1.    86.962083: funcgraph_entry:        0.210 us   |    smbd_logging_needed(); (ret=0x1)
           cifsd-1726  [000] .L.1.    86.962083: funcgraph_entry:                   |    __smbdirect_log_printf.constprop.0() {
           cifsd-1726  [000] .L.1.    86.962083: funcgraph_entry:                   |      smbd_logging_vaprintf() {
           cifsd-1726  [000] dL.1.    86.962084: funcgraph_entry:        0.210 us   |        _raw_spin_trylock(); (ret=0x1)
           cifsd-1726  [000] dL.2.    86.962084: funcgraph_entry:        0.220 us   |        _raw_spin_unlock_irqrestore(); (ret=0x0)
           cifsd-1726  [000] .L.1.    86.962084: funcgraph_entry:                   |        _printk() {
           cifsd-1726  [000] .L.1.    86.962085: funcgraph_entry:                   |          vprintk() {
           cifsd-1726  [000] .L.1.    86.962085: funcgraph_entry:                   |            vprintk_default() {
           cifsd-1726  [000] .L.1.    86.962085: funcgraph_entry:                   |              vprintk_emit() {
           cifsd-1726  [000] .L.1.    86.962085: funcgraph_entry:        0.210 us   |                panic_on_other_cpu(); (ret=0x0)
           cifsd-1726  [000] .L.1.    86.962086: funcgraph_entry:                   |                nbcon_get_default_prio() {
           cifsd-1726  [000] .L.1.    86.962086: funcgraph_entry:        0.210 us   |                  panic_on_this_cpu(); (ret=0xffffff00)
           cifsd-1726  [000] .L.1.    86.962087: funcgraph_entry:                   |                  nbcon_get_cpu_emergency_nesting() {
           cifsd-1726  [000] .L.1.    86.962087: funcgraph_entry:        0.210 us   |                    printk_percpu_data_ready(); (ret=0x1)
           cifsd-1726  [000] .L.1.    86.962087: funcgraph_exit:         0.660 us   |                  } (ret=0xffff8c703bc1d484)
           cifsd-1726  [000] .L.1.    86.962087: funcgraph_exit:         1.570 us   |                } (ret=0x1)
           cifsd-1726  [000] .L.1.    86.962088: funcgraph_entry:                   |                is_printk_legacy_deferred() {
           cifsd-1726  [000] .L.1.    86.962088: funcgraph_entry:        0.200 us   |                  is_printk_cpu_sync_owner(); (ret=0xffffff00)
           cifsd-1726  [000] .L.1.    86.962088: funcgraph_exit:         0.660 us   |                } (ret=0xffffff00)
           cifsd-1726  [000] .L.1.    86.962089: funcgraph_entry:        0.220 us   |                is_printk_force_console(); (ret=0x0)
           cifsd-1726  [000] .L.1.    86.962089: funcgraph_entry:                   |                vprintk_store() {
           cifsd-1726  [000] dL.1.    86.962089: funcgraph_entry:        0.240 us   |                  local_clock(); (ret=0x143b9557f9)
           cifsd-1726  [000] dL.1.    86.962090: funcgraph_entry:        0.240 us   |                  printk_parse_prefix(); (ret=0x2)
           cifsd-1726  [000] dL.1.    86.962091: funcgraph_entry:        0.220 us   |                  is_printk_force_console(); (ret=0x0)
           cifsd-1726  [000] dL.1.    86.962091: funcgraph_entry:                   |                  prb_reserve() {
           cifsd-1726  [000] dL.1.    86.962091: funcgraph_entry:                   |                    data_alloc() {
           cifsd-1726  [000] dL.1.    86.962092: funcgraph_entry:        0.210 us   |                      data_push_tail(); (ret=0x1)
           cifsd-1726  [000] dL.1.    86.962092: funcgraph_exit:         0.670 us   |                    } (ret=0xffffffff9aac77a8)
           cifsd-1726  [000] dL.1.    86.962092: funcgraph_entry:        0.230 us   |                    space_used(); (ret=0x60)
           cifsd-1726  [000] dL.1.    86.962093: funcgraph_exit:         1.610 us   |                  } (ret=0xffffc401)
           cifsd-1726  [000] dL.1.    86.962093: funcgraph_entry:                   |                  printk_sprint() {
           cifsd-1726  [000] dL.1.    86.962094: funcgraph_entry:        0.230 us   |                    printk_parse_prefix(); (ret=0x2)
           cifsd-1726  [000] dL.1.    86.962094: funcgraph_exit:         1.050 us   |                  } (ret=0x52)
           cifsd-1726  [000] dL.1.    86.962094: funcgraph_entry:                   |                  prb_final_commit() {
           cifsd-1726  [000] dL.1.    86.962095: funcgraph_entry:        0.210 us   |                    _prb_commit(); (ret=0x0)
           cifsd-1726  [000] dL.1.    86.962095: funcgraph_entry:                   |                    desc_update_last_finalized() {
           cifsd-1726  [000] dL.1.    86.962095: funcgraph_entry:                   |                      _prb_read_valid() {
           cifsd-1726  [000] dL.1.    86.962095: funcgraph_entry:                   |                        desc_read_finalized_seq() {
           cifsd-1726  [000] dL.1.    86.962096: funcgraph_entry:        0.210 us   |                          desc_read(); (ret=0x2)
           cifsd-1726  [000] dL.1.    86.962096: funcgraph_exit:         0.660 us   |                        } (ret=0x0)
           cifsd-1726  [000] dL.1.    86.962096: funcgraph_exit:         1.120 us   |                      } (ret=0x1)
           cifsd-1726  [000] dL.1.    86.962097: funcgraph_entry:                   |                      _prb_read_valid() {
           cifsd-1726  [000] dL.1.    86.962097: funcgraph_entry:                   |                        desc_read_finalized_seq() {
           cifsd-1726  [000] dL.1.    86.962097: funcgraph_entry:        0.220 us   |                          desc_read(); (ret=0xffffffff)
           cifsd-1726  [000] dL.1.    86.962098: funcgraph_exit:         0.660 us   |                        } (ret=0xffffffea)
           cifsd-1726  [000] dL.1.    86.962098: funcgraph_entry:        0.210 us   |                        desc_read(); (ret=0x3)
           cifsd-1726  [000] dL.1.    86.962098: funcgraph_entry:        0.210 us   |                        panic_on_this_cpu(); (ret=0xffffff00)
           cifsd-1726  [000] dL.1.    86.962099: funcgraph_exit:         2.030 us   |                      } (ret=0x0)
           cifsd-1726  [000] dL.1.    86.962099: funcgraph_exit:         3.850 us   |                    } (ret=0x0)
           cifsd-1726  [000] dL.1.    86.962099: funcgraph_exit:         4.780 us   |                  } (ret=0x0)
           cifsd-1726  [000] .L.1.    86.962099: funcgraph_exit:       + 10.310 us  |                } (ret=0x52)
           cifsd-1726  [000] .L.2.    86.962100: funcgraph_entry:        0.220 us   |                panic_on_other_cpu(); (ret=0x0)
           cifsd-1726  [000] .L.2.    86.962100: funcgraph_entry:                   |                __down_trylock_console_sem.isra.0() {
           cifsd-1726  [000] dL.2.    86.962100: funcgraph_entry:        0.210 us   |                  __printk_safe_enter(); (ret=0x282)
           cifsd-1726  [000] dL.2.    86.962101: funcgraph_entry:                   |                  down_trylock() {
           cifsd-1726  [000] dL.2.    86.962101: funcgraph_entry:        0.210 us   |                    _raw_spin_lock_irqsave(); (ret=0x92)
           cifsd-1726  [000] dL.3.    86.962101: funcgraph_entry:        0.220 us   |                    _raw_spin_unlock_irqrestore(); (ret=0x0)
           cifsd-1726  [000] dL.2.    86.962102: funcgraph_exit:         1.150 us   |                  } (ret=0x0)
           cifsd-1726  [000] dL.2.    86.962102: funcgraph_entry:        0.210 us   |                  __printk_safe_exit(); (ret=0x0)
           cifsd-1726  [000] .L.2.    86.962103: funcgraph_exit:         2.540 us   |                } (ret=0x0)
           cifsd-1726  [000] .L.2.    86.962103: funcgraph_entry:                   |                console_unlock() {
           cifsd-1726  [000] .L.2.    86.962103: funcgraph_entry:                   |                  nbcon_get_default_prio() {
           cifsd-1726  [000] .L.2.    86.962103: funcgraph_entry:        0.200 us   |                    panic_on_this_cpu(); (ret=0xffffff00)
           cifsd-1726  [000] .L.2.    86.962104: funcgraph_entry:                   |                    nbcon_get_cpu_emergency_nesting() {
           cifsd-1726  [000] .L.2.    86.962104: funcgraph_entry:        0.210 us   |                      printk_percpu_data_ready(); (ret=0x1)
           cifsd-1726  [000] .L.2.    86.962104: funcgraph_exit:         0.660 us   |                    } (ret=0xffff8c703bc1d484)
           cifsd-1726  [000] .L.2.    86.962105: funcgraph_exit:         1.560 us   |                  } (ret=0x1)
           cifsd-1726  [000] .L.2.    86.962105: funcgraph_entry:                   |                  is_printk_legacy_deferred() {
           cifsd-1726  [000] .L.2.    86.962105: funcgraph_entry:        0.210 us   |                    is_printk_cpu_sync_owner(); (ret=0xffffff00)
           cifsd-1726  [000] .L.2.    86.962106: funcgraph_exit:         0.680 us   |                  } (ret=0xffffff00)
           cifsd-1726  [000] .L.2.    86.962106: funcgraph_entry:                   |                  console_flush_one_record() {
           cifsd-1726  [000] .L.2.    86.962106: funcgraph_entry:                   |                    nbcon_get_default_prio() {
           cifsd-1726  [000] .L.2.    86.962107: funcgraph_entry:        0.200 us   |                      panic_on_this_cpu(); (ret=0xffffff00)
           cifsd-1726  [000] .L.2.    86.962107: funcgraph_entry:                   |                      nbcon_get_cpu_emergency_nesting() {
           cifsd-1726  [000] .L.2.    86.962107: funcgraph_entry:        0.210 us   |                        printk_percpu_data_ready(); (ret=0x1)
           cifsd-1726  [000] .L.2.    86.962108: funcgraph_exit:         0.660 us   |                      } (ret=0xffff8c703bc1d484)
           cifsd-1726  [000] .L.2.    86.962108: funcgraph_exit:         1.570 us   |                    } (ret=0x1)
           cifsd-1726  [000] .L.2.    86.962108: funcgraph_entry:                   |                    is_printk_legacy_deferred() {
           cifsd-1726  [000] .L.2.    86.962108: funcgraph_entry:        0.200 us   |                      is_printk_cpu_sync_owner(); (ret=0xffffff00)
           cifsd-1726  [000] .L.2.    86.962109: funcgraph_exit:         0.670 us   |                    } (ret=0xffffff00)
           cifsd-1726  [000] .L.2.    86.962109: funcgraph_entry:        0.220 us   |                    __srcu_read_lock(); (ret=0x0)
           cifsd-1726  [000] .L.2.    86.962109: funcgraph_entry:                   |                    printk_get_next_message() {
           cifsd-1726  [000] .L.2.    86.962110: funcgraph_entry:                   |                      prb_read_valid() {
           cifsd-1726  [000] .L.2.    86.962110: funcgraph_entry:                   |                        _prb_read_valid() {
           cifsd-1726  [000] .L.2.    86.962110: funcgraph_entry:                   |                          desc_read_finalized_seq() {
           cifsd-1726  [000] .L.2.    86.962110: funcgraph_entry:        0.220 us   |                            desc_read(); (ret=0x2)
           cifsd-1726  [000] .L.2.    86.962111: funcgraph_exit:         0.670 us   |                          } (ret=0x0)
           cifsd-1726  [000] .L.2.    86.962111: funcgraph_entry:        0.220 us   |                          get_data(); (ret=0xffffffff9aac77a8)
           cifsd-1726  [000] .L.2.    86.962112: funcgraph_entry:                   |                          desc_read_finalized_seq() {
           cifsd-1726  [000] .L.2.    86.962112: funcgraph_entry:        0.210 us   |                            desc_read(); (ret=0x2)
           cifsd-1726  [000] .L.2.    86.962112: funcgraph_exit:         0.670 us   |                          } (ret=0x0)
           cifsd-1726  [000] .L.2.    86.962113: funcgraph_exit:         2.520 us   |                        } (ret=0x1)
           cifsd-1726  [000] .L.2.    86.962113: funcgraph_exit:         2.980 us   |                      } (ret=0x1)
           cifsd-1726  [000] .L.2.    86.962113: funcgraph_entry:                   |                      record_print_text() {
           cifsd-1726  [000] .L.2.    86.962113: funcgraph_entry:        0.420 us   |                        info_print_prefix(); (ret=0xf)
           cifsd-1726  [000] .L.2.    86.962114: funcgraph_exit:         0.980 us   |                      } (ret=0x62)
           cifsd-1726  [000] .L.2.    86.962114: funcgraph_exit:         4.690 us   |                    } (ret=0x1)
           cifsd-1726  [000] dL.2.    86.962114: funcgraph_entry:        0.220 us   |                    __printk_safe_enter(); (ret=0x246)
           cifsd-1726  [000] dL.2.    86.962115: funcgraph_entry:        0.220 us   |                    panic_in_progress(); (ret=0xffffff00)
           cifsd-1726  [000] dL.2.    86.962115: funcgraph_entry:        0.220 us   |                    _raw_spin_lock(); (ret=0x0)
           cifsd-1726  [000] dL.3.    86.962116: funcgraph_entry:        0.230 us   |                    _raw_spin_unlock(); (ret=0x0)
           cifsd-1726  [000] dL.2.    86.962116: funcgraph_entry:                   |                    vt_console_print() {
           cifsd-1726  [000] dL.2.    86.962117: funcgraph_entry:        0.210 us   |                      is_console_locked(); (ret=0x1)
           cifsd-1726  [000] dL.2.    86.962117: funcgraph_entry:        0.230 us   |                      _raw_spin_trylock(); (ret=0x1)
           cifsd-1726  [000] dL.3.    86.962117: funcgraph_entry:                   |                      hide_cursor() {
           cifsd-1726  [000] dL.3.    86.962118: funcgraph_entry:        0.210 us   |                        vc_is_sel(); (ret=0x0)
           cifsd-1726  [000] dL.3.    86.962118: funcgraph_entry:                   |                        fbcon_cursor() {
           cifsd-1726  [000] dL.3.    86.962118: funcgraph_entry:        0.210 us   |                          is_console_locked(); (ret=0x1)
           cifsd-1726  [000] dL.3.    86.962119: funcgraph_entry:        0.220 us   |                          __msecs_to_jiffies(); (ret=0xc8)
           cifsd-1726  [000] dL.3.    86.962119: funcgraph_entry:        0.210 us   |                          panic_in_progress(); (ret=0xffffff00)
           cifsd-1726  [000] dL.3.    86.962120: funcgraph_entry:        0.220 us   |                          queue_delayed_work_on(); (ret=0x0)
           cifsd-1726  [000] dL.3.    86.962120: funcgraph_entry:                   |                          get_color() {
           cifsd-1726  [000] dL.3.    86.962120: funcgraph_entry:        0.210 us   |                            fb_get_color_depth(); (ret=0x18)
           cifsd-1726  [000] dL.3.    86.962121: funcgraph_exit:         0.670 us   |                          } (ret=0x0)
           cifsd-1726  [000] dL.3.    86.962121: funcgraph_entry:                   |                          get_color() {
           cifsd-1726  [000] dL.3.    86.962121: funcgraph_entry:        0.200 us   |                            fb_get_color_depth(); (ret=0x18)
           cifsd-1726  [000] dL.3.    86.962122: funcgraph_exit:         0.670 us   |                          } (ret=0x7)
           cifsd-1726  [000] dL.3.    86.962122: funcgraph_entry:                   |                          bit_cursor() {
           cifsd-1726  [000] dL.3.    86.962122: funcgraph_entry:        0.210 us   |                            fb_get_color_depth(); (ret=0x18)
           cifsd-1726  [000] dL.3.    86.962123: funcgraph_entry:                   |                            soft_cursor() {
           cifsd-1726  [000] dL.3.    86.962123: funcgraph_entry:        0.210 us   |                              fb_get_buffer_offset(); (ret=0xffff8c6fc74dbac0)
           cifsd-1726  [000] dL.3.    86.962124: funcgraph_entry:        0.230 us   |                              fb_pad_aligned_buffer(); (ret=0x0)
           cifsd-1726  [000] dL.3.    86.962124: funcgraph_entry:                   |                              drm_fbdev_shmem_defio_imageblit() {
           cifsd-1726  [000] dL.3.    86.962124: funcgraph_entry:        0.240 us   |                                sys_imageblit(); (ret=0x0)
           cifsd-1726  [000] dL.3.    86.962125: funcgraph_entry:                   |                                drm_fb_helper_damage_area() {
           cifsd-1726  [000] dL.3.    86.962125: funcgraph_entry:                   |                                  drm_fb_helper_damage.part.0() {
           cifsd-1726  [000] dL.3.    86.962125: funcgraph_entry:        0.210 us   |                                    _raw_spin_lock_irqsave(); (ret=0x82)
           cifsd-1726  [000] dL.4.    86.962126: funcgraph_entry:        0.230 us   |                                    _raw_spin_unlock_irqrestore(); (ret=0x0)
           cifsd-1726  [000] dL.3.    86.962126: funcgraph_entry:        0.220 us   |                                    queue_work_on(); (ret=0x0)
           cifsd-1726  [000] dL.3.    86.962127: funcgraph_exit:         1.610 us   |                                  } (ret=0x0)
           cifsd-1726  [000] dL.3.    86.962127: funcgraph_exit:         2.070 us   |                                } (ret=0x0)
           cifsd-1726  [000] dL.3.    86.962127: funcgraph_exit:         3.020 us   |                              } (ret=0x0)
           cifsd-1726  [000] dL.3.    86.962127: funcgraph_exit:         4.460 us   |                            } (ret=0x0)
           cifsd-1726  [000] dL.3.    86.962128: funcgraph_exit:         5.400 us   |                          } (ret=0x0)
           cifsd-1726  [000] dL.3.    86.962128: funcgraph_exit:         9.550 us   |                        } (ret=0x0)
           cifsd-1726  [000] dL.3.    86.962128: funcgraph_exit:       + 10.500 us  |                      } (ret=0x0)
           cifsd-1726  [000] dL.3.    86.962128: funcgraph_entry:                   |                      atomic_notifier_call_chain() {
           cifsd-1726  [000] dL.3.    86.962129: funcgraph_entry:        0.210 us   |                        __rcu_read_lock(); (ret=0x0)
           cifsd-1726  [000] dL.3.    86.962129: funcgraph_entry:        0.590 us   |                        notifier_call_chain(); (ret=0x0)
           cifsd-1726  [000] dL.3.    86.962130: funcgraph_entry:        0.220 us   |                        __rcu_read_unlock(); (ret=0x0)
           cifsd-1726  [000] dL.3.    86.962130: funcgraph_exit:         1.970 us   |                      } (ret=0x0)
           cifsd-1726  [000] dL.3.    86.962131: funcgraph_entry:                   |                      atomic_notifier_call_chain() {
           cifsd-1726  [000] dL.3.    86.962131: funcgraph_entry:        0.200 us   |                        __rcu_read_lock(); (ret=0x0)
           cifsd-1726  [000] dL.3.    86.962131: funcgraph_entry:        0.220 us   |                        notifier_call_chain(); (ret=0x0)
           cifsd-1726  [000] dL.3.    86.962132: funcgraph_entry:        0.210 us   |                        __rcu_read_unlock(); (ret=0x0)
           cifsd-1726  [000] dL.3.    86.962132: funcgraph_exit:         1.560 us   |                      } (ret=0x0)
           cifsd-1726  [000] dL.3.    86.962132: funcgraph_entry:                   |                      atomic_notifier_call_chain() {
           cifsd-1726  [000] dL.3.    86.962133: funcgraph_entry:        0.210 us   |                        __rcu_read_lock(); (ret=0x0)
           cifsd-1726  [000] dL.3.    86.962133: funcgraph_entry:        0.210 us   |                        notifier_call_chain(); (ret=0x0)
           cifsd-1726  [000] dL.3.    86.962133: funcgraph_entry:        0.210 us   |                        __rcu_read_unlock(); (ret=0x0)
           cifsd-1726  [000] dL.3.    86.962134: funcgraph_exit:         1.560 us   |                      } (ret=0x0)
           cifsd-1726  [000] dL.3.    86.962134: funcgraph_entry:                   |                      atomic_notifier_call_chain() {
           cifsd-1726  [000] dL.3.    86.962134: funcgraph_entry:        0.200 us   |                        __rcu_read_lock(); (ret=0x0)
           cifsd-1726  [000] dL.3.    86.962135: funcgraph_entry:        0.220 us   |                        notifier_call_chain(); (ret=0x0)
           cifsd-1726  [000] dL.3.    86.962135: funcgraph_entry:        0.220 us   |                        __rcu_read_unlock(); (ret=0x0)
           cifsd-1726  [000] dL.3.    86.962136: funcgraph_exit:         1.570 us   |                      } (ret=0x0)
           cifsd-1726  [000] dL.3.    86.962136: funcgraph_entry:                   |                      atomic_notifier_call_chain() {
           cifsd-1726  [000] dL.3.    86.962136: funcgraph_entry:        0.210 us   |                        __rcu_read_lock(); (ret=0x0)
           cifsd-1726  [000] dL.3.    86.962137: funcgraph_entry:        0.210 us   |                        notifier_call_chain(); (ret=0x0)
           cifsd-1726  [000] dL.3.    86.962137: funcgraph_entry:        0.220 us   |                        __rcu_read_unlock(); (ret=0x0)
           cifsd-1726  [000] dL.3.    86.962138: funcgraph_exit:         1.570 us   |                      } (ret=0x0)
           cifsd-1726  [000] dL.3.    86.962138: funcgraph_entry:                   |                      atomic_notifier_call_chain() {
           cifsd-1726  [000] dL.3.    86.962138: funcgraph_entry:        0.210 us   |                        __rcu_read_lock(); (ret=0x0)
           cifsd-1726  [000] dL.3.    86.962138: funcgraph_entry:        0.210 us   |                        notifier_call_chain(); (ret=0x0)
           cifsd-1726  [000] dL.3.    86.962139: funcgraph_entry:        0.220 us   |                        __rcu_read_unlock(); (ret=0x0)
           cifsd-1726  [000] dL.3.    86.962139: funcgraph_exit:         1.580 us   |                      } (ret=0x0)
           cifsd-1726  [000] dL.3.    86.962140: funcgraph_entry:                   |                      atomic_notifier_call_chain() {
           cifsd-1726  [000] dL.3.    86.962140: funcgraph_entry:        0.210 us   |                        __rcu_read_lock(); (ret=0x0)
           cifsd-1726  [000] dL.3.    86.962140: funcgraph_entry:        0.210 us   |                        notifier_call_chain(); (ret=0x0)
           cifsd-1726  [000] dL.3.    86.962141: funcgraph_entry:        0.220 us   |                        __rcu_read_unlock(); (ret=0x0)
           cifsd-1726  [000] dL.3.    86.962141: funcgraph_exit:         1.570 us   |                      } (ret=0x0)
           cifsd-1726  [000] dL.3.    86.962141: funcgraph_entry:                   |                      atomic_notifier_call_chain() {
           cifsd-1726  [000] dL.3.    86.962142: funcgraph_entry:        0.200 us   |                        __rcu_read_lock(); (ret=0x0)
           cifsd-1726  [000] dL.3.    86.962142: funcgraph_entry:        0.210 us   |                        notifier_call_chain(); (ret=0x0)
           cifsd-1726  [000] dL.3.    86.962143: funcgraph_entry:        0.210 us   |                        __rcu_read_unlock(); (ret=0x0)
           cifsd-1726  [000] dL.3.    86.962143: funcgraph_exit:         1.570 us   |                      } (ret=0x0)
           cifsd-1726  [000] dL.3.    86.962143: funcgraph_entry:                   |                      atomic_notifier_call_chain() {
           cifsd-1726  [000] dL.3.    86.962143: funcgraph_entry:        0.200 us   |                        __rcu_read_lock(); (ret=0x0)
           cifsd-1726  [000] dL.3.    86.962144: funcgraph_entry:        0.220 us   |                        notifier_call_chain(); (ret=0x0)
           cifsd-1726  [000] dL.3.    86.962144: funcgraph_entry:        0.210 us   |                        __rcu_read_unlock(); (ret=0x0)
           cifsd-1726  [000] dL.3.    86.962145: funcgraph_exit:         1.560 us   |                      } (ret=0x0)
           cifsd-1726  [000] dL.3.    86.962145: funcgraph_entry:                   |                      atomic_notifier_call_chain() {
           cifsd-1726  [000] dL.3.    86.962145: funcgraph_entry:        0.200 us   |                        __rcu_read_lock(); (ret=0x0)
           cifsd-1726  [000] dL.3.    86.962146: funcgraph_entry:        0.210 us   |                        notifier_call_chain(); (ret=0x0)
           cifsd-1726  [000] dL.3.    86.962146: funcgraph_entry:        0.210 us   |                        __rcu_read_unlock(); (ret=0x0)
           cifsd-1726  [000] dL.3.    86.962147: funcgraph_exit:         1.570 us   |                      } (ret=0x0)
           cifsd-1726  [000] dL.3.    86.962147: funcgraph_entry:                   |                      atomic_notifier_call_chain() {
           cifsd-1726  [000] dL.3.    86.962147: funcgraph_entry:        0.200 us   |                        __rcu_read_lock(); (ret=0x0)
           cifsd-1726  [000] dL.3.    86.962147: funcgraph_entry:        0.220 us   |                        notifier_call_chain(); (ret=0x0)
           cifsd-1726  [000] dL.3.    86.962148: funcgraph_entry:        0.210 us   |                        __rcu_read_unlock(); (ret=0x0)
           cifsd-1726  [000] dL.3.    86.962148: funcgraph_exit:         1.560 us   |                      } (ret=0x0)
           cifsd-1726  [000] dL.3.    86.962149: funcgraph_entry:                   |                      atomic_notifier_call_chain() {
           cifsd-1726  [000] dL.3.    86.962149: funcgraph_entry:        0.210 us   |                        __rcu_read_lock(); (ret=0x0)
           cifsd-1726  [000] dL.3.    86.962149: funcgraph_entry:        0.210 us   |                        notifier_call_chain(); (ret=0x0)
           cifsd-1726  [000] dL.3.    86.962150: funcgraph_entry:        0.210 us   |                        __rcu_read_unlock(); (ret=0x0)
           cifsd-1726  [000] dL.3.    86.962150: funcgraph_exit:         1.570 us   |                      } (ret=0x0)
           cifsd-1726  [000] dL.3.    86.962150: funcgraph_entry:                   |                      atomic_notifier_call_chain() {
           cifsd-1726  [000] dL.3.    86.962151: funcgraph_entry:        0.200 us   |                        __rcu_read_lock(); (ret=0x0)
           cifsd-1726  [000] dL.3.    86.962151: funcgraph_entry:        0.210 us   |                        notifier_call_chain(); (ret=0x0)
           cifsd-1726  [000] dL.3.    86.962152: funcgraph_entry:        0.220 us   |                        __rcu_read_unlock(); (ret=0x0)
           cifsd-1726  [000] dL.3.    86.962152: funcgraph_exit:         1.570 us   |                      } (ret=0x0)
           cifsd-1726  [000] dL.3.    86.962152: funcgraph_entry:                   |                      atomic_notifier_call_chain() {
           cifsd-1726  [000] dL.3.    86.962153: funcgraph_entry:        0.540 us   |                        __rcu_read_lock(); (ret=0x0)
           cifsd-1726  [000] dL.3.    86.962153: funcgraph_entry:        0.220 us   |                        notifier_call_chain(); (ret=0x0)
           cifsd-1726  [000] dL.3.    86.962154: funcgraph_entry:        0.210 us   |                        __rcu_read_unlock(); (ret=0x0)
           cifsd-1726  [000] dL.3.    86.962154: funcgraph_exit:         1.910 us   |                      } (ret=0x0)
           cifsd-1726  [000] dL.3.    86.962154: funcgraph_entry:                   |                      atomic_notifier_call_chain() {
           cifsd-1726  [000] dL.3.    86.962155: funcgraph_entry:        0.200 us   |                        __rcu_read_lock(); (ret=0x0)
           cifsd-1726  [000] dL.3.    86.962155: funcgraph_entry:        0.210 us   |                        notifier_call_chain(); (ret=0x0)
           cifsd-1726  [000] dL.3.    86.962155: funcgraph_entry:        0.210 us   |                        __rcu_read_unlock(); (ret=0x0)
           cifsd-1726  [000] dL.3.    86.962156: funcgraph_exit:         1.550 us   |                      } (ret=0x0)
           cifsd-1726  [000] dL.3.    86.962156: funcgraph_entry:                   |                      atomic_notifier_call_chain() {
           cifsd-1726  [000] dL.3.    86.962156: funcgraph_entry:        0.200 us   |                        __rcu_read_lock(); (ret=0x0)
           cifsd-1726  [000] dL.3.    86.962157: funcgraph_entry:        0.210 us   |                        notifier_call_chain(); (ret=0x0)
           cifsd-1726  [000] dL.3.    86.962157: funcgraph_entry:        0.210 us   |                        __rcu_read_unlock(); (ret=0x0)
           cifsd-1726  [000] dL.3.    86.962158: funcgraph_exit:         1.560 us   |                      } (ret=0x0)
           cifsd-1726  [000] dL.3.    86.962158: funcgraph_entry:                   |                      atomic_notifier_call_chain() {
           cifsd-1726  [000] dL.3.    86.962158: funcgraph_entry:        0.200 us   |                        __rcu_read_lock(); (ret=0x0)
           cifsd-1726  [000] dL.3.    86.962159: funcgraph_entry:        0.210 us   |                        notifier_call_chain(); (ret=0x0)
           cifsd-1726  [000] dL.3.    86.962159: funcgraph_entry:        0.220 us   |                        __rcu_read_unlock(); (ret=0x0)
           cifsd-1726  [000] dL.3.    86.962160: funcgraph_exit:         1.560 us   |                      } (ret=0x0)
           cifsd-1726  [000] dL.3.    86.962160: funcgraph_entry:                   |                      atomic_notifier_call_chain() {
           cifsd-1726  [000] dL.3.    86.962160: funcgraph_entry:        0.210 us   |                        __rcu_read_lock(); (ret=0x0)
           cifsd-1726  [000] dL.3.    86.962160: funcgraph_entry:        0.210 us   |                        notifier_call_chain(); (ret=0x0)
           cifsd-1726  [000] dL.3.    86.962161: funcgraph_entry:        0.200 us   |                        __rcu_read_unlock(); (ret=0x0)
           cifsd-1726  [000] dL.3.    86.962161: funcgraph_exit:         1.560 us   |                      } (ret=0x0)
           cifsd-1726  [000] dL.3.    86.962162: funcgraph_entry:                   |                      atomic_notifier_call_chain() {
           cifsd-1726  [000] dL.3.    86.962162: funcgraph_entry:        0.210 us   |                        __rcu_read_lock(); (ret=0x0)
           cifsd-1726  [000] dL.3.    86.962162: funcgraph_entry:        0.220 us   |                        notifier_call_chain(); (ret=0x0)
           cifsd-1726  [000] dL.3.    86.962163: funcgraph_entry:        0.210 us   |                        __rcu_read_unlock(); (ret=0x0)
           cifsd-1726  [000] dL.3.    86.962163: funcgraph_exit:         1.550 us   |                      } (ret=0x0)
           cifsd-1726  [000] dL.3.    86.962163: funcgraph_entry:                   |                      atomic_notifier_call_chain() {
           cifsd-1726  [000] dL.3.    86.962164: funcgraph_entry:        0.200 us   |                        __rcu_read_lock(); (ret=0x0)
           cifsd-1726  [000] dL.3.    86.962164: funcgraph_entry:        0.210 us   |                        notifier_call_chain(); (ret=0x0)
           cifsd-1726  [000] dL.3.    86.962164: funcgraph_entry:        0.210 us   |                        __rcu_read_unlock(); (ret=0x0)
           cifsd-1726  [000] dL.3.    86.962165: funcgraph_exit:         1.550 us   |                      } (ret=0x0)
           cifsd-1726  [000] dL.3.    86.962165: funcgraph_entry:                   |                      atomic_notifier_call_chain() {
           cifsd-1726  [000] dL.3.    86.962165: funcgraph_entry:        0.200 us   |                        __rcu_read_lock(); (ret=0x0)
           cifsd-1726  [000] dL.3.    86.962166: funcgraph_entry:        0.210 us   |                        notifier_call_chain(); (ret=0x0)
           cifsd-1726  [000] dL.3.    86.962166: funcgraph_entry:        0.210 us   |                        __rcu_read_unlock(); (ret=0x0)
           cifsd-1726  [000] dL.3.    86.962167: funcgraph_exit:         1.560 us   |                      } (ret=0x0)
           cifsd-1726  [000] dL.3.    86.962167: funcgraph_entry:                   |                      atomic_notifier_call_chain() {
           cifsd-1726  [000] dL.3.    86.962167: funcgraph_entry:        0.210 us   |                        __rcu_read_lock(); (ret=0x0)
           cifsd-1726  [000] dL.3.    86.962168: funcgraph_entry:        0.210 us   |                        notifier_call_chain(); (ret=0x0)
           cifsd-1726  [000] dL.3.    86.962168: funcgraph_entry:        0.210 us   |                        __rcu_read_unlock(); (ret=0x0)
           cifsd-1726  [000] dL.3.    86.962169: funcgraph_exit:         1.560 us   |                      } (ret=0x0)
           cifsd-1726  [000] dL.3.    86.962169: funcgraph_entry:                   |                      atomic_notifier_call_chain() {
           cifsd-1726  [000] dL.3.    86.962169: funcgraph_entry:        0.210 us   |                        __rcu_read_lock(); (ret=0x0)
           cifsd-1726  [000] dL.3.    86.962169: funcgraph_entry:        0.220 us   |                        notifier_call_chain(); (ret=0x0)
           cifsd-1726  [000] dL.3.    86.962170: funcgraph_entry:        0.210 us   |                        __rcu_read_unlock(); (ret=0x0)
           cifsd-1726  [000] dL.3.    86.962170: funcgraph_exit:         1.550 us   |                      } (ret=0x0)
           cifsd-1726  [000] dL.3.    86.962171: funcgraph_entry:                   |                      atomic_notifier_call_chain() {
           cifsd-1726  [000] dL.3.    86.962171: funcgraph_entry:        0.200 us   |                        __rcu_read_lock(); (ret=0x0)
           cifsd-1726  [000] dL.3.    86.962171: funcgraph_entry:        0.210 us   |                        notifier_call_chain(); (ret=0x0)
           cifsd-1726  [000] dL.3.    86.962172: funcgraph_entry:        0.210 us   |                        __rcu_read_unlock(); (ret=0x0)
           cifsd-1726  [000] dL.3.    86.962172: funcgraph_exit:         1.550 us   |                      } (ret=0x0)
           cifsd-1726  [000] dL.3.    86.962172: funcgraph_entry:                   |                      atomic_notifier_call_chain() {
           cifsd-1726  [000] dL.3.    86.962173: funcgraph_entry:        0.200 us   |                        __rcu_read_lock(); (ret=0x0)
           cifsd-1726  [000] dL.3.    86.962173: funcgraph_entry:        0.210 us   |                        notifier_call_chain(); (ret=0x0)
           cifsd-1726  [000] dL.3.    86.962173: funcgraph_entry:        0.210 us   |                        __rcu_read_unlock(); (ret=0x0)
           cifsd-1726  [000] dL.3.    86.962174: funcgraph_exit:         1.560 us   |                      } (ret=0x0)
           cifsd-1726  [000] dL.3.    86.962174: funcgraph_entry:                   |                      atomic_notifier_call_chain() {
           cifsd-1726  [000] dL.3.    86.962174: funcgraph_entry:        0.200 us   |                        __rcu_read_lock(); (ret=0x0)
           cifsd-1726  [000] dL.3.    86.962175: funcgraph_entry:        0.210 us   |                        notifier_call_chain(); (ret=0x0)
           cifsd-1726  [000] dL.3.    86.962175: funcgraph_entry:        0.210 us   |                        __rcu_read_unlock(); (ret=0x0)
           cifsd-1726  [000] dL.3.    86.962176: funcgraph_exit:         1.550 us   |                      } (ret=0x0)
           cifsd-1726  [000] dL.3.    86.962176: funcgraph_entry:                   |                      atomic_notifier_call_chain() {
           cifsd-1726  [000] dL.3.    86.962176: funcgraph_entry:        0.200 us   |                        __rcu_read_lock(); (ret=0x0)
           cifsd-1726  [000] dL.3.    86.962177: funcgraph_entry:        0.210 us   |                        notifier_call_chain(); (ret=0x0)
           cifsd-1726  [000] dL.3.    86.962177: funcgraph_entry:        0.210 us   |                        __rcu_read_unlock(); (ret=0x0)
           cifsd-1726  [000] dL.3.    86.962178: funcgraph_exit:         1.560 us   |                      } (ret=0x0)
           cifsd-1726  [000] dL.3.    86.962178: funcgraph_entry:                   |                      atomic_notifier_call_chain() {
           cifsd-1726  [000] dL.3.    86.962178: funcgraph_entry:        0.200 us   |                        __rcu_read_lock(); (ret=0x0)
           cifsd-1726  [000] dL.3.    86.962179: funcgraph_entry:        0.210 us   |                        notifier_call_chain(); (ret=0x0)
           cifsd-1726  [000] dL.3.    86.962179: funcgraph_entry:        0.210 us   |                        __rcu_read_unlock(); (ret=0x0)
           cifsd-1726  [000] dL.3.    86.962180: funcgraph_exit:         1.560 us   |                      } (ret=0x0)
           cifsd-1726  [000] dL.3.    86.962180: funcgraph_entry:                   |                      atomic_notifier_call_chain() {
           cifsd-1726  [000] dL.3.    86.962180: funcgraph_entry:        0.210 us   |                        __rcu_read_lock(); (ret=0x0)
           cifsd-1726  [000] dL.3.    86.962181: funcgraph_entry:        0.220 us   |                        notifier_call_chain(); (ret=0x0)
           cifsd-1726  [000] dL.3.    86.962181: funcgraph_entry:        0.220 us   |                        __rcu_read_unlock(); (ret=0x0)
           cifsd-1726  [000] dL.3.    86.962181: funcgraph_exit:         1.560 us   |                      } (ret=0x0)
           cifsd-1726  [000] dL.3.    86.962182: funcgraph_entry:                   |                      atomic_notifier_call_chain() {
           cifsd-1726  [000] dL.3.    86.962182: funcgraph_entry:        0.210 us   |                        __rcu_read_lock(); (ret=0x0)
           cifsd-1726  [000] dL.3.    86.962182: funcgraph_entry:        0.210 us   |                        notifier_call_chain(); (ret=0x0)
           cifsd-1726  [000] dL.3.    86.962183: funcgraph_entry:        0.210 us   |                        __rcu_read_unlock(); (ret=0x0)
           cifsd-1726  [000] dL.3.    86.962183: funcgraph_exit:         1.550 us   |                      } (ret=0x0)
           cifsd-1726  [000] dL.3.    86.962183: funcgraph_entry:                   |                      atomic_notifier_call_chain() {
           cifsd-1726  [000] dL.3.    86.962184: funcgraph_entry:        0.200 us   |                        __rcu_read_lock(); (ret=0x0)
           cifsd-1726  [000] dL.3.    86.962184: funcgraph_entry:        0.210 us   |                        notifier_call_chain(); (ret=0x0)
           cifsd-1726  [000] dL.3.    86.962185: funcgraph_entry:        0.210 us   |                        __rcu_read_unlock(); (ret=0x0)
           cifsd-1726  [000] dL.3.    86.962185: funcgraph_exit:         1.550 us   |                      } (ret=0x0)
           cifsd-1726  [000] dL.3.    86.962185: funcgraph_entry:                   |                      atomic_notifier_call_chain() {
           cifsd-1726  [000] dL.3.    86.962185: funcgraph_entry:        0.200 us   |                        __rcu_read_lock(); (ret=0x0)
           cifsd-1726  [000] dL.3.    86.962186: funcgraph_entry:        0.210 us   |                        notifier_call_chain(); (ret=0x0)
           cifsd-1726  [000] dL.3.    86.962186: funcgraph_entry:        0.210 us   |                        __rcu_read_unlock(); (ret=0x0)
           cifsd-1726  [000] dL.3.    86.962187: funcgraph_exit:         1.550 us   |                      } (ret=0x0)
           cifsd-1726  [000] dL.3.    86.962187: funcgraph_entry:                   |                      atomic_notifier_call_chain() {
           cifsd-1726  [000] dL.3.    86.962187: funcgraph_entry:        0.200 us   |                        __rcu_read_lock(); (ret=0x0)
           cifsd-1726  [000] dL.3.    86.962188: funcgraph_entry:        0.210 us   |                        notifier_call_chain(); (ret=0x0)
           cifsd-1726  [000] dL.3.    86.962188: funcgraph_entry:        0.210 us   |                        __rcu_read_unlock(); (ret=0x0)
           cifsd-1726  [000] dL.3.    86.962189: funcgraph_exit:         1.560 us   |                      } (ret=0x0)
           cifsd-1726  [000] dL.3.    86.962189: funcgraph_entry:                   |                      atomic_notifier_call_chain() {
           cifsd-1726  [000] dL.3.    86.962189: funcgraph_entry:        0.200 us   |                        __rcu_read_lock(); (ret=0x0)
           cifsd-1726  [000] dL.3.    86.962190: funcgraph_entry:        0.210 us   |                        notifier_call_chain(); (ret=0x0)
           cifsd-1726  [000] dL.3.    86.962190: funcgraph_entry:        0.210 us   |                        __rcu_read_unlock(); (ret=0x0)
           cifsd-1726  [000] dL.3.    86.962190: funcgraph_exit:         1.550 us   |                      } (ret=0x0)
           cifsd-1726  [000] dL.3.    86.962191: funcgraph_entry:                   |                      atomic_notifier_call_chain() {
           cifsd-1726  [000] dL.3.    86.962191: funcgraph_entry:        0.200 us   |                        __rcu_read_lock(); (ret=0x0)
           cifsd-1726  [000] dL.3.    86.962191: funcgraph_entry:        0.210 us   |                        notifier_call_chain(); (ret=0x0)
           cifsd-1726  [000] dL.3.    86.962192: funcgraph_entry:        0.210 us   |                        __rcu_read_unlock(); (ret=0x0)
           cifsd-1726  [000] dL.3.    86.962192: funcgraph_exit:         1.560 us   |                      } (ret=0x0)
           cifsd-1726  [000] dL.3.    86.962193: funcgraph_entry:                   |                      atomic_notifier_call_chain() {
           cifsd-1726  [000] dL.3.    86.962193: funcgraph_entry:        0.200 us   |                        __rcu_read_lock(); (ret=0x0)
           cifsd-1726  [000] dL.3.    86.962193: funcgraph_entry:        0.210 us   |                        notifier_call_chain(); (ret=0x0)
           cifsd-1726  [000] dL.3.    86.962194: funcgraph_entry:        0.210 us   |                        __rcu_read_unlock(); (ret=0x0)
           cifsd-1726  [000] dL.3.    86.962194: funcgraph_exit:         1.550 us   |                      } (ret=0x0)
           cifsd-1726  [000] dL.3.    86.962194: funcgraph_entry:                   |                      atomic_notifier_call_chain() {
           cifsd-1726  [000] dL.3.    86.962195: funcgraph_entry:        0.210 us   |                        __rcu_read_lock(); (ret=0x0)
           cifsd-1726  [000] dL.3.    86.962195: funcgraph_entry:        0.210 us   |                        notifier_call_chain(); (ret=0x0)
           cifsd-1726  [000] dL.3.    86.962195: funcgraph_entry:        0.210 us   |                        __rcu_read_unlock(); (ret=0x0)
           cifsd-1726  [000] dL.3.    86.962196: funcgraph_exit:         1.560 us   |                      } (ret=0x0)
           cifsd-1726  [000] dL.3.    86.962196: funcgraph_entry:                   |                      atomic_notifier_call_chain() {
           cifsd-1726  [000] dL.3.    86.962196: funcgraph_entry:        0.200 us   |                        __rcu_read_lock(); (ret=0x0)
           cifsd-1726  [000] dL.3.    86.962197: funcgraph_entry:        0.210 us   |                        notifier_call_chain(); (ret=0x0)
           cifsd-1726  [000] dL.3.    86.962197: funcgraph_entry:        0.210 us   |                        __rcu_read_unlock(); (ret=0x0)
           cifsd-1726  [000] dL.3.    86.962198: funcgraph_exit:         1.560 us   |                      } (ret=0x0)
           cifsd-1726  [000] dL.3.    86.962198: funcgraph_entry:                   |                      atomic_notifier_call_chain() {
           cifsd-1726  [000] dL.3.    86.962198: funcgraph_entry:        0.210 us   |                        __rcu_read_lock(); (ret=0x0)
           cifsd-1726  [000] dL.3.    86.962199: funcgraph_entry:        0.210 us   |                        notifier_call_chain(); (ret=0x0)
           cifsd-1726  [000] dL.3.    86.962199: funcgraph_entry:        0.450 us   |                        __rcu_read_unlock(); (ret=0x0)
           cifsd-1726  [000] dL.3.    86.962200: funcgraph_exit:         1.800 us   |                      } (ret=0x0)
           cifsd-1726  [000] dL.3.    86.962200: funcgraph_entry:                   |                      atomic_notifier_call_chain() {
           cifsd-1726  [000] dL.3.    86.962200: funcgraph_entry:        0.200 us   |                        __rcu_read_lock(); (ret=0x0)
           cifsd-1726  [000] dL.3.    86.962201: funcgraph_entry:        0.210 us   |                        notifier_call_chain(); (ret=0x0)
           cifsd-1726  [000] dL.3.    86.962201: funcgraph_entry:        0.210 us   |                        __rcu_read_unlock(); (ret=0x0)
           cifsd-1726  [000] dL.3.    86.962202: funcgraph_exit:         1.560 us   |                      } (ret=0x0)
           cifsd-1726  [000] dL.3.    86.962202: funcgraph_entry:                   |                      atomic_notifier_call_chain() {
           cifsd-1726  [000] dL.3.    86.962202: funcgraph_entry:        0.200 us   |                        __rcu_read_lock(); (ret=0x0)
           cifsd-1726  [000] dL.3.    86.962202: funcgraph_entry:        0.210 us   |                        notifier_call_chain(); (ret=0x0)
           cifsd-1726  [000] dL.3.    86.962203: funcgraph_entry:        0.210 us   |                        __rcu_read_unlock(); (ret=0x0)
           cifsd-1726  [000] dL.3.    86.962203: funcgraph_exit:         1.560 us   |                      } (ret=0x0)
           cifsd-1726  [000] dL.3.    86.962204: funcgraph_entry:                   |                      atomic_notifier_call_chain() {
           cifsd-1726  [000] dL.3.    86.962204: funcgraph_entry:        0.200 us   |                        __rcu_read_lock(); (ret=0x0)
           cifsd-1726  [000] dL.3.    86.962204: funcgraph_entry:        0.210 us   |                        notifier_call_chain(); (ret=0x0)
           cifsd-1726  [000] dL.3.    86.962205: funcgraph_entry:        0.210 us   |                        __rcu_read_unlock(); (ret=0x0)
           cifsd-1726  [000] dL.3.    86.962205: funcgraph_exit:         1.550 us   |                      } (ret=0x0)
           cifsd-1726  [000] dL.3.    86.962205: funcgraph_entry:                   |                      atomic_notifier_call_chain() {
           cifsd-1726  [000] dL.3.    86.962206: funcgraph_entry:        0.200 us   |                        __rcu_read_lock(); (ret=0x0)
           cifsd-1726  [000] dL.3.    86.962206: funcgraph_entry:        0.210 us   |                        notifier_call_chain(); (ret=0x0)
           cifsd-1726  [000] dL.3.    86.962206: funcgraph_entry:        0.210 us   |                        __rcu_read_unlock(); (ret=0x0)
           cifsd-1726  [000] dL.3.    86.962207: funcgraph_exit:         1.550 us   |                      } (ret=0x0)
           cifsd-1726  [000] dL.3.    86.962207: funcgraph_entry:                   |                      atomic_notifier_call_chain() {
           cifsd-1726  [000] dL.3.    86.962207: funcgraph_entry:        0.200 us   |                        __rcu_read_lock(); (ret=0x0)
           cifsd-1726  [000] dL.3.    86.962208: funcgraph_entry:        0.210 us   |                        notifier_call_chain(); (ret=0x0)
           cifsd-1726  [000] dL.3.    86.962208: funcgraph_entry:        0.210 us   |                        __rcu_read_unlock(); (ret=0x0)
           cifsd-1726  [000] dL.3.    86.962209: funcgraph_exit:         1.550 us   |                      } (ret=0x0)
           cifsd-1726  [000] dL.3.    86.962209: funcgraph_entry:                   |                      atomic_notifier_call_chain() {
           cifsd-1726  [000] dL.3.    86.962209: funcgraph_entry:        0.200 us   |                        __rcu_read_lock(); (ret=0x0)
           cifsd-1726  [000] dL.3.    86.962210: funcgraph_entry:        0.210 us   |                        notifier_call_chain(); (ret=0x0)
           cifsd-1726  [000] dL.3.    86.962210: funcgraph_entry:        0.210 us   |                        __rcu_read_unlock(); (ret=0x0)
           cifsd-1726  [000] dL.3.    86.962211: funcgraph_exit:         1.550 us   |                      } (ret=0x0)
           cifsd-1726  [000] dL.3.    86.962211: funcgraph_entry:                   |                      atomic_notifier_call_chain() {
           cifsd-1726  [000] dL.3.    86.962211: funcgraph_entry:        0.200 us   |                        __rcu_read_lock(); (ret=0x0)
           cifsd-1726  [000] dL.3.    86.962211: funcgraph_entry:        0.210 us   |                        notifier_call_chain(); (ret=0x0)
           cifsd-1726  [000] dL.3.    86.962212: funcgraph_entry:        0.210 us   |                        __rcu_read_unlock(); (ret=0x0)
           cifsd-1726  [000] dL.3.    86.962212: funcgraph_exit:         1.550 us   |                      } (ret=0x0)
           cifsd-1726  [000] dL.3.    86.962213: funcgraph_entry:                   |                      atomic_notifier_call_chain() {
           cifsd-1726  [000] dL.3.    86.962213: funcgraph_entry:        0.200 us   |                        __rcu_read_lock(); (ret=0x0)
           cifsd-1726  [000] dL.3.    86.962213: funcgraph_entry:        0.210 us   |                        notifier_call_chain(); (ret=0x0)
           cifsd-1726  [000] dL.3.    86.962214: funcgraph_entry:        0.210 us   |                        __rcu_read_unlock(); (ret=0x0)
           cifsd-1726  [000] dL.3.    86.962214: funcgraph_exit:         1.550 us   |                      } (ret=0x0)
           cifsd-1726  [000] dL.3.    86.962214: funcgraph_entry:                   |                      atomic_notifier_call_chain() {
           cifsd-1726  [000] dL.3.    86.962215: funcgraph_entry:        0.200 us   |                        __rcu_read_lock(); (ret=0x0)
           cifsd-1726  [000] dL.3.    86.962215: funcgraph_entry:        0.210 us   |                        notifier_call_chain(); (ret=0x0)
           cifsd-1726  [000] dL.3.    86.962215: funcgraph_entry:        0.210 us   |                        __rcu_read_unlock(); (ret=0x0)
           cifsd-1726  [000] dL.3.    86.962216: funcgraph_exit:         1.550 us   |                      } (ret=0x0)
           cifsd-1726  [000] dL.3.    86.962216: funcgraph_entry:                   |                      atomic_notifier_call_chain() {
           cifsd-1726  [000] dL.3.    86.962216: funcgraph_entry:        0.200 us   |                        __rcu_read_lock(); (ret=0x0)
           cifsd-1726  [000] dL.3.    86.962217: funcgraph_entry:        0.210 us   |                        notifier_call_chain(); (ret=0x0)
           cifsd-1726  [000] dL.3.    86.962217: funcgraph_entry:        0.210 us   |                        __rcu_read_unlock(); (ret=0x0)
           cifsd-1726  [000] dL.3.    86.962218: funcgraph_exit:         1.550 us   |                      } (ret=0x0)
           cifsd-1726  [000] dL.3.    86.962218: funcgraph_entry:                   |                      atomic_notifier_call_chain() {
           cifsd-1726  [000] dL.3.    86.962218: funcgraph_entry:        0.200 us   |                        __rcu_read_lock(); (ret=0x0)
           cifsd-1726  [000] dL.3.    86.962219: funcgraph_entry:        0.210 us   |                        notifier_call_chain(); (ret=0x0)
           cifsd-1726  [000] dL.3.    86.962219: funcgraph_entry:        0.210 us   |                        __rcu_read_unlock(); (ret=0x0)
           cifsd-1726  [000] dL.3.    86.962220: funcgraph_exit:         1.550 us   |                      } (ret=0x0)
           cifsd-1726  [000] dL.3.    86.962220: funcgraph_entry:                   |                      atomic_notifier_call_chain() {
           cifsd-1726  [000] dL.3.    86.962220: funcgraph_entry:        0.200 us   |                        __rcu_read_lock(); (ret=0x0)
           cifsd-1726  [000] dL.3.    86.962220: funcgraph_entry:        0.210 us   |                        notifier_call_chain(); (ret=0x0)
           cifsd-1726  [000] dL.3.    86.962221: funcgraph_entry:        0.210 us   |                        __rcu_read_unlock(); (ret=0x0)
           cifsd-1726  [000] dL.3.    86.962221: funcgraph_exit:         1.570 us   |                      } (ret=0x0)
           cifsd-1726  [000] dL.3.    86.962222: funcgraph_entry:                   |                      atomic_notifier_call_chain() {
           cifsd-1726  [000] dL.3.    86.962222: funcgraph_entry:        0.200 us   |                        __rcu_read_lock(); (ret=0x0)
           cifsd-1726  [000] dL.3.    86.962222: funcgraph_entry:        0.430 us   |                        notifier_call_chain(); (ret=0x0)
           cifsd-1726  [000] dL.3.    86.962223: funcgraph_entry:        0.210 us   |                        __rcu_read_unlock(); (ret=0x0)
           cifsd-1726  [000] dL.3.    86.962223: funcgraph_exit:         1.780 us   |                      } (ret=0x0)
           cifsd-1726  [000] dL.3.    86.962224: funcgraph_entry:                   |                      atomic_notifier_call_chain() {
           cifsd-1726  [000] dL.3.    86.962224: funcgraph_entry:        0.210 us   |                        __rcu_read_lock(); (ret=0x0)
           cifsd-1726  [000] dL.3.    86.962224: funcgraph_entry:        0.220 us   |                        notifier_call_chain(); (ret=0x0)
           cifsd-1726  [000] dL.3.    86.962225: funcgraph_entry:        0.220 us   |                        __rcu_read_unlock(); (ret=0x0)
           cifsd-1726  [000] dL.3.    86.962225: funcgraph_exit:         1.560 us   |                      } (ret=0x0)
           cifsd-1726  [000] dL.3.    86.962225: funcgraph_entry:                   |                      atomic_notifier_call_chain() {
           cifsd-1726  [000] dL.3.    86.962226: funcgraph_entry:        0.200 us   |                        __rcu_read_lock(); (ret=0x0)
           cifsd-1726  [000] dL.3.    86.962226: funcgraph_entry:        0.210 us   |                        notifier_call_chain(); (ret=0x0)
           cifsd-1726  [000] dL.3.    86.962227: funcgraph_entry:        0.220 us   |                        __rcu_read_unlock(); (ret=0x0)
           cifsd-1726  [000] dL.3.    86.962227: funcgraph_exit:         1.570 us   |                      } (ret=0x0)
           cifsd-1726  [000] dL.3.    86.962227: funcgraph_entry:                   |                      atomic_notifier_call_chain() {
           cifsd-1726  [000] dL.3.    86.962227: funcgraph_entry:        0.200 us   |                        __rcu_read_lock(); (ret=0x0)
           cifsd-1726  [000] dL.3.    86.962228: funcgraph_entry:        0.210 us   |                        notifier_call_chain(); (ret=0x0)
           cifsd-1726  [000] dL.3.    86.962228: funcgraph_entry:        0.220 us   |                        __rcu_read_unlock(); (ret=0x0)
           cifsd-1726  [000] dL.3.    86.962229: funcgraph_exit:         1.570 us   |                      } (ret=0x0)
           cifsd-1726  [000] dL.3.    86.962229: funcgraph_entry:                   |                      atomic_notifier_call_chain() {
           cifsd-1726  [000] dL.3.    86.962229: funcgraph_entry:        0.210 us   |                        __rcu_read_lock(); (ret=0x0)
           cifsd-1726  [000] dL.3.    86.962230: funcgraph_entry:        0.210 us   |                        notifier_call_chain(); (ret=0x0)
           cifsd-1726  [000] dL.3.    86.962230: funcgraph_entry:        0.220 us   |                        __rcu_read_unlock(); (ret=0x0)
           cifsd-1726  [000] dL.3.    86.962231: funcgraph_exit:         1.580 us   |                      } (ret=0x0)
           cifsd-1726  [000] dL.3.    86.962231: funcgraph_entry:                   |                      atomic_notifier_call_chain() {
           cifsd-1726  [000] dL.3.    86.962231: funcgraph_entry:        0.210 us   |                        __rcu_read_lock(); (ret=0x0)
           cifsd-1726  [000] dL.3.    86.962231: funcgraph_entry:        0.210 us   |                        notifier_call_chain(); (ret=0x0)
           cifsd-1726  [000] dL.3.    86.962232: funcgraph_entry:        0.210 us   |                        __rcu_read_unlock(); (ret=0x0)
           cifsd-1726  [000] dL.3.    86.962232: funcgraph_exit:         1.560 us   |                      } (ret=0x0)
           cifsd-1726  [000] dL.3.    86.962233: funcgraph_entry:                   |                      atomic_notifier_call_chain() {
           cifsd-1726  [000] dL.3.    86.962233: funcgraph_entry:        0.210 us   |                        __rcu_read_lock(); (ret=0x0)
           cifsd-1726  [000] dL.3.    86.962233: funcgraph_entry:        0.210 us   |                        notifier_call_chain(); (ret=0x0)
           cifsd-1726  [000] dL.3.    86.962234: funcgraph_entry:        0.210 us   |                        __rcu_read_unlock(); (ret=0x0)
           cifsd-1726  [000] dL.3.    86.962234: funcgraph_exit:         1.560 us   |                      } (ret=0x0)
           cifsd-1726  [000] dL.3.    86.962234: funcgraph_entry:                   |                      atomic_notifier_call_chain() {
           cifsd-1726  [000] dL.3.    86.962235: funcgraph_entry:        0.200 us   |                        __rcu_read_lock(); (ret=0x0)
           cifsd-1726  [000] dL.3.    86.962235: funcgraph_entry:        0.210 us   |                        notifier_call_chain(); (ret=0x0)
           cifsd-1726  [000] dL.3.    86.962236: funcgraph_entry:        0.220 us   |                        __rcu_read_unlock(); (ret=0x0)
           cifsd-1726  [000] dL.3.    86.962236: funcgraph_exit:         1.560 us   |                      } (ret=0x0)
           cifsd-1726  [000] dL.3.    86.962236: funcgraph_entry:                   |                      atomic_notifier_call_chain() {
           cifsd-1726  [000] dL.3.    86.962236: funcgraph_entry:        0.210 us   |                        __rcu_read_lock(); (ret=0x0)
           cifsd-1726  [000] dL.3.    86.962237: funcgraph_entry:        0.210 us   |                        notifier_call_chain(); (ret=0x0)
           cifsd-1726  [000] dL.3.    86.962237: funcgraph_entry:        0.210 us   |                        __rcu_read_unlock(); (ret=0x0)
           cifsd-1726  [000] dL.3.    86.962238: funcgraph_exit:         1.560 us   |                      } (ret=0x0)
           cifsd-1726  [000] dL.3.    86.962238: funcgraph_entry:                   |                      atomic_notifier_call_chain() {
           cifsd-1726  [000] dL.3.    86.962238: funcgraph_entry:        0.200 us   |                        __rcu_read_lock(); (ret=0x0)
           cifsd-1726  [000] dL.3.    86.962239: funcgraph_entry:        0.210 us   |                        notifier_call_chain(); (ret=0x0)
           cifsd-1726  [000] dL.3.    86.962239: funcgraph_entry:        0.220 us   |                        __rcu_read_unlock(); (ret=0x0)
           cifsd-1726  [000] dL.3.    86.962240: funcgraph_exit:         1.570 us   |                      } (ret=0x0)
           cifsd-1726  [000] dL.3.    86.962240: funcgraph_entry:                   |                      atomic_notifier_call_chain() {
           cifsd-1726  [000] dL.3.    86.962240: funcgraph_entry:        0.210 us   |                        __rcu_read_lock(); (ret=0x0)
           cifsd-1726  [000] dL.3.    86.962241: funcgraph_entry:        0.210 us   |                        notifier_call_chain(); (ret=0x0)
           cifsd-1726  [000] dL.3.    86.962241: funcgraph_entry:        0.210 us   |                        __rcu_read_unlock(); (ret=0x0)
           cifsd-1726  [000] dL.3.    86.962241: funcgraph_exit:         1.560 us   |                      } (ret=0x0)
           cifsd-1726  [000] dL.3.    86.962242: funcgraph_entry:                   |                      atomic_notifier_call_chain() {
           cifsd-1726  [000] dL.3.    86.962242: funcgraph_entry:        0.200 us   |                        __rcu_read_lock(); (ret=0x0)
           cifsd-1726  [000] dL.3.    86.962242: funcgraph_entry:        0.210 us   |                        notifier_call_chain(); (ret=0x0)
           cifsd-1726  [000] dL.3.    86.962243: funcgraph_entry:        0.220 us   |                        __rcu_read_unlock(); (ret=0x0)
           cifsd-1726  [000] dL.3.    86.962243: funcgraph_exit:         1.570 us   |                      } (ret=0x0)
           cifsd-1726  [000] dL.3.    86.962243: funcgraph_entry:                   |                      atomic_notifier_call_chain() {
           cifsd-1726  [000] dL.3.    86.962244: funcgraph_entry:        0.200 us   |                        __rcu_read_lock(); (ret=0x0)
           cifsd-1726  [000] dL.3.    86.962244: funcgraph_entry:        0.210 us   |                        notifier_call_chain(); (ret=0x0)
           cifsd-1726  [000] dL.3.    86.962245: funcgraph_entry:        0.220 us   |                        __rcu_read_unlock(); (ret=0x0)
           cifsd-1726  [000] dL.3.    86.962245: funcgraph_exit:         1.570 us   |                      } (ret=0x0)
           cifsd-1726  [000] dL.3.    86.962245: funcgraph_entry:                   |                      atomic_notifier_call_chain() {
           cifsd-1726  [000] dL.3.    86.962246: funcgraph_entry:        0.430 us   |                        __rcu_read_lock(); (ret=0x0)
           cifsd-1726  [000] dL.3.    86.962246: funcgraph_entry:        0.210 us   |                        notifier_call_chain(); (ret=0x0)
           cifsd-1726  [000] dL.3.    86.962247: funcgraph_entry:        0.210 us   |                        __rcu_read_unlock(); (ret=0x0)
           cifsd-1726  [000] dL.3.    86.962247: funcgraph_exit:         1.790 us   |                      } (ret=0x0)
           cifsd-1726  [000] dL.3.    86.962247: funcgraph_entry:                   |                      atomic_notifier_call_chain() {
           cifsd-1726  [000] dL.3.    86.962247: funcgraph_entry:        0.200 us   |                        __rcu_read_lock(); (ret=0x0)
           cifsd-1726  [000] dL.3.    86.962248: funcgraph_entry:        0.210 us   |                        notifier_call_chain(); (ret=0x0)
           cifsd-1726  [000] dL.3.    86.962248: funcgraph_entry:        0.220 us   |                        __rcu_read_unlock(); (ret=0x0)
           cifsd-1726  [000] dL.3.    86.962249: funcgraph_exit:         1.560 us   |                      } (ret=0x0)
           cifsd-1726  [000] dL.3.    86.962249: funcgraph_entry:                   |                      atomic_notifier_call_chain() {
           cifsd-1726  [000] dL.3.    86.962249: funcgraph_entry:        0.210 us   |                        __rcu_read_lock(); (ret=0x0)
           cifsd-1726  [000] dL.3.    86.962250: funcgraph_entry:        0.210 us   |                        notifier_call_chain(); (ret=0x0)
           cifsd-1726  [000] dL.3.    86.962250: funcgraph_entry:        0.200 us   |                        __rcu_read_unlock(); (ret=0x0)
           cifsd-1726  [000] dL.3.    86.962251: funcgraph_exit:         1.560 us   |                      } (ret=0x0)
           cifsd-1726  [000] dL.3.    86.962251: funcgraph_entry:                   |                      atomic_notifier_call_chain() {
           cifsd-1726  [000] dL.3.    86.962251: funcgraph_entry:        0.200 us   |                        __rcu_read_lock(); (ret=0x0)
           cifsd-1726  [000] dL.3.    86.962252: funcgraph_entry:        0.210 us   |                        notifier_call_chain(); (ret=0x0)
           cifsd-1726  [000] dL.3.    86.962252: funcgraph_entry:        0.210 us   |                        __rcu_read_unlock(); (ret=0x0)
           cifsd-1726  [000] dL.3.    86.962252: funcgraph_exit:         1.550 us   |                      } (ret=0x0)
           cifsd-1726  [000] dL.3.    86.962253: funcgraph_entry:                   |                      atomic_notifier_call_chain() {
           cifsd-1726  [000] dL.3.    86.962253: funcgraph_entry:        0.200 us   |                        __rcu_read_lock(); (ret=0x0)
           cifsd-1726  [000] dL.3.    86.962253: funcgraph_entry:        0.210 us   |                        notifier_call_chain(); (ret=0x0)
           cifsd-1726  [000] dL.3.    86.962254: funcgraph_entry:        0.210 us   |                        __rcu_read_unlock(); (ret=0x0)
           cifsd-1726  [000] dL.3.    86.962254: funcgraph_exit:         1.550 us   |                      } (ret=0x0)
           cifsd-1726  [000] dL.3.    86.962254: funcgraph_entry:                   |                      atomic_notifier_call_chain() {
           cifsd-1726  [000] dL.3.    86.962255: funcgraph_entry:        0.200 us   |                        __rcu_read_lock(); (ret=0x0)
           cifsd-1726  [000] dL.3.    86.962255: funcgraph_entry:        0.210 us   |                        notifier_call_chain(); (ret=0x0)
           cifsd-1726  [000] dL.3.    86.962256: funcgraph_entry:        0.210 us   |                        __rcu_read_unlock(); (ret=0x0)
           cifsd-1726  [000] dL.3.    86.962256: funcgraph_exit:         1.560 us   |                      } (ret=0x0)
           cifsd-1726  [000] dL.3.    86.962256: funcgraph_entry:                   |                      atomic_notifier_call_chain() {
           cifsd-1726  [000] dL.3.    86.962256: funcgraph_entry:        0.210 us   |                        __rcu_read_lock(); (ret=0x0)
           cifsd-1726  [000] dL.3.    86.962257: funcgraph_entry:        0.210 us   |                        notifier_call_chain(); (ret=0x0)
           cifsd-1726  [000] dL.3.    86.962257: funcgraph_entry:        0.210 us   |                        __rcu_read_unlock(); (ret=0x0)
           cifsd-1726  [000] dL.3.    86.962258: funcgraph_exit:         1.560 us   |                      } (ret=0x0)
           cifsd-1726  [000] dL.3.    86.962258: funcgraph_entry:                   |                      atomic_notifier_call_chain() {
           cifsd-1726  [000] dL.3.    86.962258: funcgraph_entry:        0.200 us   |                        __rcu_read_lock(); (ret=0x0)
           cifsd-1726  [000] dL.3.    86.962259: funcgraph_entry:        0.210 us   |                        notifier_call_chain(); (ret=0x0)
           cifsd-1726  [000] dL.3.    86.962259: funcgraph_entry:        0.220 us   |                        __rcu_read_unlock(); (ret=0x0)
           cifsd-1726  [000] dL.3.    86.962260: funcgraph_exit:         1.560 us   |                      } (ret=0x0)
           cifsd-1726  [000] dL.3.    86.962260: funcgraph_entry:                   |                      atomic_notifier_call_chain() {
           cifsd-1726  [000] dL.3.    86.962260: funcgraph_entry:        0.210 us   |                        __rcu_read_lock(); (ret=0x0)
           cifsd-1726  [000] dL.3.    86.962261: funcgraph_entry:        0.220 us   |                        notifier_call_chain(); (ret=0x0)
           cifsd-1726  [000] dL.3.    86.962261: funcgraph_entry:        0.210 us   |                        __rcu_read_unlock(); (ret=0x0)
           cifsd-1726  [000] dL.3.    86.962261: funcgraph_exit:         1.560 us   |                      } (ret=0x0)
           cifsd-1726  [000] dL.3.    86.962262: funcgraph_entry:                   |                      atomic_notifier_call_chain() {
           cifsd-1726  [000] dL.3.    86.962262: funcgraph_entry:        0.200 us   |                        __rcu_read_lock(); (ret=0x0)
           cifsd-1726  [000] dL.3.    86.962262: funcgraph_entry:        0.210 us   |                        notifier_call_chain(); (ret=0x0)
           cifsd-1726  [000] dL.3.    86.962263: funcgraph_entry:        0.210 us   |                        __rcu_read_unlock(); (ret=0x0)
           cifsd-1726  [000] dL.3.    86.962263: funcgraph_exit:         1.560 us   |                      } (ret=0x0)
           cifsd-1726  [000] dL.3.    86.962263: funcgraph_entry:                   |                      atomic_notifier_call_chain() {
           cifsd-1726  [000] dL.3.    86.962264: funcgraph_entry:        0.200 us   |                        __rcu_read_lock(); (ret=0x0)
           cifsd-1726  [000] dL.3.    86.962264: funcgraph_entry:        0.210 us   |                        notifier_call_chain(); (ret=0x0)
           cifsd-1726  [000] dL.3.    86.962265: funcgraph_entry:        0.220 us   |                        __rcu_read_unlock(); (ret=0x0)
           cifsd-1726  [000] dL.3.    86.962265: funcgraph_exit:         1.560 us   |                      } (ret=0x0)
           cifsd-1726  [000] dL.3.    86.962265: funcgraph_entry:                   |                      atomic_notifier_call_chain() {
           cifsd-1726  [000] dL.3.    86.962266: funcgraph_entry:        0.210 us   |                        __rcu_read_lock(); (ret=0x0)
           cifsd-1726  [000] dL.3.    86.962266: funcgraph_entry:        0.220 us   |                        notifier_call_chain(); (ret=0x0)
           cifsd-1726  [000] dL.3.    86.962266: funcgraph_entry:        0.200 us   |                        __rcu_read_unlock(); (ret=0x0)
           cifsd-1726  [000] dL.3.    86.962267: funcgraph_exit:         1.560 us   |                      } (ret=0x0)
           cifsd-1726  [000] dL.3.    86.962267: funcgraph_entry:                   |                      atomic_notifier_call_chain() {
           cifsd-1726  [000] dL.3.    86.962267: funcgraph_entry:        0.210 us   |                        __rcu_read_lock(); (ret=0x0)
           cifsd-1726  [000] dL.3.    86.962268: funcgraph_entry:        0.220 us   |                        notifier_call_chain(); (ret=0x0)
           cifsd-1726  [000] dL.3.    86.962268: funcgraph_entry:        0.210 us   |                        __rcu_read_unlock(); (ret=0x0)
           cifsd-1726  [000] dL.3.    86.962269: funcgraph_exit:         1.560 us   |                      } (ret=0x0)
           cifsd-1726  [000] dL.3.    86.962269: funcgraph_entry:                   |                      atomic_notifier_call_chain() {
           cifsd-1726  [000] dL.3.    86.962269: funcgraph_entry:        0.200 us   |                        __rcu_read_lock(); (ret=0x0)
           cifsd-1726  [000] dL.3.    86.962270: funcgraph_entry:        0.210 us   |                        notifier_call_chain(); (ret=0x0)
           cifsd-1726  [000] dL.3.    86.962270: funcgraph_entry:        0.220 us   |                        __rcu_read_unlock(); (ret=0x0)
           cifsd-1726  [000] dL.3.    86.962271: funcgraph_exit:         1.570 us   |                      } (ret=0x0)
           cifsd-1726  [000] dL.3.    86.962271: funcgraph_entry:                   |                      atomic_notifier_call_chain() {
           cifsd-1726  [000] dL.3.    86.962271: funcgraph_entry:        0.200 us   |                        __rcu_read_lock(); (ret=0x0)
           cifsd-1726  [000] dL.3.    86.962272: funcgraph_entry:        0.210 us   |                        notifier_call_chain(); (ret=0x0)
           cifsd-1726  [000] dL.3.    86.962272: funcgraph_entry:        0.210 us   |                        __rcu_read_unlock(); (ret=0x0)
           cifsd-1726  [000] dL.3.    86.962273: funcgraph_exit:         1.550 us   |                      } (ret=0x0)
           cifsd-1726  [000] dL.3.    86.962273: funcgraph_entry:                   |                      atomic_notifier_call_chain() {
           cifsd-1726  [000] dL.3.    86.962273: funcgraph_entry:        0.200 us   |                        __rcu_read_lock(); (ret=0x0)
           cifsd-1726  [000] dL.3.    86.962274: funcgraph_entry:        0.210 us   |                        notifier_call_chain(); (ret=0x0)
           cifsd-1726  [000] dL.3.    86.962274: funcgraph_entry:        0.210 us   |                        __rcu_read_unlock(); (ret=0x0)
           cifsd-1726  [000] dL.3.    86.962274: funcgraph_exit:         1.550 us   |                      } (ret=0x0)
           cifsd-1726  [000] dL.3.    86.962275: funcgraph_entry:                   |                      atomic_notifier_call_chain() {
           cifsd-1726  [000] dL.3.    86.962275: funcgraph_entry:        0.200 us   |                        __rcu_read_lock(); (ret=0x0)
           cifsd-1726  [000] dL.3.    86.962275: funcgraph_entry:        0.210 us   |                        notifier_call_chain(); (ret=0x0)
           cifsd-1726  [000] dL.3.    86.962276: funcgraph_entry:        0.210 us   |                        __rcu_read_unlock(); (ret=0x0)
           cifsd-1726  [000] dL.3.    86.962276: funcgraph_exit:         1.550 us   |                      } (ret=0x0)
           cifsd-1726  [000] dL.3.    86.962276: funcgraph_entry:                   |                      atomic_notifier_call_chain() {
           cifsd-1726  [000] dL.3.    86.962277: funcgraph_entry:        0.200 us   |                        __rcu_read_lock(); (ret=0x0)
           cifsd-1726  [000] dL.3.    86.962277: funcgraph_entry:        0.210 us   |                        notifier_call_chain(); (ret=0x0)
           cifsd-1726  [000] dL.3.    86.962278: funcgraph_entry:        0.210 us   |                        __rcu_read_unlock(); (ret=0x0)
           cifsd-1726  [000] dL.3.    86.962278: funcgraph_exit:         1.550 us   |                      } (ret=0x0)
           cifsd-1726  [000] dL.3.    86.962278: funcgraph_entry:                   |                      atomic_notifier_call_chain() {
           cifsd-1726  [000] dL.3.    86.962278: funcgraph_entry:        0.210 us   |                        __rcu_read_lock(); (ret=0x0)
           cifsd-1726  [000] dL.3.    86.962279: funcgraph_entry:        0.210 us   |                        notifier_call_chain(); (ret=0x0)
           cifsd-1726  [000] dL.3.    86.962279: funcgraph_entry:        0.210 us   |                        __rcu_read_unlock(); (ret=0x0)
           cifsd-1726  [000] dL.3.    86.962280: funcgraph_exit:         1.560 us   |                      } (ret=0x0)
           cifsd-1726  [000] dL.3.    86.962280: funcgraph_entry:                   |                      atomic_notifier_call_chain() {
           cifsd-1726  [000] dL.3.    86.962280: funcgraph_entry:        0.200 us   |                        __rcu_read_lock(); (ret=0x0)
           cifsd-1726  [000] dL.3.    86.962281: funcgraph_entry:        0.210 us   |                        notifier_call_chain(); (ret=0x0)
           cifsd-1726  [000] dL.3.    86.962281: funcgraph_entry:        0.210 us   |                        __rcu_read_unlock(); (ret=0x0)
           cifsd-1726  [000] dL.3.    86.962282: funcgraph_exit:         1.560 us   |                      } (ret=0x0)
           cifsd-1726  [000] dL.3.    86.962282: funcgraph_entry:                   |                      atomic_notifier_call_chain() {
           cifsd-1726  [000] dL.3.    86.962282: funcgraph_entry:        0.210 us   |                        __rcu_read_lock(); (ret=0x0)
           cifsd-1726  [000] dL.3.    86.962283: funcgraph_entry:        0.220 us   |                        notifier_call_chain(); (ret=0x0)
           cifsd-1726  [000] dL.3.    86.962283: funcgraph_entry:        0.210 us   |                        __rcu_read_unlock(); (ret=0x0)
           cifsd-1726  [000] dL.3.    86.962283: funcgraph_exit:         1.550 us   |                      } (ret=0x0)
           cifsd-1726  [000] dL.3.    86.962284: funcgraph_entry:                   |                      atomic_notifier_call_chain() {
           cifsd-1726  [000] dL.3.    86.962284: funcgraph_entry:        0.210 us   |                        __rcu_read_lock(); (ret=0x0)
           cifsd-1726  [000] dL.3.    86.962284: funcgraph_entry:        0.210 us   |                        notifier_call_chain(); (ret=0x0)
           cifsd-1726  [000] dL.3.    86.962285: funcgraph_entry:        0.210 us   |                        __rcu_read_unlock(); (ret=0x0)
           cifsd-1726  [000] dL.3.    86.962285: funcgraph_exit:         1.560 us   |                      } (ret=0x0)
           cifsd-1726  [000] dL.3.    86.962285: funcgraph_entry:                   |                      atomic_notifier_call_chain() {
           cifsd-1726  [000] dL.3.    86.962286: funcgraph_entry:        0.210 us   |                        __rcu_read_lock(); (ret=0x0)
           cifsd-1726  [000] dL.3.    86.962286: funcgraph_entry:        0.210 us   |                        notifier_call_chain(); (ret=0x0)
           cifsd-1726  [000] dL.3.    86.962287: funcgraph_entry:        0.210 us   |                        __rcu_read_unlock(); (ret=0x0)
           cifsd-1726  [000] dL.3.    86.962287: funcgraph_exit:         1.560 us   |                      } (ret=0x0)
           cifsd-1726  [000] dL.3.    86.962287: funcgraph_entry:                   |                      atomic_notifier_call_chain() {
           cifsd-1726  [000] dL.3.    86.962287: funcgraph_entry:        0.210 us   |                        __rcu_read_lock(); (ret=0x0)
           cifsd-1726  [000] dL.3.    86.962288: funcgraph_entry:        0.210 us   |                        notifier_call_chain(); (ret=0x0)
           cifsd-1726  [000] dL.3.    86.962288: funcgraph_entry:        0.210 us   |                        __rcu_read_unlock(); (ret=0x0)
           cifsd-1726  [000] dL.3.    86.962289: funcgraph_exit:         1.560 us   |                      } (ret=0x0)
           cifsd-1726  [000] dL.3.    86.962289: funcgraph_entry:                   |                      atomic_notifier_call_chain() {
           cifsd-1726  [000] dL.3.    86.962289: funcgraph_entry:        0.210 us   |                        __rcu_read_lock(); (ret=0x0)
           cifsd-1726  [000] dL.3.    86.962290: funcgraph_entry:        0.220 us   |                        notifier_call_chain(); (ret=0x0)
           cifsd-1726  [000] dL.3.    86.962290: funcgraph_entry:        0.210 us   |                        __rcu_read_unlock(); (ret=0x0)
           cifsd-1726  [000] dL.3.    86.962291: funcgraph_exit:         1.560 us   |                      } (ret=0x0)
           cifsd-1726  [000] dL.3.    86.962291: funcgraph_entry:                   |                      atomic_notifier_call_chain() {
           cifsd-1726  [000] dL.3.    86.962291: funcgraph_entry:        0.210 us   |                        __rcu_read_lock(); (ret=0x0)
           cifsd-1726  [000] dL.3.    86.962292: funcgraph_entry:        0.200 us   |                        notifier_call_chain(); (ret=0x0)
           cifsd-1726  [000] dL.3.    86.962292: funcgraph_entry:        0.620 us   |                        __rcu_read_unlock(); (ret=0x0)
           cifsd-1726  [000] dL.3.    86.962293: funcgraph_exit:         1.960 us   |                      } (ret=0x0)
           cifsd-1726  [000] dL.3.    86.962293: funcgraph_entry:                   |                      atomic_notifier_call_chain() {
           cifsd-1726  [000] dL.3.    86.962293: funcgraph_entry:        0.200 us   |                        __rcu_read_lock(); (ret=0x0)
           cifsd-1726  [000] dL.3.    86.962294: funcgraph_entry:        0.210 us   |                        notifier_call_chain(); (ret=0x0)
           cifsd-1726  [000] dL.3.    86.962294: funcgraph_entry:        0.210 us   |                        __rcu_read_unlock(); (ret=0x0)
           cifsd-1726  [000] dL.3.    86.962295: funcgraph_exit:         1.560 us   |                      } (ret=0x0)
           cifsd-1726  [000] dL.3.    86.962295: funcgraph_entry:                   |                      atomic_notifier_call_chain() {
           cifsd-1726  [000] dL.3.    86.962295: funcgraph_entry:        0.200 us   |                        __rcu_read_lock(); (ret=0x0)
           cifsd-1726  [000] dL.3.    86.962296: funcgraph_entry:        0.210 us   |                        notifier_call_chain(); (ret=0x0)
           cifsd-1726  [000] dL.3.    86.962296: funcgraph_entry:        0.210 us   |                        __rcu_read_unlock(); (ret=0x0)
           cifsd-1726  [000] dL.3.    86.962296: funcgraph_exit:         1.560 us   |                      } (ret=0x0)
           cifsd-1726  [000] dL.3.    86.962297: funcgraph_entry:                   |                      atomic_notifier_call_chain() {
           cifsd-1726  [000] dL.3.    86.962297: funcgraph_entry:        0.210 us   |                        __rcu_read_lock(); (ret=0x0)
           cifsd-1726  [000] dL.3.    86.962297: funcgraph_entry:        0.210 us   |                        notifier_call_chain(); (ret=0x0)
           cifsd-1726  [000] dL.3.    86.962298: funcgraph_entry:        0.210 us   |                        __rcu_read_unlock(); (ret=0x0)
           cifsd-1726  [000] dL.3.    86.962298: funcgraph_exit:         1.560 us   |                      } (ret=0x0)
           cifsd-1726  [000] dL.3.    86.962298: funcgraph_entry:                   |                      atomic_notifier_call_chain() {
           cifsd-1726  [000] dL.3.    86.962299: funcgraph_entry:        0.200 us   |                        __rcu_read_lock(); (ret=0x0)
           cifsd-1726  [000] dL.3.    86.962299: funcgraph_entry:        0.210 us   |                        notifier_call_chain(); (ret=0x0)
           cifsd-1726  [000] dL.3.    86.962300: funcgraph_entry:        0.210 us   |                        __rcu_read_unlock(); (ret=0x0)
           cifsd-1726  [000] dL.3.    86.962300: funcgraph_exit:         1.560 us   |                      } (ret=0x0)
           cifsd-1726  [000] dL.3.    86.962300: funcgraph_entry:                   |                      atomic_notifier_call_chain() {
           cifsd-1726  [000] dL.3.    86.962300: funcgraph_entry:        0.210 us   |                        __rcu_read_lock(); (ret=0x0)
           cifsd-1726  [000] dL.3.    86.962301: funcgraph_entry:        0.210 us   |                        notifier_call_chain(); (ret=0x0)
           cifsd-1726  [000] dL.3.    86.962301: funcgraph_entry:        0.210 us   |                        __rcu_read_unlock(); (ret=0x0)
           cifsd-1726  [000] dL.3.    86.962302: funcgraph_exit:         1.560 us   |                      } (ret=0x0)
           cifsd-1726  [000] dL.3.    86.962302: funcgraph_entry:                   |                      atomic_notifier_call_chain() {
           cifsd-1726  [000] dL.3.    86.962302: funcgraph_entry:        0.200 us   |                        __rcu_read_lock(); (ret=0x0)
           cifsd-1726  [000] dL.3.    86.962303: funcgraph_entry:        0.210 us   |                        notifier_call_chain(); (ret=0x0)
           cifsd-1726  [000] dL.3.    86.962303: funcgraph_entry:        0.210 us   |                        __rcu_read_unlock(); (ret=0x0)
           cifsd-1726  [000] dL.3.    86.962304: funcgraph_exit:         1.560 us   |                      } (ret=0x0)
           cifsd-1726  [000] dL.3.    86.962304: funcgraph_entry:                   |                      atomic_notifier_call_chain() {
           cifsd-1726  [000] dL.3.    86.962304: funcgraph_entry:        0.200 us   |                        __rcu_read_lock(); (ret=0x0)
           cifsd-1726  [000] dL.3.    86.962305: funcgraph_entry:        0.210 us   |                        notifier_call_chain(); (ret=0x0)
           cifsd-1726  [000] dL.3.    86.962305: funcgraph_entry:        0.210 us   |                        __rcu_read_unlock(); (ret=0x0)
           cifsd-1726  [000] dL.3.    86.962305: funcgraph_exit:         1.560 us   |                      } (ret=0x0)
           cifsd-1726  [000] dL.3.    86.962306: funcgraph_entry:        0.220 us   |                      is_console_locked(); (ret=0x1)
           cifsd-1726  [000] dL.3.    86.962306: funcgraph_entry:                   |                      fbcon_putcs() {
           cifsd-1726  [000] dL.3.    86.962306: funcgraph_entry:        0.200 us   |                        is_console_locked(); (ret=0x1)
           cifsd-1726  [000] dL.3.    86.962307: funcgraph_entry:        0.210 us   |                        panic_in_progress(); (ret=0xffffff00)
           cifsd-1726  [000] dL.3.    86.962307: funcgraph_entry:                   |                        get_color() {
           cifsd-1726  [000] dL.3.    86.962308: funcgraph_entry:        0.200 us   |                          fb_get_color_depth(); (ret=0x18)
           cifsd-1726  [000] dL.3.    86.962308: funcgraph_exit:         0.650 us   |                        } (ret=0x0)
           cifsd-1726  [000] dL.3.    86.962308: funcgraph_entry:                   |                        get_color() {
           cifsd-1726  [000] dL.3.    86.962308: funcgraph_entry:        0.200 us   |                          fb_get_color_depth(); (ret=0x18)
           cifsd-1726  [000] dL.3.    86.962309: funcgraph_exit:         0.650 us   |                        } (ret=0x7)
           cifsd-1726  [000] dL.3.    86.962309: funcgraph_entry:                   |                        bit_putcs() {
           cifsd-1726  [000] dL.3.    86.962309: funcgraph_entry:        0.210 us   |                          fb_get_color_depth(); (ret=0x18)
           cifsd-1726  [000] dL.3.    86.962310: funcgraph_entry:        0.230 us   |                          fb_get_buffer_offset(); (ret=0xffff8c6fc74da000)
           cifsd-1726  [000] dL.3.    86.962311: funcgraph_entry:                   |                          drm_fbdev_shmem_defio_imageblit() {
           cifsd-1726  [000] dL.3.    86.962311: funcgraph_entry:        2.900 us   |                            sys_imageblit(); (ret=0x0)
           cifsd-1726  [000] dL.3.    86.962314: funcgraph_entry:                   |                            drm_fb_helper_damage_area() {
           cifsd-1726  [000] dL.3.    86.962315: funcgraph_entry:                   |                              drm_fb_helper_damage.part.0() {
           cifsd-1726  [000] dL.3.    86.962315: funcgraph_entry:        0.210 us   |                                _raw_spin_lock_irqsave(); (ret=0x82)
           cifsd-1726  [000] dL.4.    86.962315: funcgraph_entry:        0.220 us   |                                _raw_spin_unlock_irqrestore(); (ret=0x0)
           cifsd-1726  [000] dL.3.    86.962316: funcgraph_entry:        0.210 us   |                                queue_work_on(); (ret=0x0)
           cifsd-1726  [000] dL.3.    86.962316: funcgraph_exit:         1.570 us   |                              } (ret=0x0)
           cifsd-1726  [000] dL.3.    86.962316: funcgraph_exit:         2.030 us   |                            } (ret=0x0)
           cifsd-1726  [000] dL.3.    86.962317: funcgraph_exit:         5.650 us   |                          } (ret=0x0)
           cifsd-1726  [000] dL.3.    86.962317: funcgraph_exit:         7.720 us   |                        } (ret=0x0)
           cifsd-1726  [000] dL.3.    86.962317: funcgraph_exit:       + 10.890 us  |                      } (ret=0x0)
           cifsd-1726  [000] dL.3.    86.962317: funcgraph_entry:                   |                      lf() {
           cifsd-1726  [000] dL.3.    86.962318: funcgraph_entry:                   |                        atomic_notifier_call_chain() {
           cifsd-1726  [000] dL.3.    86.962318: funcgraph_entry:        0.210 us   |                          __rcu_read_lock(); (ret=0x0)
           cifsd-1726  [000] dL.3.    86.962318: funcgraph_entry:        0.210 us   |                          notifier_call_chain(); (ret=0x0)
           cifsd-1726  [000] dL.3.    86.962319: funcgraph_entry:        0.210 us   |                          __rcu_read_unlock(); (ret=0x0)
           cifsd-1726  [000] dL.3.    86.962319: funcgraph_exit:         1.790 us   |                        } (ret=0x0)
           cifsd-1726  [000] dL.3.    86.962320: funcgraph_exit:         2.250 us   |                      } (ret=0x0)
           cifsd-1726  [000] dL.3.    86.962320: funcgraph_entry:                   |                      atomic_notifier_call_chain() {
           cifsd-1726  [000] dL.3.    86.962320: funcgraph_entry:        0.200 us   |                        __rcu_read_lock(); (ret=0x0)
           cifsd-1726  [000] dL.3.    86.962321: funcgraph_entry:        0.210 us   |                        notifier_call_chain(); (ret=0x0)
           cifsd-1726  [000] dL.3.    86.962321: funcgraph_entry:        0.210 us   |                        __rcu_read_unlock(); (ret=0x0)
           cifsd-1726  [000] dL.3.    86.962321: funcgraph_exit:         1.560 us   |                      } (ret=0x0)
           cifsd-1726  [000] dL.3.    86.962322: funcgraph_entry:                   |                      set_cursor() {
           cifsd-1726  [000] dL.3.    86.962322: funcgraph_entry:        0.200 us   |                        vc_is_sel(); (ret=0x0)
           cifsd-1726  [000] dL.3.    86.962322: funcgraph_entry:        0.220 us   |                        add_softcursor(); (ret=0x0)
           cifsd-1726  [000] dL.3.    86.962323: funcgraph_entry:                   |                        fbcon_cursor() {
           cifsd-1726  [000] dL.3.    86.962323: funcgraph_entry:        0.210 us   |                          is_console_locked(); (ret=0x1)
           cifsd-1726  [000] dL.3.    86.962323: funcgraph_entry:        0.210 us   |                          __msecs_to_jiffies(); (ret=0xc8)
           cifsd-1726  [000] dL.3.    86.962324: funcgraph_entry:        0.210 us   |                          panic_in_progress(); (ret=0xffffff00)
           cifsd-1726  [000] dL.3.    86.962324: funcgraph_entry:        0.210 us   |                          queue_delayed_work_on(); (ret=0x0)
           cifsd-1726  [000] dL.3.    86.962325: funcgraph_entry:                   |                          get_color() {
           cifsd-1726  [000] dL.3.    86.962325: funcgraph_entry:        0.200 us   |                            fb_get_color_depth(); (ret=0x18)
           cifsd-1726  [000] dL.3.    86.962326: funcgraph_exit:         0.660 us   |                          } (ret=0x0)
           cifsd-1726  [000] dL.3.    86.962326: funcgraph_entry:                   |                          get_color() {
           cifsd-1726  [000] dL.3.    86.962326: funcgraph_entry:        0.210 us   |                            fb_get_color_depth(); (ret=0x18)
           cifsd-1726  [000] dL.3.    86.962326: funcgraph_exit:         0.660 us   |                          } (ret=0x7)
           cifsd-1726  [000] dL.3.    86.962327: funcgraph_entry:                   |                          bit_cursor() {
           cifsd-1726  [000] dL.3.    86.962327: funcgraph_entry:        0.210 us   |                            fb_get_color_depth(); (ret=0x18)
           cifsd-1726  [000] dL.3.    86.962327: funcgraph_entry:                   |                            soft_cursor() {
           cifsd-1726  [000] dL.3.    86.962328: funcgraph_entry:        0.200 us   |                              fb_get_buffer_offset(); (ret=0xffff8c6fc74da610)
           cifsd-1726  [000] dL.3.    86.962328: funcgraph_entry:        0.220 us   |                              fb_pad_aligned_buffer(); (ret=0x0)
           cifsd-1726  [000] dL.3.    86.962329: funcgraph_entry:                   |                              drm_fbdev_shmem_defio_imageblit() {
           cifsd-1726  [000] dL.3.    86.962329: funcgraph_entry:        0.270 us   |                                sys_imageblit(); (ret=0x0)
           cifsd-1726  [000] dL.3.    86.962329: funcgraph_entry:                   |                                drm_fb_helper_damage_area() {
           cifsd-1726  [000] dL.3.    86.962329: funcgraph_entry:                   |                                  drm_fb_helper_damage.part.0() {
           cifsd-1726  [000] dL.3.    86.962330: funcgraph_entry:        0.210 us   |                                    _raw_spin_lock_irqsave(); (ret=0x82)
           cifsd-1726  [000] dL.4.    86.962330: funcgraph_entry:        0.220 us   |                                    _raw_spin_unlock_irqrestore(); (ret=0x0)
           cifsd-1726  [000] dL.3.    86.962331: funcgraph_entry:        0.220 us   |                                    queue_work_on(); (ret=0x0)
           cifsd-1726  [000] dL.3.    86.962331: funcgraph_exit:         1.570 us   |                                  } (ret=0x0)
           cifsd-1726  [000] dL.3.    86.962331: funcgraph_exit:         2.020 us   |                                } (ret=0x0)
           cifsd-1726  [000] dL.3.    86.962332: funcgraph_exit:         2.990 us   |                              } (ret=0x0)
           cifsd-1726  [000] dL.3.    86.962332: funcgraph_exit:         4.370 us   |                            } (ret=0x0)
           cifsd-1726  [000] dL.3.    86.962332: funcgraph_exit:         5.300 us   |                          } (ret=0x0)
           cifsd-1726  [000] dL.3.    86.962332: funcgraph_exit:         9.380 us   |                        } (ret=0x0)
           cifsd-1726  [000] dL.3.    86.962332: funcgraph_exit:       + 10.750 us  |                      } (ret=0x0)
           cifsd-1726  [000] dL.3.    86.962333: funcgraph_entry:                   |                      atomic_notifier_call_chain() {
           cifsd-1726  [000] dL.3.    86.962333: funcgraph_entry:        0.210 us   |                        __rcu_read_lock(); (ret=0x0)
           cifsd-1726  [000] dL.3.    86.962333: funcgraph_entry:        0.210 us   |                        notifier_call_chain(); (ret=0x0)
           cifsd-1726  [000] dL.3.    86.962334: funcgraph_entry:        0.210 us   |                        __rcu_read_unlock(); (ret=0x0)
           cifsd-1726  [000] dL.3.    86.962334: funcgraph_exit:         1.560 us   |                      } (ret=0x0)
           cifsd-1726  [000] dL.3.    86.962334: funcgraph_entry:        0.220 us   |                      _raw_spin_unlock(); (ret=0x0)
           cifsd-1726  [000] dL.2.    86.962335: funcgraph_exit:       ! 218.600 us |                    } (ret=0x0)
           cifsd-1726  [000] dL.2.    86.962335: funcgraph_entry:                   |                    console_lock_spinning_disable_and_check() {
           cifsd-1726  [000] dL.2.    86.962335: funcgraph_entry:        0.210 us   |                      panic_in_progress(); (ret=0xffffff00)
           cifsd-1726  [000] dL.2.    86.962336: funcgraph_entry:        0.220 us   |                      _raw_spin_lock(); (ret=0x0)
           cifsd-1726  [000] dL.3.    86.962336: funcgraph_entry:        0.220 us   |                      _raw_spin_unlock(); (ret=0x0)
           cifsd-1726  [000] dL.2.    86.962337: funcgraph_exit:         1.590 us   |                    } (ret=0x0)
           cifsd-1726  [000] dL.2.    86.962337: funcgraph_entry:        0.210 us   |                    __printk_safe_exit(); (ret=0x0)
           cifsd-1726  [000] .L.2.    86.962337: funcgraph_entry:        0.210 us   |                    panic_on_other_cpu(); (ret=0x0)
           cifsd-1726  [000] .L.2.    86.962338: funcgraph_entry:        0.220 us   |                    __srcu_read_unlock(); (ret=0x0)
           cifsd-1726  [000] .L.2.    86.962338: funcgraph_exit:       ! 232.290 us |                  } (ret=0x1)
           cifsd-1726  [000] .L.2.    86.962339: funcgraph_entry:                   |                  console_flush_one_record() {
           cifsd-1726  [000] .L.2.    86.962339: funcgraph_entry:                   |                    nbcon_get_default_prio() {
           cifsd-1726  [000] .L.2.    86.962339: funcgraph_entry:        0.210 us   |                      panic_on_this_cpu(); (ret=0xffffff00)
           cifsd-1726  [000] .L.2.    86.962339: funcgraph_entry:                   |                      nbcon_get_cpu_emergency_nesting() {
           cifsd-1726  [000] .L.2.    86.962340: funcgraph_entry:        0.210 us   |                        printk_percpu_data_ready(); (ret=0x1)
           cifsd-1726  [000] .L.2.    86.962340: funcgraph_exit:         0.660 us   |                      } (ret=0xffff8c703bc1d484)
           cifsd-1726  [000] .L.2.    86.962340: funcgraph_exit:         1.550 us   |                    } (ret=0x1)
           cifsd-1726  [000] .L.2.    86.962341: funcgraph_entry:                   |                    is_printk_legacy_deferred() {
           cifsd-1726  [000] .L.2.    86.962341: funcgraph_entry:        0.200 us   |                      is_printk_cpu_sync_owner(); (ret=0xffffff00)
           cifsd-1726  [000] .L.2.    86.962341: funcgraph_exit:         0.660 us   |                    } (ret=0xffffff00)
           cifsd-1726  [000] .L.2.    86.962342: funcgraph_entry:        0.210 us   |                    __srcu_read_lock(); (ret=0x0)
           cifsd-1726  [000] .L.2.    86.962342: funcgraph_entry:                   |                    printk_get_next_message() {
           cifsd-1726  [000] .L.2.    86.962342: funcgraph_entry:                   |                      prb_read_valid() {
           cifsd-1726  [000] .L.2.    86.962343: funcgraph_entry:                   |                        _prb_read_valid() {
           cifsd-1726  [000] .L.2.    86.962343: funcgraph_entry:                   |                          desc_read_finalized_seq() {
           cifsd-1726  [000] .L.2.    86.962343: funcgraph_entry:        0.210 us   |                            desc_read(); (ret=0xffffffff)
           cifsd-1726  [000] .L.2.    86.962344: funcgraph_exit:         0.670 us   |                          } (ret=0xffffffea)
           cifsd-1726  [000] .L.2.    86.962344: funcgraph_entry:        0.230 us   |                          desc_read(); (ret=0x3)
           cifsd-1726  [000] .L.2.    86.962344: funcgraph_entry:        0.210 us   |                          panic_on_this_cpu(); (ret=0xffffff00)
           cifsd-1726  [000] .L.2.    86.962345: funcgraph_exit:         2.060 us   |                        } (ret=0x0)
           cifsd-1726  [000] .L.2.    86.962345: funcgraph_exit:         2.740 us   |                      } (ret=0x0)
           cifsd-1726  [000] .L.2.    86.962345: funcgraph_exit:         3.210 us   |                    } (ret=0x0)
           cifsd-1726  [000] .L.2.    86.962345: funcgraph_entry:        0.210 us   |                    __srcu_read_unlock(); (ret=0x0)
           cifsd-1726  [000] .L.2.    86.962346: funcgraph_exit:         7.280 us   |                  } (ret=0x1)
           cifsd-1726  [000] .L.2.    86.962346: funcgraph_entry:                   |                  __up_console_sem.isra.0() {
           cifsd-1726  [000] dL.2.    86.962346: funcgraph_entry:        0.210 us   |                    __printk_safe_enter(); (ret=0x282)
           cifsd-1726  [000] dL.2.    86.962347: funcgraph_entry:                   |                    up() {
           cifsd-1726  [000] dL.2.    86.962347: funcgraph_entry:        0.210 us   |                      _raw_spin_lock_irqsave(); (ret=0x92)
           cifsd-1726  [000] dL.3.    86.962348: funcgraph_entry:        0.220 us   |                      _raw_spin_unlock_irqrestore(); (ret=0x0)
           cifsd-1726  [000] dL.2.    86.962348: funcgraph_exit:         1.130 us   |                    } (ret=0x0)
           cifsd-1726  [000] dL.2.    86.962348: funcgraph_entry:        0.210 us   |                    __printk_safe_exit(); (ret=0x0)
           cifsd-1726  [000] .L.2.    86.962349: funcgraph_exit:         2.510 us   |                  } (ret=0x0)
           cifsd-1726  [000] .L.2.    86.962349: funcgraph_entry:                   |                  prb_read_valid() {
           cifsd-1726  [000] .L.2.    86.962349: funcgraph_entry:                   |                    _prb_read_valid() {
           cifsd-1726  [000] .L.2.    86.962349: funcgraph_entry:                   |                      desc_read_finalized_seq() {
           cifsd-1726  [000] .L.2.    86.962350: funcgraph_entry:        0.210 us   |                        desc_read(); (ret=0xffffffff)
           cifsd-1726  [000] .L.2.    86.962350: funcgraph_exit:         0.650 us   |                      } (ret=0xffffffea)
           cifsd-1726  [000] .L.2.    86.962350: funcgraph_entry:        0.220 us   |                      desc_read(); (ret=0x3)
           cifsd-1726  [000] .L.2.    86.962351: funcgraph_entry:        0.200 us   |                      panic_on_this_cpu(); (ret=0xffffff00)
           cifsd-1726  [000] .L.2.    86.962351: funcgraph_exit:         2.000 us   |                    } (ret=0x0)
           cifsd-1726  [000] .L.2.    86.962351: funcgraph_exit:         2.460 us   |                  } (ret=0x0)
           cifsd-1726  [000] .L.2.    86.962352: funcgraph_exit:       ! 248.740 us |                } (ret=0x0)
           cifsd-1726  [000] .L.1.    86.962352: funcgraph_entry:        0.250 us   |                __wake_up_klogd(); (ret=0x0)
           cifsd-1726  [000] .L.1.    86.962352: funcgraph_exit:       ! 267.130 us |              } (ret=0x52)
           cifsd-1726  [000] .L.1.    86.962353: funcgraph_exit:       ! 267.590 us |            } (ret=0x52)
           cifsd-1726  [000] .L.1.    86.962353: funcgraph_exit:       ! 268.030 us |          } (ret=0x52)
           cifsd-1726  [000] .L.1.    86.962353: funcgraph_exit:       ! 268.500 us |        } (ret=0x52)
           cifsd-1726  [000] .L.1.    86.962353: funcgraph_exit:       ! 269.910 us |      } (ret=0x0)
           cifsd-1726  [000] .L.1.    86.962353: funcgraph_exit:       ! 270.380 us |    } (ret=0x0)
           cifsd-1726  [000] .L.1.    86.962354: funcgraph_entry:        0.220 us   |    init_wait_entry(); (ret=0x0)
           cifsd-1726  [000] .L.1.    86.962354: funcgraph_entry:                   |    prepare_to_wait_event() {
           cifsd-1726  [000] .L.1.    86.962354: funcgraph_entry:        0.210 us   |      _raw_spin_lock_irqsave(); (ret=0x282)
           cifsd-1726  [000] dL.2.    86.962355: funcgraph_entry:        0.220 us   |      _raw_spin_unlock_irqrestore(); (ret=0x0)
           cifsd-1726  [000] .L.1.    86.962355: funcgraph_exit:         1.170 us   |    } (ret=0x0)
           cifsd-1726  [000] .L.1.    86.962356: funcgraph_entry:                   |    schedule() {
           cifsd-1726  [000] dL.2.    86.962356: funcgraph_entry:        0.270 us   |      rcu_note_context_switch(); (ret=0x0)
           cifsd-1726  [000] dL.2.    86.962356: funcgraph_entry:        0.230 us   |      migrate_disable_switch.isra.0(); (ret=0x0)
           cifsd-1726  [000] dL.2.    86.962357: funcgraph_entry:                   |      raw_spin_rq_lock_nested.constprop.0() {
           cifsd-1726  [000] dL.3.    86.962357: funcgraph_entry:        0.210 us   |        _raw_spin_lock(); (ret=0x0)
           cifsd-1726  [000] dL.3.    86.962358: funcgraph_exit:         0.670 us   |      } (ret=0x0)
           cifsd-1726  [000] dL.3.    86.962358: funcgraph_entry:                   |      update_rq_clock() {
           cifsd-1726  [000] dL.3.    86.962358: funcgraph_entry:        0.200 us   |        arch_scale_cpu_capacity(); (ret=0x400)
           cifsd-1726  [000] dL.3.    86.962359: funcgraph_exit:         0.720 us   |      } (ret=0x0)
           cifsd-1726  [000] dL.3.    86.962359: funcgraph_entry:                   |      dequeue_task_fair() {
           cifsd-1726  [000] dL.3.    86.962359: funcgraph_entry:                   |        __dequeue_task() {
           cifsd-1726  [000] dL.3.    86.962359: funcgraph_entry:                   |          update_curr() {
           cifsd-1726  [000] dL.3.    86.962360: funcgraph_entry:                   |            update_se() {
           cifsd-1726  [000] dL.3.    86.962360: funcgraph_entry:        0.250 us   |              cpuacct_charge(); (ret=0x0)
           cifsd-1726  [000] dL.3.    86.962360: funcgraph_exit:         0.750 us   |            } (ret=0x89a94)
           cifsd-1726  [000] dL.3.    86.962361: funcgraph_entry:                   |            dl_server_update() {
           cifsd-1726  [000] dL.3.    86.962361: funcgraph_entry:        0.220 us   |              update_curr_dl_se(); (ret=0x0)
           cifsd-1726  [000] dL.3.    86.962361: funcgraph_exit:         0.700 us   |            } (ret=0x0)
           cifsd-1726  [000] dL.3.    86.962362: funcgraph_entry:                   |            resched_curr_lazy() {
           cifsd-1726  [000] dL.3.    86.962362: funcgraph_entry:        0.220 us   |              __resched_curr(); (ret=0x0)
           cifsd-1726  [000] dL.3.    86.962362: funcgraph_exit:         0.680 us   |            } (ret=0x0)
           cifsd-1726  [000] dL.3.    86.962363: funcgraph_exit:         3.110 us   |          } (ret=0x0)
           cifsd-1726  [000] dL.3.    86.962363: funcgraph_entry:        0.220 us   |          avg_vruntime(); (ret=0x2acaffef3)
           cifsd-1726  [000] dL.3.    86.962363: funcgraph_entry:        0.230 us   |          entity_lag.isra.0(); (ret=0xfffffffffff87660)
           cifsd-1726  [000] dL.3.    86.962364: funcgraph_entry:        0.230 us   |          vruntime_eligible(); (ret=0x0)
           cifsd-1726  [000] dL.3.    86.962364: funcgraph_entry:        0.260 us   |          __update_load_avg_se(); (ret=0x1)
           cifsd-1726  [000] dL.3.    86.962365: funcgraph_entry:        0.240 us   |          __update_load_avg_cfs_rq(); (ret=0x0)
           cifsd-1726  [000] dL.3.    86.962365: funcgraph_exit:         6.110 us   |        } (ret=0x0)
           cifsd-1726  [000] dL.3.    86.962366: funcgraph_exit:         6.610 us   |      } (ret=0x0)
           cifsd-1726  [000] dL.3.    86.962366: funcgraph_entry:                   |      pick_task_fair() {
           cifsd-1726  [000] dL.3.    86.962366: funcgraph_entry:                   |        update_curr() {
           cifsd-1726  [000] dL.3.    86.962367: funcgraph_entry:        0.470 us   |          update_se(); (ret=0x0)
           cifsd-1726  [000] dL.3.    86.962367: funcgraph_exit:         0.940 us   |        } (ret=0x0)
           cifsd-1726  [000] dL.3.    86.962367: funcgraph_entry:                   |        pick_eevdf() {
           cifsd-1726  [000] dL.3.    86.962368: funcgraph_entry:        0.230 us   |          vruntime_eligible(); (ret=0x0)
           cifsd-1726  [000] dL.3.    86.962368: funcgraph_entry:        0.230 us   |          vruntime_eligible(); (ret=0x1)
           cifsd-1726  [000] dL.3.    86.962369: funcgraph_exit:         1.210 us   |        } (ret=0xffff8c6fd0c62bc0)
           cifsd-1726  [000] dL.3.    86.962369: funcgraph_exit:         2.880 us   |      } (ret=0xffff8c6fd0c62b40)
           cifsd-1726  [000] dL.3.    86.962369: funcgraph_entry:                   |      put_prev_task_fair() {
           cifsd-1726  [000] dL.3.    86.962369: funcgraph_entry:                   |        update_curr() {
           cifsd-1726  [000] dL.3.    86.962369: funcgraph_entry:        0.210 us   |          update_se(); (ret=0x0)
           cifsd-1726  [000] dL.3.    86.962370: funcgraph_exit:         0.670 us   |        } (ret=0x0)
           cifsd-1726  [000] dL.3.    86.962370: funcgraph_entry:        0.240 us   |        __update_load_avg_se(); (ret=0x0)
           cifsd-1726  [000] dL.3.    86.962371: funcgraph_entry:        0.220 us   |        __update_load_avg_cfs_rq(); (ret=0x0)
           cifsd-1726  [000] dL.3.    86.962371: funcgraph_entry:        0.280 us   |        __enqueue_entity(); (ret=0x0)
           cifsd-1726  [000] dL.3.    86.962372: funcgraph_exit:         2.730 us   |      } (ret=0x0)
           cifsd-1726  [000] dL.3.    86.962372: funcgraph_entry:                   |      set_next_task_fair() {
           cifsd-1726  [000] dL.3.    86.962372: funcgraph_entry:        0.290 us   |        __dequeue_entity(); (ret=0x0)
           cifsd-1726  [000] dL.3.    86.962373: funcgraph_entry:        0.240 us   |        __update_load_avg_se(); (ret=0x1)
           cifsd-1726  [000] dL.3.    86.962373: funcgraph_entry:        0.250 us   |        __update_load_avg_cfs_rq(); (ret=0x1)
           cifsd-1726  [000] dL.3.    86.962374: funcgraph_entry:        0.240 us   |        __update_load_avg_se(); (ret=0x1)
           cifsd-1726  [000] dL.3.    86.962374: funcgraph_entry:        0.230 us   |        __update_load_avg_cfs_rq(); (ret=0x1)
           cifsd-1726  [000] dL.3.    86.962375: funcgraph_entry:        0.230 us   |        __update_load_avg_se(); (ret=0x1)
           cifsd-1726  [000] dL.3.    86.962375: funcgraph_entry:        0.210 us   |        __update_load_avg_cfs_rq(); (ret=0x0)
           cifsd-1726  [000] dL.3.    86.962376: funcgraph_entry:                   |        reweight_eevdf() {
           cifsd-1726  [000] dL.3.    86.962376: funcgraph_entry:        0.220 us   |          avg_vruntime(); (ret=0x2acaffef3)
           cifsd-1726  [000] dL.3.    86.962377: funcgraph_entry:        0.230 us   |          entity_lag.isra.0(); (ret=0x171f3)
           cifsd-1726  [000] dL.3.    86.962377: funcgraph_exit:         1.200 us   |        } (ret=0x0)
           cifsd-1726  [000] dL.3.    86.962377: funcgraph_entry:                   |        hrtick_start_fair() {
           cifsd-1726  [000] dL.3.    86.962378: funcgraph_entry:        0.220 us   |          hrtick_start(); (ret=0x0)
           cifsd-1726  [000] dL.3.    86.962378: funcgraph_exit:         0.700 us   |        } (ret=0x0)
           cifsd-1726  [000] dL.3.    86.962378: funcgraph_exit:         6.330 us   |      } (ret=0x0)
           cifsd-1726  [000] d..3.    86.962379: funcgraph_entry:                   |      psi_task_switch() {
           cifsd-1726  [000] d..3.    86.962379: funcgraph_entry:        0.220 us   |        psi_flags_change(); (ret=0x0)
           cifsd-1726  [000] d..3.    86.962379: funcgraph_entry:                   |        psi_group_change() {
           cifsd-1726  [000] d..3.    86.962380: funcgraph_entry:        0.220 us   |          record_times(); (ret=0x0)
           cifsd-1726  [000] d..3.    86.962380: funcgraph_exit:         0.710 us   |        } (ret=0x0)
           cifsd-1726  [000] d..3.    86.962380: funcgraph_entry:                   |        psi_group_change() {
           cifsd-1726  [000] d..3.    86.962381: funcgraph_entry:        0.210 us   |          record_times(); (ret=0x0)
           cifsd-1726  [000] d..3.    86.962381: funcgraph_exit:         0.680 us   |        } (ret=0x0)
           cifsd-1726  [000] d..3.    86.962381: funcgraph_entry:        0.210 us   |        psi_flags_change(); (ret=0x0)
           cifsd-1726  [000] d..3.    86.962382: funcgraph_entry:                   |        psi_group_change() {
           cifsd-1726  [000] d..3.    86.962382: funcgraph_entry:        0.210 us   |          record_times(); (ret=0x0)
           cifsd-1726  [000] d..3.    86.962383: funcgraph_exit:         0.710 us   |        } (ret=0x0)
           cifsd-1726  [000] d..3.    86.962383: funcgraph_exit:         4.200 us   |      } (ret=0x0)
           cifsd-1726  [000] d..3.    86.962383: funcgraph_entry:        0.450 us   |      __traceiter_sched_switch(); (ret=0x0)
           cifsd-1726  [000] d..3.    86.962384: funcgraph_entry:                   |      switch_mm_irqs_off() {
           cifsd-1726  [000] d..3.    86.962384: funcgraph_entry:        0.220 us   |        mm_needs_global_asid(); (ret=0x0)
           cifsd-1726  [000] d..3.    86.962385: funcgraph_exit:         0.720 us   |      } (ret=0x0)
     kworker/0:3-249   [000] ...1.    87.535465: funcgraph_entry:                   |  cm_process_work() {
     kworker/0:3-249   [000] ...1.    87.535467: funcgraph_entry:                   |    cma_ib_handler() {
     kworker/0:3-249   [000] ...1.    87.535467: funcgraph_entry:        0.590 us   |      mutex_lock(); (ret=0x0)
     kworker/0:3-249   [000] ...1.    87.535468: funcgraph_entry:        0.270 us   |      mutex_unlock(); (ret=0x0)
     kworker/0:3-249   [000] ...1.    87.535469: funcgraph_exit:         2.050 us   |    } (ret=0x0)
     kworker/0:3-249   [000] ...1.    87.535469: funcgraph_entry:                   |    kfree() {
     kworker/0:3-249   [000] ...2.    87.535470: funcgraph_entry:        0.410 us   |      __pcs_replace_full_main(); (ret=0xffff8c703bc39620)
     kworker/0:3-249   [000] ...1.    87.535471: funcgraph_exit:         1.720 us   |    } (ret=0x0)
     kworker/0:3-249   [000] ...1.    87.535471: funcgraph_exit:         6.420 us   |  } (ret=0x0)
